"ID","Description","GeneRatio","BgRatio","pvalue","p.adjust","qvalue","geneID","Count"
"hsa05210","Colorectal cancer","58/722","86/7925",1.57193167318125e-40,4.6371984358847e-38,2.16761104407099e-38,"AKT1/AKT2/AKT3/APC/AXIN1/AXIN2/BAD/BAK1/BAX/BBC3/BCL2/BCL2L11/BIRC5/BRAF/CASP3/CASP9/CCND1/CDKN1A/CTNNB1/DDB2/EGF/EGFR/FOS/GADD45A/GSK3B/HRAS/JUN/KRAS/LEF1/MAP2K1/MAP2K2/MAPK1/MAPK3/MAPK8/MAPK9/MLH1/MSH2/MSH3/MSH6/MTOR/MYC/NRAS/PIK3CA/PMAIP1/RAC1/RAF1/RHOA/SMAD2/SMAD3/SMAD4/SOS1/TCF7L2/TGFA/TGFB1/TGFB3/TGFBR1/TGFBR2/TP53",58
"hsa05163","Human cytomegalovirus infection","93/722","225/7925",9.68097981305027e-40,1.42794452242491e-37,6.6747808184715e-38,"AKT1/AKT2/AKT3/ATF2/ATF4/B2M/BAK1/BAX/BCAR1/BID/CALM1/CALM2/CALM3/CALR/CASP3/CASP8/CASP9/CCND1/CDK4/CDK6/CDKN1A/CDKN2A/CREB1/CRK/CTNNB1/E2F1/E2F3/EGFR/EIF4EBP1/FADD/FAS/FASLG/GNA13/GNAQ/GNAS/GNG2/GSK3B/HLA-A/HLA-B/HLA-C/HLA-E/HRAS/IKBKB/IL1B/IL6/IL6R/IRF3/ITGAV/ITGB3/JAK1/KRAS/MAP2K1/MAP2K2/MAPK1/MAPK14/MAPK3/MDM2/MTOR/MYC/NFATC2/NFKB1/NFKBIA/NRAS/PDGFRA/PDIA3/PIK3CA/PRKCA/PTGS2/PTK2/PXN/RAC1/RAF1/RB1/RELA/RHEB/RHOA/ROCK1/ROCK2/SOS1/SP1/SRC/STAT3/TAP1/TAPBP/TBK1/TMEM173/TNF/TNFRSF1A/TP53/TRAF2/TSC1/TSC2/VEGFA",93
"hsa05161","Hepatitis B","78/722","162/7925",3.56617802003785e-39,3.50674171970389e-37,1.63919059868407e-37,"AKT1/AKT2/AKT3/APAF1/ATF2/ATF4/BAD/BAX/BCL2/BID/BIRC5/BRAF/CASP3/CASP8/CASP9/CDK2/CDKN1A/CREB1/CREBBP/DDB2/DDX3X/E2F1/E2F3/EP300/FADD/FAS/FASLG/FOS/HRAS/IFNAR1/IKBKB/IL6/IRF3/JAK1/JAK2/JUN/KRAS/MAP2K1/MAP2K2/MAP2K4/MAP2K7/MAP3K1/MAP3K7/MAPK1/MAPK14/MAPK3/MAPK8/MAPK9/MAVS/MYC/MYD88/NFATC2/NFKB1/NFKBIA/NRAS/PCNA/PIK3CA/PRKCA/RAF1/RB1/RELA/SMAD3/SMAD4/SOS1/SRC/STAT1/STAT2/STAT3/STAT5A/STAT5B/STAT6/TBK1/TGFB1/TGFB3/TGFBR1/TGFBR2/TNF/TP53",78
"hsa05212","Pancreatic cancer","52/722","75/7925",2.2655176784259e-37,1.50628482849916e-35,7.04097457746264e-36,"AKT1/AKT2/AKT3/BAD/BAK1/BAX/BCL2L1/BRAF/CASP9/CCND1/CDC42/CDK4/CDK6/CDKN1A/CDKN2A/DDB2/E2F1/E2F3/EGF/EGFR/ERBB2/GADD45A/IKBKB/JAK1/KRAS/MAP2K1/MAPK1/MAPK3/MAPK8/MAPK9/MTOR/NFKB1/PIK3CA/PLD1/RAC1/RAD51/RAF1/RALBP1/RB1/RELA/SMAD2/SMAD3/SMAD4/STAT1/STAT3/TGFA/TGFB1/TGFB3/TGFBR1/TGFBR2/TP53/VEGFA",52
"hsa05166","Human T-cell leukemia virus 1 infection","89/722","219/7925",2.55302513304943e-37,1.50628482849916e-35,7.04097457746264e-36,"AKT1/AKT2/AKT3/ATF2/ATF4/ATM/ATR/B2M/BAX/BCL2L1/BUB1B/CALR/CANX/CCND1/CCND3/CDK2/CDK4/CDKN1A/CDKN2A/CDKN2B/CDKN2C/CHEK1/CHEK2/CREB1/CREBBP/E2F1/E2F3/EGR1/ELK4/EP300/ETS1/FOS/FOSL1/HLA-A/HLA-B/HLA-C/HLA-DPB1/HLA-DRB1/HLA-E/HRAS/ICAM1/IKBKB/IL6/JAK1/JUN/KAT5/KRAS/MAD1L1/MAP2K1/MAP2K2/MAP2K4/MAP3K1/MAP3K14/MAPK1/MAPK3/MAPK8/MAPK9/MYC/NFATC2/NFKB1/NFKBIA/NRAS/NRP1/PIK3CA/PTEN/PTTG1/RB1/RELA/SLC25A4/SLC2A1/SMAD2/SMAD3/SMAD4/SRF/STAT5A/STAT5B/TBP/TGFB1/TGFB3/TGFBR1/TGFBR2/TNF/TNFRSF1A/TP53/TRRAP/VDAC1/VDAC2/XIAP/XPO1",89
"hsa05220","Chronic myeloid leukemia","52/722","76/7925",6.57388047233882e-37,3.23215789889992e-35,1.51083919627436e-35,"ABL1/AKT1/AKT2/AKT3/BAD/BAK1/BAX/BCL2L1/BRAF/CCND1/CDK4/CDK6/CDKN1A/CDKN1B/CDKN2A/CRK/CTBP1/DDB2/E2F1/E2F3/GADD45A/HDAC1/HDAC2/HRAS/IKBKB/KRAS/MAP2K1/MAP2K2/MAPK1/MAPK3/MDM2/MYC/NFKB1/NFKBIA/NRAS/PIK3CA/PTPN11/RAF1/RB1/RELA/RUNX1/SHC1/SMAD3/SMAD4/SOS1/STAT5A/STAT5B/TGFB1/TGFB3/TGFBR1/TGFBR2/TP53",52
"hsa05167","Kaposi sarcoma-associated herpesvirus infection","80/722","186/7925",1.06943286352378e-35,4.50689563913591e-34,2.10670233265586e-34,"AKT1/AKT2/AKT3/BAK1/BAX/BECN1/BID/CALM1/CALM2/CALM3/CASP3/CASP8/CASP9/CCND1/CDK4/CDK6/CDKN1A/CREB1/CREBBP/CTNNB1/CXCL1/E2F1/E2F3/EP300/FADD/FAS/FGF2/FOS/GNG2/GSK3B/HIF1A/HLA-A/HLA-B/HLA-C/HLA-E/HRAS/ICAM1/IFNAR1/IFNAR2/IKBKB/IL6/IL6ST/IRF3/IRF9/JAK1/JAK2/JUN/KRAS/MAP2K1/MAP2K2/MAP2K4/MAP2K7/MAPK1/MAPK14/MAPK3/MAPK8/MAPK9/MICA/MTOR/MYC/NFATC2/NFKB1/NFKBIA/NRAS/PIK3CA/PTGS2/RAC1/RAF1/RB1/RCAN1/RELA/SRC/STAT1/STAT2/STAT3/TBK1/TNFRSF1A/TP53/TRAF2/VEGFA",80
"hsa04210","Apoptosis","67/722","136/7925",1.6913868786856e-34,6.23698911515316e-33,2.91541685668176e-33,"ACTB/AIFM1/AKT1/AKT2/AKT3/APAF1/ATF4/ATM/BAD/BAK1/BAX/BBC3/BCL2/BCL2A1/BCL2L1/BCL2L11/BID/BIRC3/BIRC5/CAPN1/CASP2/CASP3/CASP7/CASP8/CASP9/CFLAR/CTSB/CTSK/DAB2IP/DAXX/DIABLO/FADD/FAS/FASLG/FOS/GADD45A/GZMB/HRAS/HTRA2/IKBKB/JUN/KRAS/MAP2K1/MAP2K2/MAP3K14/MAPK1/MAPK3/MAPK8/MAPK9/MCL1/NFKB1/NFKBIA/NRAS/PARP1/PDPK1/PIK3CA/PMAIP1/RAF1/RELA/TNF/TNFRSF10B/TNFRSF1A/TNFSF10/TP53/TRAF2/TUBA1B/XIAP",67
"hsa01521","EGFR tyrosine kinase inhibitor resistance","51/722","79/7925",2.72373873553784e-34,8.92781029981849e-33,4.17321373515155e-33,"AKT1/AKT2/AKT3/AXL/BAD/BAX/BCL2/BCL2L1/BCL2L11/BRAF/EGF/EGFR/EIF4E/EIF4EBP1/ERBB2/ERBB3/FGF2/FGFR3/FOXO3/GAB1/GSK3B/HGF/HRAS/IGF1/IGF1R/IL6/IL6R/JAK1/JAK2/KRAS/MAP2K1/MAP2K2/MAPK1/MAPK3/MET/MTOR/NF1/NRAS/NRG1/PDGFRA/PIK3CA/PRKCA/PTEN/RAF1/RPS6/SHC1/SOS1/SRC/STAT3/TGFA/VEGFA",51
"hsa05206","MicroRNAs in cancer","102/722","310/7925",2.47640489772944e-33,7.30539444830185e-32,3.41483201686902e-32,"ABCC1/ABL1/APC/ATM/BAK1/BCL2/BCL2L11/BMI1/BRCA1/CASP3/CCND1/CD44/CDC25C/CDCA5/CDK6/CDKN1A/CDKN1B/CDKN2A/COMMD3-BMI1/CREBBP/CRK/DICER1/DNMT1/DNMT3A/E2F1/E2F3/EGFR/EP300/ERBB2/ERBB3/EZH2/FGFR3/FSCN1/HDAC1/HDAC2/HMGA2/HMOX1/HNRNPK/HRAS/IKBKB/IRS1/ITGA5/ITGB3/KIF23/KRAS/MAP2K1/MAP2K2/MAPK1/MAPK3/MARCKS/MCL1/MDM2/MDM4/MET/MIR137/MIR146A/MIR155/MIR193B/MIR199A2/MIR200B/MIR203A/MIR205/MIR206/MIR21/MIR214/MIR221/MIR222/MIR29A/MIR31/MIR34A/MIRLET7B/MTOR/MYC/NFKB1/NOTCH1/NRAS/PDGFRA/PIK3CA/PRKCA/PRKCE/PTEN/PTGS2/RAF1/RASSF1/RHOA/ROCK1/SHC1/SIRT1/SOS1/SOX4/SPRY2/STAT3/STMN1/THBS1/TIMP3/TNC/TP53/TPM1/UBE2I/VEGFA/VIM/ZEB2",102
"hsa05215","Prostate cancer","55/722","97/7925",1.21024031396515e-32,3.24564447836108e-31,1.51714336009028e-31,"AKT1/AKT2/AKT3/ATF4/BAD/BCL2/BRAF/CASP9/CCND1/CDK2/CDKN1A/CDKN1B/CREB1/CREBBP/CTNNB1/E2F1/E2F3/EGF/EGFR/EP300/ERBB2/ETV5/FGFR1/GSK3B/GSTP1/HRAS/HSP90AA1/HSP90B1/IGF1/IGF1R/IKBKB/KRAS/LEF1/MAP2K1/MAP2K2/MAPK1/MAPK3/MDM2/MMP3/MTOR/NFKB1/NFKBIA/NRAS/PDGFRA/PDPK1/PIK3CA/PLAT/PTEN/RAF1/RB1/RELA/SOS1/TCF7L2/TGFA/TP53",55
"hsa05169","Epstein-Barr virus infection","79/722","201/7925",6.30397227765913e-32,1.54972651825787e-30,7.24403831906444e-31,"AKT1/AKT2/AKT3/APAF1/B2M/BAK1/BAX/BCL2/BCL2L11/BID/CALR/CASP3/CASP8/CASP9/CCND1/CCND3/CD44/CDK2/CDK4/CDK6/CDKN1A/CDKN1B/DDB2/E2F1/E2F3/FADD/FAS/GADD45A/HDAC1/HDAC2/HES1/HLA-A/HLA-B/HLA-C/HLA-DPB1/HLA-DRB1/HLA-E/ICAM1/IFNAR1/IFNAR2/IKBKB/IL6/IRF3/IRF9/ISG15/JAK1/JUN/MAP2K4/MAP2K7/MAP3K14/MAP3K7/MAPK14/MAPK8/MAPK9/MAVS/MDM2/MYC/MYD88/NFKB1/NFKBIA/PDIA3/PIK3CA/PSMD2/PSMD7/RAC1/RB1/RELA/RUNX3/SKP2/STAT1/STAT2/STAT3/TAP1/TAPBP/TBK1/TNF/TP53/TRAF2/VIM",79
"hsa05205","Proteoglycans in cancer","79/722","204/7925",2.13961054189968e-31,4.85527007584928e-30,2.26954640476808e-30,"ACTB/AKT1/AKT2/AKT3/BRAF/CASP3/CAV1/CCND1/CD44/CDC42/CDKN1A/CTNNB1/CTTN/EGFR/ERBB2/ERBB3/ESR1/FAS/FASLG/FGF2/FGFR1/FLNA/FLNB/FN1/FRS2/GAB1/HGF/HIF1A/HRAS/IGF1/IGF1R/ITGA5/ITGAV/ITGB1/ITGB3/KRAS/MAP2K1/MAP2K2/MAPK1/MAPK14/MAPK3/MDM2/MET/MIR21/MMP2/MSN/MTOR/MYC/NRAS/PAK1/PDPK1/PIK3CA/PLAUR/PRKCA/PTK2/PTPN11/PXN/RAC1/RAF1/RHOA/ROCK1/ROCK2/RPS6/SDC1/SDC4/SLC9A1/SMAD2/SOS1/SRC/STAT3/TGFB1/THBS1/TIAM1/TIMP3/TNF/TP53/TWIST1/VEGFA/VTN",79
"hsa04218","Cellular senescence","69/722","160/7925",6.20691287830028e-31,1.30788521364184e-29,6.11357584253637e-30,"AKT1/AKT2/AKT3/ATM/ATR/BTRC/CALM1/CALM2/CALM3/CAPN1/CCNB1/CCND1/CCND3/CDK1/CDK2/CDK4/CDK6/CDKN1A/CDKN2A/CDKN2B/CHEK1/CHEK2/E2F1/E2F3/EIF4EBP1/ETS1/FOXM1/FOXO3/GADD45A/HLA-A/HLA-B/HLA-C/HLA-E/HRAS/IGFBP3/IL1A/IL6/KRAS/MAP2K1/MAP2K2/MAPK1/MAPK14/MAPK3/MDM2/MTOR/MYC/NFATC2/NFKB1/NRAS/PIK3CA/PTEN/RAF1/RB1/RELA/RHEB/SIRT1/SLC25A4/SMAD2/SMAD3/TGFB1/TGFB3/TGFBR1/TGFBR2/TP53/TRPM7/TSC1/TSC2/VDAC1/VDAC2",69
"hsa04068","FoxO signaling pathway","62/722","131/7925",1.06636177539434e-30,2.09717815827553e-29,9.80304509309884e-30,"AKT1/AKT2/AKT3/ATG12/ATM/BCL2L11/BCL6/BNIP3/BRAF/CAT/CCNB1/CCND1/CDK2/CDKN1A/CDKN1B/CDKN2B/CDKN2D/CREBBP/EGF/EGFR/EP300/FASLG/FOXO3/GADD45A/HRAS/IGF1/IGF1R/IKBKB/IL10/IL6/IRS1/KRAS/MAP2K1/MAP2K2/MAPK1/MAPK14/MAPK3/MAPK8/MAPK9/MDM2/NRAS/PDPK1/PIK3CA/PLK1/PRKAA1/PTEN/RAF1/SGK3/SIRT1/SKP2/SMAD3/SMAD4/SOD2/SOS1/STAT3/STK11/STK4/TGFB1/TGFB3/TGFBR1/TGFBR2/TNFSF10",62
"hsa05165","Human papillomavirus infection","101/722","330/7925",4.95110697249853e-30,9.12860348054417e-29,4.26707245656123e-29,"AKT1/AKT2/AKT3/APC/ATM/ATR/AXIN1/AXIN2/BAD/BAK1/BAX/BCAP31/CASP3/CASP8/CCND1/CCND3/CDC42/CDK2/CDK4/CDK6/CDKN1A/CDKN1B/COL4A1/COL4A2/CREB1/CREBBP/CSNK1A1/CTNNB1/E2F1/EGF/EGFR/EIF4EBP1/EP300/FADD/FAS/FASLG/FN1/GNAS/GSK3B/HDAC1/HDAC2/HES1/HLA-A/HLA-B/HLA-C/HLA-E/HRAS/IFNAR1/IFNAR2/IKBKB/IRF3/IRF9/ISG15/ITGA5/ITGAV/ITGB1/ITGB3/JAG1/JAK1/KRAS/LLGL1/MAML1/MAP2K1/MAP2K2/MAPK1/MAPK3/MDM2/MTOR/NFKB1/NOTCH1/NRAS/PIK3CA/PPP2R1A/PRKCI/PTEN/PTGS2/PTK2/PXN/RAF1/RB1/RELA/RHEB/SLC9A3R1/SOS1/SPP1/STAT1/STAT2/TBK1/TBP/TCF7L2/THBS1/THBS2/TNC/TNF/TNFRSF1A/TP53/TSC1/TSC2/UBR4/VEGFA/VTN",101
"hsa05213","Endometrial cancer","40/722","58/7925",8.12770598933661e-29,1.41039603932606e-27,6.59275222664455e-28,"AKT1/AKT2/AKT3/APC/AXIN1/AXIN2/BAD/BAK1/BAX/BRAF/CASP9/CCND1/CDH1/CDKN1A/CTNNB1/DDB2/EGF/EGFR/ERBB2/FOXO3/GADD45A/GSK3B/HRAS/ILK/KRAS/LEF1/MAP2K1/MAP2K2/MAPK1/MAPK3/MLH1/MYC/NRAS/PDPK1/PIK3CA/PTEN/RAF1/SOS1/TCF7L2/TP53",40
"hsa05170","Human immunodeficiency virus 1 infection","77/722","212/7925",2.01294085461652e-28,3.29898640062151e-27,1.54207749681148e-27,"AKT1/AKT2/AKT3/APOBEC3B/ATM/ATR/B2M/BAD/BAK1/BAX/BCL2/BCL2L1/BID/BST2/BTRC/CALM1/CALM2/CALM3/CALR/CASP3/CASP8/CASP9/CCNB1/CDC25C/CDK1/CHEK1/CRK/CUL1/FADD/FAS/FASLG/FOS/GNAQ/GNG2/HLA-A/HLA-B/HLA-C/HLA-E/HRAS/IKBKB/IRF3/JUN/KRAS/MAP2K1/MAP2K2/MAP2K7/MAP3K7/MAPK1/MAPK14/MAPK3/MAPK8/MAPK9/MTOR/MYD88/NFATC2/NFKB1/NFKBIA/NRAS/PAK1/PAK2/PDIA3/PIK3CA/PRKCA/PTK2/PXN/RAC1/RAF1/RELA/TAP1/TAPBP/TBK1/TMEM173/TNF/TNFRSF1A/TNFRSF1B/TRAF2/WEE1",77
"hsa05223","Non-small cell lung cancer","42/722","66/7925",4.97750016626232e-28,7.72822394235466e-27,3.61247934504357e-27,"AKT1/AKT2/AKT3/BAD/BAK1/BAX/BRAF/CASP9/CCND1/CDK4/CDK6/CDKN1A/CDKN2A/DDB2/E2F1/E2F3/EGF/EGFR/ERBB2/FOXO3/GADD45A/HRAS/KRAS/MAP2K1/MAP2K2/MAPK1/MAPK3/NRAS/PDPK1/PIK3CA/PRKCA/RAF1/RASSF1/RB1/RXRA/SOS1/STAT3/STAT5A/STAT5B/STK4/TGFA/TP53",42
"hsa04151","PI3K-Akt signaling pathway","102/722","354/7925",6.36388740102459e-28,9.38673391651128e-27,4.38773289228538e-27,"AKT1/AKT2/AKT3/ATF2/ATF4/BAD/BCL2/BCL2L1/BCL2L11/BRCA1/CASP9/CCND1/CCND3/CDK2/CDK4/CDK6/CDKN1A/CDKN1B/COL4A1/COL4A2/CREB1/EGF/EGFR/EIF4E/EIF4EBP1/EPHA2/ERBB2/ERBB3/F2R/FASLG/FGF2/FGFR1/FGFR3/FN1/FOXO3/GNG2/GSK3B/HGF/HRAS/HSP90AA1/HSP90B1/IFNAR1/IFNAR2/IGF1/IGF1R/IKBKB/IL6/IL6R/IRS1/ITGA5/ITGAV/ITGB1/ITGB3/JAK1/JAK2/KIT/KITLG/KRAS/MAP2K1/MAP2K2/MAPK1/MAPK3/MCL1/MDM2/MET/MTOR/MYB/MYC/NFKB1/NGFR/NR4A1/NRAS/OSMR/PDGFRA/PDPK1/PHLPP1/PIK3CA/PKN1/PPP2R1A/PRKAA1/PRKCA/PTEN/PTK2/RAC1/RAF1/RELA/RHEB/RPS6/RXRA/SGK3/SOS1/SPP1/STK11/TGFA/THBS1/THBS2/TNC/TP53/TSC1/TSC2/VEGFA/VTN",102
"hsa01522","Endocrine resistance","50/722","98/7925",7.27886531470392e-27,1.02250727039888e-25,4.77960579562012e-26,"AKT1/AKT2/AKT3/BAD/BAX/BCL2/BRAF/CARM1/CCND1/CDK4/CDKN1A/CDKN1B/CDKN2A/CDKN2C/E2F1/E2F3/EGFR/ERBB2/ESR1/FOS/GNAS/HRAS/IGF1/IGF1R/JAG1/JUN/KRAS/MAP2K1/MAP2K2/MAPK1/MAPK14/MAPK3/MAPK8/MAPK9/MDM2/MED1/MMP2/MTOR/NCOA3/NOTCH1/NRAS/PIK3CA/PTK2/RAF1/RB1/SHC1/SOS1/SP1/SRC/TP53",50
"hsa04510","Focal adhesion","72/722","199/7925",1.72104931928665e-26,2.30777067813437e-25,1.07874383170599e-25,"ACTB/ACTN4/AKT1/AKT2/AKT3/BAD/BCAR1/BCL2/BIRC3/BRAF/CAV1/CCND1/CCND3/CDC42/COL4A1/COL4A2/CRK/CTNNB1/DIAPH1/EGF/EGFR/ERBB2/FLNA/FLNB/FN1/FYN/GSK3B/HGF/HRAS/IGF1/IGF1R/ILK/ITGA5/ITGAV/ITGB1/ITGB3/JUN/MAP2K1/MAPK1/MAPK3/MAPK8/MAPK9/MET/PAK1/PAK2/PDGFRA/PDPK1/PIK3CA/PRKCA/PTEN/PTK2/PXN/RAC1/RAF1/RAP1A/RAP1B/RHOA/ROCK1/ROCK2/SHC1/SOS1/SPP1/SRC/THBS1/THBS2/TNC/VASP/VCL/VEGFA/VTN/XIAP/ZYX",72
"hsa04933","AGE-RAGE signaling pathway in diabetic complications","50/722","100/7925",2.46782535995781e-26,3.16525426603284e-25,1.47956577645068e-25,"AKT1/AKT2/AKT3/BAX/BCL2/CASP3/CCND1/CDC42/CDK4/CDKN1B/COL4A1/COL4A2/DIAPH1/EGR1/FN1/HRAS/ICAM1/IL1A/IL1B/IL6/JAK2/JUN/KRAS/MAPK1/MAPK14/MAPK3/MAPK8/MAPK9/MMP2/NFKB1/NRAS/PIK3CA/PRKCA/PRKCD/PRKCE/RAC1/RELA/SMAD2/SMAD3/SMAD4/STAT1/STAT3/STAT5A/STAT5B/TGFB1/TGFB3/TGFBR1/TGFBR2/TNF/VEGFA",50
"hsa04010","MAPK signaling pathway","89/722","295/7925",5.8181998136805e-26,7.15153727098228e-25,3.34291305084274e-25,"AKT1/AKT2/AKT3/ARRB1/ATF2/ATF4/BRAF/CASP3/CDC42/CRK/DAXX/DUSP6/EGF/EGFR/ELK4/EPHA2/ERBB2/ERBB3/FAS/FASLG/FGF2/FGFR1/FGFR3/FLNA/FLNB/FOS/GADD45A/HGF/HRAS/HSPA1A/HSPA1B/HSPA8/HSPB1/IGF1/IGF1R/IKBKB/IL1A/IL1B/JUN/JUND/KIT/KITLG/KRAS/MAP2K1/MAP2K2/MAP2K4/MAP2K7/MAP3K1/MAP3K13/MAP3K14/MAP3K7/MAPK1/MAPK14/MAPK3/MAPK8/MAPK9/MET/MYC/MYD88/NF1/NFKB1/NGFR/NR4A1/NRAS/PAK1/PAK2/PDGFRA/PLA2G4A/PRKCA/RAC1/RAF1/RAP1A/RAP1B/RASA1/RELA/SOS1/SRF/STK4/STMN1/TGFA/TGFB1/TGFB3/TGFBR1/TGFBR2/TNF/TNFRSF1A/TP53/TRAF2/VEGFA",89
"hsa05225","Hepatocellular carcinoma","65/722","168/7925",6.61445311894487e-26,7.80505468035495e-25,3.64839308876538e-25,"ACTB/AKT1/AKT2/AKT3/APC/AXIN1/AXIN2/BAD/BAK1/BAX/BCL2L1/BRAF/CCND1/CDK4/CDK6/CDKN1A/CDKN2A/CSNK1A1/CTNNB1/DDB2/E2F1/E2F3/EGFR/GAB1/GADD45A/GSK3B/GSTM2/GSTP1/HGF/HMOX1/HRAS/IGF1R/KRAS/LEF1/MAP2K1/MAP2K2/MAPK1/MAPK3/MET/MTOR/MYC/NQO1/NRAS/PBRM1/PIK3CA/PRKCA/PTEN/RAF1/RB1/SHC1/SMAD2/SMAD3/SMAD4/SMARCA2/SMARCA4/SMARCB1/SOS1/TCF7L2/TGFA/TGFB1/TGFB3/TGFBR1/TGFBR2/TP53/TXNRD1",65
"hsa05160","Hepatitis C","62/722","155/7925",1.10675610763251e-25,1.25574250673689e-24,5.86984008501454e-25,"AKT1/AKT2/AKT3/APAF1/BAD/BAK1/BAX/BID/BRAF/CASP3/CASP8/CASP9/CCND1/CD81/CDK2/CDK4/CDK6/CDKN1A/CFLAR/CTNNB1/E2F1/E2F3/EGF/EGFR/FADD/FAS/FASLG/GSK3B/HRAS/IFNAR1/IFNAR2/IKBKB/IRF3/IRF9/JAK1/KRAS/LDLR/MAP2K1/MAP2K2/MAPK1/MAPK3/MAVS/MYC/NFKB1/NFKBIA/NRAS/PIK3CA/PPARA/PPP2R1A/RAF1/RB1/RELA/RXRA/SOS1/STAT1/STAT2/STAT3/TBK1/TNF/TNFRSF1A/TP53/TRAF2",62
"hsa05162","Measles","58/722","138/7925",2.06451327639292e-25,2.25567191309597e-24,1.0543907961305e-24,"ADAR/AKT1/AKT2/AKT3/APAF1/BAD/BAK1/BAX/BBC3/BCL2/BCL2L1/BID/CASP3/CASP8/CASP9/CCND1/CCND3/CD46/CDK2/CDK4/CDK6/CDKN1B/CSNK2A1/FADD/FAS/FASLG/FOS/GSK3B/HSPA1A/HSPA1B/HSPA8/IFNAR1/IFNAR2/IKBKB/IL1A/IL1B/IL6/IRF3/IRF9/JAK1/JUN/MAP3K7/MAPK8/MAPK9/MAVS/MSN/MYD88/NFKB1/NFKBIA/PIK3CA/RELA/STAT1/STAT2/STAT3/STAT5A/STAT5B/TBK1/TP53",58
"hsa05211","Renal cell carcinoma","40/722","69/7925",1.62213626891234e-24,1.7090364261755e-23,7.98871621156078e-24,"AKT1/AKT2/AKT3/ARNT/BAD/BRAF/CDC42/CDKN1A/CREBBP/CRK/EGLN1/EP300/EPAS1/ETS1/GAB1/HGF/HIF1A/HRAS/JUN/KRAS/MAP2K1/MAP2K2/MAPK1/MAPK3/MET/NRAS/PAK1/PAK2/PIK3CA/PTPN11/RAC1/RAF1/RAP1A/RAP1B/SLC2A1/SOS1/TGFA/TGFB1/TGFB3/VEGFA",40
"hsa05214","Glioma","41/722","75/7925",9.57370897003437e-24,9.73877291779358e-23,4.55228992767515e-23,"AKT1/AKT2/AKT3/BAK1/BAX/BRAF/CALM1/CALM2/CALM3/CCND1/CDK4/CDK6/CDKN1A/CDKN2A/DDB2/E2F1/E2F3/EGF/EGFR/GADD45A/HRAS/IGF1/IGF1R/KRAS/MAP2K1/MAP2K2/MAPK1/MAPK3/MDM2/MTOR/NRAS/PDGFRA/PIK3CA/PRKCA/PTEN/RAF1/RB1/SHC1/SOS1/TGFA/TP53",41
"hsa04115","p53 signaling pathway","40/722","72/7925",1.49640731257131e-23,1.42400050712431e-22,6.65634492179426e-23,"APAF1/ATM/ATR/BAX/BBC3/BCL2/BCL2L1/BID/CASP3/CASP8/CASP9/CCNB1/CCND1/CCND3/CD82/CDK1/CDK2/CDK4/CDK6/CDKN1A/CDKN2A/CHEK1/CHEK2/DDB2/FAS/GADD45A/IGF1/IGFBP3/MDM2/MDM4/PMAIP1/PTEN/RRM2/RRM2B/SESN2/THBS1/TNFRSF10B/TP53/TP53I3/TSC2",40
"hsa05218","Melanoma","40/722","72/7925",1.49640731257131e-23,1.42400050712431e-22,6.65634492179426e-23,"AKT1/AKT2/AKT3/BAD/BAK1/BAX/BRAF/CCND1/CDH1/CDK4/CDK6/CDKN1A/CDKN2A/DDB2/E2F1/E2F3/EGF/EGFR/FGF2/FGFR1/GADD45A/HGF/HRAS/IGF1/IGF1R/KRAS/MAP2K1/MAP2K2/MAPK1/MAPK3/MDM2/MET/MITF/NRAS/PDGFRA/PIK3CA/PTEN/RAF1/RB1/TP53",40
"hsa04668","TNF signaling pathway","50/722","112/7925",1.75939886520115e-23,1.62194582885731e-22,7.58162010991286e-23,"AKT1/AKT2/AKT3/ATF2/ATF4/BAG4/BCL3/BIRC3/CASP3/CASP7/CASP8/CEBPB/CFLAR/CREB1/CXCL1/DAB2IP/DNM1L/FADD/FAS/FOS/ICAM1/IKBKB/IL1B/IL6/JAG1/JUN/JUNB/LIF/MAP2K1/MAP2K4/MAP2K7/MAP3K14/MAP3K7/MAPK1/MAPK14/MAPK3/MAPK8/MAPK9/MMP14/MMP3/NFKB1/NFKBIA/PIK3CA/PTGS2/RELA/RIPK3/TNF/TNFRSF1A/TNFRSF1B/TRAF2",50
"hsa01524","Platinum drug resistance","40/722","73/7925",3.0303263595736e-23,2.70892810931579e-22,1.26626077545181e-22,"AKT1/AKT2/AKT3/APAF1/ATM/BAD/BAK1/BAX/BBC3/BCL2/BCL2L1/BID/BIRC3/BIRC5/BRCA1/CASP3/CASP8/CASP9/CDKN1A/CDKN2A/ERBB2/ERCC1/FADD/FAS/FASLG/GSTM2/GSTP1/MAPK1/MAPK3/MDM2/MLH1/MSH2/MSH3/MSH6/PDPK1/PIK3CA/PMAIP1/TP53/XIAP/XPA",40
"hsa05219","Bladder cancer","30/722","41/7925",4.17661054249775e-23,3.62382385304952e-22,1.6939194460285e-22,"BRAF/CCND1/CDH1/CDK4/CDKN1A/CDKN2A/E2F1/E2F3/EGF/EGFR/ERBB2/FGFR3/HRAS/KRAS/MAP2K1/MAP2K2/MAPK1/MAPK3/MDM2/MMP1/MMP2/MYC/NRAS/RAF1/RASSF1/RB1/SRC/THBS1/TP53/VEGFA",30
"hsa04012","ErbB signaling pathway","43/722","85/7925",4.67597064301317e-23,3.94117525625396e-22,1.84226211799918e-22,"ABL1/AKT1/AKT2/AKT3/BAD/BRAF/CDKN1A/CDKN1B/CRK/EGF/EGFR/EIF4EBP1/ERBB2/ERBB3/GAB1/GSK3B/HRAS/JUN/KRAS/MAP2K1/MAP2K2/MAP2K4/MAP2K7/MAPK1/MAPK3/MAPK8/MAPK9/MTOR/MYC/NRAS/NRG1/PAK1/PAK2/PIK3CA/PRKCA/PTK2/RAF1/SHC1/SOS1/SRC/STAT5A/STAT5B/TGFA",43
"hsa04722","Neurotrophin signaling pathway","51/722","119/7925",6.26088010646301e-23,5.13044342057385e-22,2.39817337411302e-22,"ABL1/AKT1/AKT2/AKT3/ATF4/BAD/BAX/BCL2/BRAF/CALM1/CALM2/CALM3/CDC42/CRK/FASLG/FOXO3/FRS2/GAB1/GSK3B/HRAS/IKBKB/IRS1/JUN/KIDINS220/KRAS/MAP2K1/MAP2K2/MAP2K7/MAP3K1/MAPK1/MAPK14/MAPK3/MAPK8/MAPK9/NFKB1/NFKBIA/NGFR/NRAS/PDPK1/PIK3CA/PRKCD/PTPN11/RAC1/RAF1/RAP1A/RAP1B/RELA/RHOA/SHC1/SOS1/TP53",51
"hsa04110","Cell cycle","52/722","124/7925",7.95044313676535e-23,6.33886682525886e-22,2.96303855168211e-22,"ABL1/ATM/ATR/BUB1B/CCNB1/CCND1/CCND3/CDC25C/CDC7/CDK1/CDK2/CDK4/CDK6/CDKN1A/CDKN1B/CDKN1C/CDKN2A/CDKN2B/CDKN2C/CDKN2D/CHEK1/CHEK2/CREBBP/CUL1/DBF4/E2F1/E2F3/EP300/GADD45A/GSK3B/HDAC1/HDAC2/MAD1L1/MCM2/MCM3/MDM2/MYC/PCNA/PKMYT1/PLK1/PTTG1/RB1/SKP2/SMAD2/SMAD3/SMAD4/SMC1A/STAG2/TGFB1/TGFB3/TP53/WEE1",52
"hsa05222","Small cell lung cancer","44/722","92/7925",2.70359534278737e-22,2.09884375295335e-21,9.81083074529488e-22,"AKT1/AKT2/AKT3/APAF1/BAK1/BAX/BCL2/BCL2L1/BIRC3/BIRC7/CASP3/CASP9/CCND1/CDK2/CDK4/CDK6/CDKN1A/CDKN1B/CDKN2B/CKS1B/COL4A1/COL4A2/DDB2/E2F1/E2F3/FN1/GADD45A/IKBKB/ITGAV/ITGB1/MYC/NFKB1/NFKBIA/PIK3CA/PTEN/PTGS2/PTK2/RB1/RELA/RXRA/SKP2/TP53/TRAF2/XIAP",44
"hsa04215","Apoptosis - multiple species","26/722","32/7925",3.12004344737805e-22,2.36003286404237e-21,1.10317325669777e-21,"APAF1/BAK1/BAX/BBC3/BCL2/BCL2L1/BCL2L11/BECN1/BID/BIRC3/BIRC5/BIRC6/BIRC7/CASP3/CASP7/CASP8/CASP9/DIABLO/FADD/HTRA2/MAPK8/MAPK9/NGFR/PMAIP1/TNFRSF1A/XIAP",26
"hsa05224","Breast cancer","56/722","147/7925",4.74349081510689e-22,3.49832447614133e-21,1.63525604415527e-21,"AKT1/AKT2/AKT3/APC/AXIN1/AXIN2/BAK1/BAX/BRAF/BRCA1/CCND1/CDK4/CDK6/CDKN1A/CSNK1A1/CTNNB1/DDB2/E2F1/E2F3/EGF/EGFR/ERBB2/ESR1/FGF2/FGFR1/FOS/GADD45A/GSK3B/HES1/HRAS/IGF1/IGF1R/JAG1/JUN/KIT/KRAS/LEF1/MAP2K1/MAP2K2/MAPK1/MAPK3/MTOR/MYC/NCOA1/NCOA3/NOTCH1/NRAS/PIK3CA/PTEN/RAF1/RB1/SHC1/SOS1/SP1/TCF7L2/TP53",56
"hsa05226","Gastric cancer","56/722","149/7925",1.02613167142461e-21,7.38314251390875e-21,3.45117455601087e-21,"AKT1/AKT2/AKT3/APC/AXIN1/AXIN2/BAK1/BAX/BCL2/BRAF/CCND1/CDH1/CDK2/CDKN1A/CDKN1B/CDKN2B/CSNK1A1/CTNNB1/DDB2/E2F1/E2F3/EGF/EGFR/ERBB2/FGF2/GAB1/GADD45A/GSK3B/HGF/HRAS/KRAS/LEF1/MAP2K1/MAP2K2/MAPK1/MAPK3/MET/MLH1/MTOR/MYC/NRAS/PIK3CA/RAF1/RB1/RXRA/SHC1/SMAD2/SMAD3/SMAD4/SOS1/TCF7L2/TGFB1/TGFB3/TGFBR1/TGFBR2/TP53",56
"hsa05203","Viral carcinogenesis","65/722","201/7925",6.36476143897693e-21,4.47048720118617e-20,2.08968358021548e-20,"ACTN4/ATF2/ATF4/BAD/BAK1/BAX/CASP3/CASP8/CCND1/CCND3/CDC42/CDK1/CDK2/CDK4/CDK6/CDKN1A/CDKN1B/CDKN2A/CDKN2B/CHEK1/CREB1/CREBBP/DDX3X/EP300/HDAC1/HDAC2/HDAC3/HDAC6/HIST1H4J/HLA-A/HLA-B/HLA-C/HLA-E/HNRNPK/HRAS/IL6ST/IRF3/IRF9/JAK1/JUN/KRAS/MAD1L1/MAPK1/MAPK3/MDM2/NFKB1/NFKBIA/NRAS/PIK3CA/PMAIP1/PXN/RAC1/RB1/RELA/RHOA/SKP2/SRC/SRF/STAT3/STAT5A/STAT5B/TBP/TP53/TRAF2/UBR4",65
"hsa05135","Yersinia infection","47/722","120/7925",2.94379590178538e-19,2.01958090936439e-18,9.44032467892008e-19,"ACTB/AKT1/AKT2/AKT3/ARF6/BCAR1/CDC42/CRK/FN1/FOS/GSK3B/IKBKB/IL10/IL1B/IL6/IRF3/ITGA5/ITGB1/JUN/MAP2K1/MAP2K2/MAP2K4/MAP2K7/MAP3K7/MAPK1/MAPK14/MAPK3/MAPK8/MAPK9/MYD88/NFATC2/NFKB1/NFKBIA/PIK3CA/PKN1/PTK2/PXN/PYCARD/RAC1/RELA/RHOA/ROCK1/ROCK2/SRC/TBK1/TNF/TRAF2",47
"hsa04380","Osteoclast differentiation","48/722","128/7925",1.02697461209808e-18,6.88539796747575e-18,3.21850895179063e-18,"AKT1/AKT2/AKT3/CREB1/CTSK/CYLD/FHL2/FOS/FOSB/FOSL1/FOSL2/FYN/IFNAR1/IFNAR2/IKBKB/IL1A/IL1B/IRF9/ITGB3/JAK1/JUN/JUNB/JUND/MAP2K1/MAP2K7/MAP3K14/MAP3K7/MAPK1/MAPK14/MAPK3/MAPK8/MAPK9/MITF/NFATC2/NFKB1/NFKBIA/PIK3CA/PPARG/RAC1/RELA/STAT1/STAT2/TGFB1/TGFBR1/TGFBR2/TNF/TNFRSF1A/TRAF2",48
"hsa05164","Influenza A","56/722","170/7925",1.41061474556741e-18,9.24736333205303e-18,4.3225855361247e-18,"ACTB/ADAR/AKT1/AKT2/AKT3/APAF1/BAK1/BAX/BID/CASP3/CASP8/CASP9/CCND3/CDK4/CDK6/CREBBP/EP300/FADD/FAS/FASLG/HLA-DPB1/HLA-DRB1/ICAM1/IFNAR1/IFNAR2/IKBKB/IL1A/IL1B/IL6/IRF3/IRF9/JAK1/JAK2/MAP2K1/MAP2K2/MAPK1/MAPK3/MAVS/MYD88/NFKB1/NFKBIA/PIK3CA/PRKCA/PYCARD/RAF1/RELA/SLC25A4/STAT1/STAT2/TBK1/TNF/TNFRSF10B/TNFRSF1A/TNFSF10/VDAC1/XPO1",56
"hsa04014","Ras signaling pathway","67/722","232/7925",1.46204171464818e-18,9.37613708306985e-18,4.38277951073024e-18,"ABL1/AKT1/AKT2/AKT3/ARF6/BAD/BCL2L1/CALM1/CALM2/CALM3/CDC42/EGF/EGFR/EPHA2/ETS1/FASLG/FGF2/FGFR1/FGFR3/GAB1/GNG2/HGF/HRAS/IGF1/IGF1R/IKBKB/KIT/KITLG/KRAS/MAP2K1/MAP2K2/MAPK1/MAPK3/MAPK8/MAPK9/MET/NF1/NFKB1/NGFR/NRAS/PAK1/PAK2/PDGFRA/PIK3CA/PLA2G4A/PLD1/PRKCA/PTPN11/RAB5A/RAB5B/RAC1/RAF1/RALBP1/RAP1A/RAP1B/RASA1/RASSF1/RELA/RHOA/SHC1/SHOC2/SOS1/STK4/TBK1/TGFA/TIAM1/VEGFA",67
"hsa04625","C-type lectin receptor signaling pathway","42/722","104/7925",6.48223221064066e-18,4.06863511093403e-17,1.90184192518237e-17,"AKT1/AKT2/AKT3/BCL10/BCL3/CALM1/CALM2/CALM3/CASP8/CYLD/HRAS/IKBKB/IL10/IL1B/IL6/IRF9/JUN/KRAS/MAP3K14/MAPK1/MAPK14/MAPK3/MAPK8/MAPK9/MDM2/NFATC2/NFKB1/NFKBIA/NRAS/PAK1/PIK3CA/PRKCD/PTGS2/PTPN11/PYCARD/RAF1/RELA/RHOA/SRC/STAT1/STAT2/TNF",42
"hsa04919","Thyroid hormone signaling pathway","45/722","119/7925",8.80528697239776e-18,5.41158261845279e-17,2.52958902057918e-17,"ACTB/AKT1/AKT2/AKT3/BAD/CASP9/CCND1/CREBBP/CTNNB1/EP300/ESR1/GSK3B/HDAC1/HDAC2/HDAC3/HIF1A/HRAS/ITGAV/ITGB3/KRAS/MAP2K1/MAP2K2/MAPK1/MAPK3/MDM2/MED1/MTOR/MYC/NCOA1/NCOA3/NOTCH1/NRAS/PDPK1/PIK3CA/PRKCA/RAF1/RCAN1/RHEB/RXRA/SLC2A1/SLC9A1/SRC/STAT1/TP53/TSC2",45
"hsa05221","Acute myeloid leukemia","33/722","67/7925",1.64466343447317e-17,9.9015451667262e-17,4.62837615286756e-17,"AKT1/AKT2/AKT3/BAD/BCL2A1/BRAF/CCND1/DUSP6/EIF4EBP1/HRAS/IKBKB/KIT/KRAS/LEF1/MAP2K1/MAP2K2/MAPK1/MAPK3/MTOR/MYC/NFKB1/NRAS/PIK3CA/PPARD/RAF1/RARA/RELA/RUNX1/SOS1/STAT3/STAT5A/STAT5B/TCF7L2",33
"hsa04066","HIF-1 signaling pathway","42/722","109/7925",5.03992457876831e-17,2.97323844713642e-16,1.38980994317527e-16,"AKT1/AKT2/AKT3/ARNT/BCL2/CDKN1A/CDKN1B/CREBBP/EGF/EGFR/EGLN1/EIF4E/EIF4EBP1/ENO1/EP300/ERBB2/GAPDH/HIF1A/HK2/HMOX1/IGF1/IGF1R/IL6/IL6R/LDHA/MAP2K1/MAP2K2/MAPK1/MAPK3/MTOR/NFKB1/PDK1/PFKFB3/PIK3CA/PRKCA/RELA/RPS6/SLC2A1/STAT3/TFRC/TIMP1/VEGFA",42
"hsa05418","Fluid shear stress and atherosclerosis","48/722","139/7925",5.14017494250702e-17,2.97323844713642e-16,1.38980994317527e-16,"ACTB/ACVR1/AKT1/AKT2/AKT3/BCL2/CALM1/CALM2/CALM3/CAV1/CTNNB1/FOS/GSTM2/GSTP1/HMOX1/HSP90AA1/HSP90B1/ICAM1/IKBKB/IL1A/IL1B/ITGAV/ITGB3/JUN/MAP2K4/MAP2K7/MAP3K7/MAPK14/MAPK8/MAPK9/MMP2/NFKB1/NQO1/PIK3CA/PLAT/PRKAA1/PTK2/RAC1/RELA/RHOA/SDC1/SDC4/SRC/TNF/TNFRSF1A/TP53/TXN/VEGFA",48
"hsa04520","Adherens junction","33/722","71/7925",1.51853409327864e-16,8.61476072148462e-16,4.02688190727738e-16,"ACTB/ACTN4/CDC42/CDH1/CREBBP/CSNK2A1/CTNNB1/CTNND1/EGFR/EP300/ERBB2/FGFR1/FYN/IGF1R/LEF1/MAP3K7/MAPK1/MAPK3/MET/PTPRF/RAC1/RHOA/SMAD3/SMAD4/SNAI1/SNAI2/SRC/TCF7L2/TGFBR1/TGFBR2/TJP1/VCL/YES1",33
"hsa04935","Growth hormone synthesis, secretion and action","43/722","119/7925",3.42304332926095e-16,1.90527883421128e-15,8.90603130353891e-16,"AKT1/AKT2/AKT3/ATF2/ATF4/BCAR1/CREB1/CREBBP/CRK/EP300/FOS/GNAQ/GNAS/GSK3B/HRAS/IGF1/IGFBP3/IRS1/JAK2/JUNB/KRAS/MAP2K1/MAP2K2/MAP2K4/MAP3K1/MAPK1/MAPK14/MAPK3/MAPK8/MAPK9/MTOR/NRAS/PIK3CA/PRKCA/PTK2/RAF1/SHC1/SOCS2/SOS1/STAT1/STAT3/STAT5A/STAT5B",43
"hsa04015","Rap1 signaling pathway","59/722","210/7925",7.56545464575991e-16,4.13297985277625e-15,1.93191921753323e-15,"ACTB/AKT1/AKT2/AKT3/BCAR1/BRAF/CALM1/CALM2/CALM3/CDC42/CDH1/CRK/CTNNB1/CTNND1/EGF/EGFR/EPHA2/F2R/FGF2/FGFR1/FGFR3/GNAQ/GNAS/HGF/HRAS/ID1/IGF1/IGF1R/ITGB1/ITGB3/KIT/KITLG/KRAS/KRIT1/MAP2K1/MAP2K2/MAPK1/MAPK14/MAPK3/MET/NGFR/NRAS/PDGFRA/PIK3CA/PRKCA/PRKCI/PRKD1/PRKD3/RAC1/RAF1/RAP1A/RAP1B/RHOA/SIPA1/SRC/THBS1/TIAM1/VASP/VEGFA",59
"hsa05216","Thyroid cancer","23/722","37/7925",1.50267029996876e-15,8.05977706346878e-15,3.76746046499344e-15,"BAK1/BAX/BRAF/CCND1/CDH1/CDKN1A/CTNNB1/DDB2/GADD45A/HRAS/KRAS/LEF1/MAP2K1/MAP2K2/MAPK1/MAPK3/MYC/NRAS/PPARG/RXRA/TCF7L2/TFG/TP53",23
"hsa05230","Central carbon metabolism in cancer","31/722","69/7925",4.20854430933653e-15,2.21700102009692e-14,1.03631448218625e-14,"AKT1/AKT2/AKT3/EGFR/ERBB2/FGFR1/FGFR3/G6PD/HIF1A/HK2/HRAS/KIT/KRAS/LDHA/MAP2K1/MAP2K2/MAPK1/MAPK3/MET/MTOR/MYC/NRAS/PDGFRA/PDK1/PIK3CA/PTEN/RAF1/SLC1A5/SLC2A1/SLC7A5/TP53",31
"hsa05145","Toxoplasmosis","40/722","112/7925",6.02793153130079e-15,3.08304524973042e-14,1.44113801147078e-14,"AKT1/AKT2/AKT3/BAD/BCL2/BCL2L1/BIRC3/BIRC7/CASP3/CASP8/CASP9/HLA-DPB1/HLA-DRB1/HSPA1A/HSPA1B/HSPA8/IKBKB/IL10/ITGB1/JAK1/JAK2/LDLR/MAP3K7/MAPK1/MAPK14/MAPK3/MAPK8/MAPK9/MYD88/NFKB1/NFKBIA/PDPK1/RELA/STAT1/STAT3/TGFB1/TGFB3/TNF/TNFRSF1A/XIAP",40
"hsa04659","Th17 cell differentiation","39/722","107/7925",6.0615804909954e-15,3.08304524973042e-14,1.44113801147078e-14,"AHR/FOS/HIF1A/HLA-DPB1/HLA-DRB1/HSP90AA1/IKBKB/IL1B/IL6/IL6R/IL6ST/IRF4/JAK1/JAK2/JUN/MAPK1/MAPK14/MAPK3/MAPK8/MAPK9/MTOR/NFATC2/NFKB1/NFKBIA/RARA/RELA/RUNX1/RXRA/SMAD2/SMAD3/SMAD4/STAT1/STAT3/STAT5A/STAT5B/STAT6/TGFB1/TGFBR1/TGFBR2",39
"hsa04917","Prolactin signaling pathway","31/722","70/7925",6.91272033813958e-15,3.45636016906979e-14,1.61564025744208e-14,"AKT1/AKT2/AKT3/CCND1/ESR1/FOS/FOXO3/GSK3B/HRAS/JAK2/KRAS/MAP2K1/MAP2K2/MAPK1/MAPK14/MAPK3/MAPK8/MAPK9/NFKB1/NRAS/PIK3CA/RAF1/RELA/SHC1/SOCS2/SOS1/SRC/STAT1/STAT3/STAT5A/STAT5B",31
"hsa04926","Relaxin signaling pathway","43/722","129/7925",9.81707365262742e-15,4.82672787920848e-14,2.25620464648104e-14,"AKT1/AKT2/AKT3/ARRB1/ATF2/ATF4/COL4A1/COL4A2/CREB1/EDNRB/EGFR/FOS/GNAS/GNG2/HRAS/JUN/KRAS/MAP2K1/MAP2K2/MAP2K4/MAP2K7/MAPK1/MAPK14/MAPK3/MAPK8/MAPK9/MMP1/MMP2/NFKB1/NFKBIA/NRAS/PIK3CA/PRKCA/RAF1/RELA/SHC1/SMAD2/SOS1/SRC/TGFB1/TGFBR1/TGFBR2/VEGFA",43
"hsa04071","Sphingolipid signaling pathway","41/722","119/7925",1.1462782734052e-14,5.54347689597599e-14,2.59124165342678e-14,"ABCC1/AKT1/AKT2/AKT3/ASAH1/BAX/BCL2/BID/CERS2/FYN/GNA13/GNAQ/HRAS/KRAS/MAP2K1/MAP2K2/MAPK1/MAPK14/MAPK3/MAPK8/MAPK9/NFKB1/NRAS/NSMAF/PDPK1/PIK3CA/PLD1/PPP2R1A/PRKCA/PRKCE/PTEN/RAC1/RAF1/RELA/RHOA/ROCK1/ROCK2/TNF/TNFRSF1A/TP53/TRAF2",41
"hsa05202","Transcriptional misregulation in cancer","53/722","186/7925",1.26307242998722e-14,6.00978011042307e-14,2.80921032815494e-14,"ATF1/ATM/BAK1/BAX/BCL2A1/BCL2L1/BCL6/BIRC3/BMI1/CDK9/CDKN1A/CDKN1B/CDKN2C/CEBPB/COMMD3-BMI1/DDB2/DUSP6/ELK4/ETV1/ETV4/ETV5/EWSR1/FUT8/GADD45A/GZMB/HDAC1/HDAC2/HMGA2/IGF1/IGF1R/IGFBP3/IL6/KMT2A/MDM2/MEN1/MET/MITF/MMP3/MYC/NFKB1/NGFR/PAX3/PLAT/PPARG/PTK2/RARA/RELA/RUNX1/RXRA/SP1/TGFBR2/TP53/WT1",53
"hsa04621","NOD-like receptor signaling pathway","51/722","181/7925",6.67534072189697e-14,3.12575478247556e-13,1.46110214631329e-13,"ANTXR1/ATG12/ATG5/BCL2/BCL2L1/BIRC3/CASP8/CTSB/CXCL1/DNM1L/FADD/HSP90AA1/IFNAR1/IFNAR2/IKBKB/IL1B/IL6/IRF3/IRF9/JAK1/JUN/MAP3K7/MAPK1/MAPK14/MAPK3/MAPK8/MAPK9/MAVS/MYD88/NAMPT/NFKB1/NFKBIA/P2RX7/PKN1/PRKCD/PYCARD/RELA/RHOA/RIPK3/STAT1/STAT2/TBK1/TMEM173/TNF/TRAF2/TRPM7/TXN/TXNIP/VDAC1/VDAC2/XIAP",51
"hsa04660","T cell receptor signaling pathway","37/722","104/7925",7.39245461446499e-14,3.40745954885496e-13,1.59278216199821e-13,"AKT1/AKT2/AKT3/BCL10/CDC42/CDK4/FOS/FYN/GSK3B/HRAS/IKBKB/IL10/JUN/KRAS/MAP2K1/MAP2K2/MAP2K7/MAP3K14/MAP3K7/MAPK1/MAPK14/MAPK3/MAPK8/MAPK9/NFATC2/NFKB1/NFKBIA/NRAS/PAK1/PAK2/PDPK1/PIK3CA/RAF1/RELA/RHOA/SOS1/TNF",37
"hsa05130","Pathogenic Escherichia coli infection","54/722","201/7925",1.04246749034472e-13,4.73119861002604e-13,2.2115504653467e-13,"ABL1/ACTB/ARF6/BAK1/BAX/CASP3/CASP7/CASP8/CASP9/CDC42/CTTN/F2/F2R/FADD/FAS/FASLG/FOS/FYN/GAPDH/GNA13/IKBKB/IL1B/IL6/ITGB1/JUN/MAP3K7/MAPK1/MAPK14/MAPK3/MAPK8/MAPK9/MYD88/MYO5A/NCL/NFKB1/NFKBIA/PAK1/PAK2/PTPN11/PYCARD/RAC1/RELA/RHOA/ROCK1/ROCK2/RPS3/SLC9A3R1/TJP1/TNF/TNFRSF10B/TNFRSF1A/TNFSF10/TRAF2/TUBA1B",54
"hsa04915","Estrogen signaling pathway","43/722","138/7925",1.44388938674921e-13,6.45374801653055e-13,3.01673859113471e-13,"AKT1/AKT2/AKT3/ATF2/ATF4/BCL2/CALM1/CALM2/CALM3/CREB1/EGFR/ESR1/FKBP4/FKBP5/FOS/GNAQ/GNAS/HRAS/HSP90AA1/HSP90B1/HSPA1A/HSPA1B/HSPA8/JUN/KRAS/MAP2K1/MAP2K2/MAPK1/MAPK3/MMP2/NCOA1/NCOA3/NRAS/PIK3CA/POMC/PRKCD/RAF1/RARA/SHC1/SOS1/SP1/SRC/TGFA",43
"hsa05142","Chagas disease (American trypanosomiasis)","36/722","102/7925",2.1436917446491e-13,9.43864275629082e-13,4.41199714923853e-13,"AKT1/AKT2/AKT3/CALR/CASP8/CFLAR/FADD/FAS/FASLG/FOS/GNAQ/GNAS/IKBKB/IL10/IL1B/IL6/JUN/MAP2K4/MAPK1/MAPK14/MAPK3/MAPK8/MAPK9/MYD88/NFKB1/NFKBIA/PIK3CA/PPP2R1A/RELA/SMAD2/TGFB1/TGFB3/TGFBR1/TGFBR2/TNF/TNFRSF1A",36
"hsa04550","Signaling pathways regulating pluripotency of stem cells","43/722","140/7925",2.52785209756331e-13,1.09664171879585e-12,5.12613970248908e-13,"ACVR1/ACVR1B/AKT1/AKT2/AKT3/APC/AXIN1/AXIN2/BMI1/COMMD3-BMI1/CTNNB1/FGF2/FGFR1/FGFR3/GSK3B/HRAS/ID1/ID4/IGF1/IGF1R/IL6ST/JAK1/JAK2/KRAS/LIF/MAP2K1/MAP2K2/MAPK1/MAPK14/MAPK3/MYC/NRAS/PIK3CA/RAF1/REST/SETDB1/SKIL/SMAD2/SMAD3/SMAD4/SOX2/STAT3/TBX3",43
"hsa04211","Longevity regulating pathway","33/722","89/7925",4.39426803332355e-13,1.87870879685572e-12,8.78183237780908e-13,"AKT1/AKT1S1/AKT2/AKT3/ATF2/ATF4/ATG5/BAX/CAT/CREB1/EIF4E/EIF4EBP1/FOXO3/HRAS/IGF1/IGF1R/IRS1/KRAS/MTOR/NFKB1/NRAS/PIK3CA/PPARG/PRKAA1/RELA/RHEB/SESN2/SIRT1/SOD2/STK11/TP53/TSC1/TSC2",33
"hsa04657","IL-17 signaling pathway","34/722","94/7925",4.46128665056996e-13,1.88011365988305e-12,8.78839926653631e-13,"CASP3/CASP8/CEBPB/CXCL1/ELAVL1/FADD/FOS/FOSB/FOSL1/GSK3B/HSP90AA1/HSP90B1/IKBKB/IL1B/IL6/JUN/JUND/MAP3K7/MAPK1/MAPK14/MAPK3/MAPK6/MAPK8/MAPK9/MMP1/MMP3/NFKB1/NFKBIA/PTGS2/RELA/SRSF1/TBK1/TNF/TRAF2",34
"hsa04140","Autophagy - animal","42/722","137/7925",5.18523513587797e-13,2.1544286832169e-12,1.00706568243145e-12,"AKT1/AKT1S1/AKT2/AKT3/ATG12/ATG5/BAD/BCL2/BCL2L1/BECN1/BNIP3/CFLAR/CTSB/DEPTOR/HIF1A/HMGB1/HRAS/IGF1R/IRS1/KRAS/MAP2K1/MAP2K2/MAP3K7/MAPK1/MAPK3/MAPK8/MAPK9/MTOR/NRAS/PDPK1/PIK3CA/PRKAA1/PRKCD/PTEN/RAB7A/RAB8A/RAF1/RHEB/STK11/TBK1/TSC1/TSC2",42
"hsa05152","Tuberculosis","49/722","179/7925",7.02218590751486e-13,2.87714561488456e-12,1.34489233024042e-12,"AKT1/AKT2/AKT3/APAF1/BAD/BAX/BCL10/BCL2/BID/CALM1/CALM2/CALM3/CASP3/CASP8/CASP9/CEBPB/CREB1/CREBBP/EP300/FADD/HLA-DPB1/HLA-DRB1/HSPD1/IL10/IL1A/IL1B/IL6/JAK1/JAK2/MAPK1/MAPK14/MAPK3/MAPK8/MAPK9/MYD88/NFKB1/RAB5A/RAB5B/RAB7A/RAF1/RELA/RHOA/SRC/STAT1/TGFB1/TGFB3/TNF/TNFRSF1A/VDR",49
"hsa04370","VEGF signaling pathway","26/722","59/7925",1.24531848504538e-12,5.03245141216967e-12,2.35236801068413e-12,"AKT1/AKT2/AKT3/BAD/CASP9/CDC42/HRAS/HSPB1/KRAS/MAP2K1/MAP2K2/MAPK1/MAPK14/MAPK3/NFATC2/NRAS/PIK3CA/PLA2G4A/PRKCA/PTGS2/PTK2/PXN/RAC1/RAF1/SRC/VEGFA",26
"hsa04910","Insulin signaling pathway","41/722","137/7925",2.39043251560236e-12,9.52942692030669e-12,4.45443327942971e-12,"AKT1/AKT2/AKT3/BAD/BRAF/CALM1/CALM2/CALM3/CRK/EIF4E/EIF4EBP1/FASN/FLOT2/GSK3B/HK2/HRAS/IKBKB/IRS1/KRAS/MAP2K1/MAP2K2/MAPK1/MAPK3/MAPK8/MAPK9/MTOR/NRAS/PDPK1/PIK3CA/PRKAA1/PRKAR1A/PRKCI/PTPRF/RAF1/RHEB/RPS6/SHC1/SOCS2/SOS1/TSC1/TSC2",41
"hsa05235","PD-L1 expression and PD-1 checkpoint pathway in cancer","32/722","89/7925",2.65982586220807e-12,1.04619817246851e-11,4.89034649753343e-12,"AKT1/AKT2/AKT3/CSNK2A1/EGF/EGFR/FOS/HIF1A/HRAS/IKBKB/JAK1/JAK2/JUN/KRAS/MAP2K1/MAP2K2/MAPK1/MAPK14/MAPK3/MTOR/MYD88/NFATC2/NFKB1/NFKBIA/NRAS/PIK3CA/PTEN/PTPN11/RAF1/RELA/STAT1/STAT3",32
"hsa04217","Necroptosis","45/722","162/7925",3.61546509193343e-12,1.40337131857942e-11,6.55991588702603e-12,"AIFM1/BAX/BCL2/BID/BIRC3/CAPN1/CASP8/CFLAR/CYLD/DNM1L/FADD/FAS/FASLG/HMGB1/HSP90AA1/IFNAR1/IFNAR2/IL1A/IL1B/IRF9/JAK1/JAK2/MAPK8/MAPK9/PARP1/PLA2G4A/PYCARD/RIPK3/SLC25A4/SPATA2/STAT1/STAT2/STAT3/STAT5A/STAT5B/STAT6/TNF/TNFRSF10B/TNFRSF1A/TNFSF10/TRAF2/TRPM7/VDAC1/VDAC2/XIAP",45
"hsa05231","Choline metabolism in cancer","33/722","98/7925",9.73683596513503e-12,3.7303462463829e-11,1.74371225076239e-11,"AKT1/AKT2/AKT3/EGF/EGFR/EIF4EBP1/FOS/HIF1A/HRAS/JUN/KRAS/LYPLA1/MAP2K1/MAP2K2/MAPK1/MAPK3/MAPK8/MAPK9/MTOR/NRAS/PDGFRA/PDPK1/PIK3CA/PLA2G4A/PLD1/PRKCA/RAC1/RAF1/RHEB/SOS1/SP1/TSC1/TSC2",33
"hsa04912","GnRH signaling pathway","32/722","93/7925",1.04367195360956e-11,3.94722085019e-11,1.84508806913431e-11,"ATF4/CALM1/CALM2/CALM3/CDC42/EGFR/EGR1/GNAQ/GNAS/HRAS/JUN/KRAS/MAP2K1/MAP2K2/MAP2K4/MAP2K7/MAP3K1/MAPK1/MAPK14/MAPK3/MAPK8/MAPK9/MMP14/MMP2/NRAS/PLA2G4A/PLD1/PRKCA/PRKCD/RAF1/SOS1/SRC",32
"hsa04620","Toll-like receptor signaling pathway","34/722","104/7925",1.20909311562277e-11,4.51496796340147e-11,2.11047565818231e-11,"AKT1/AKT2/AKT3/CASP8/CTSK/FADD/FOS/IFNAR1/IFNAR2/IKBKB/IL1B/IL6/IRF3/JUN/MAP2K1/MAP2K2/MAP2K4/MAP2K7/MAP3K7/MAPK1/MAPK14/MAPK3/MAPK8/MAPK9/MYD88/NFKB1/NFKBIA/PIK3CA/RAC1/RELA/SPP1/STAT1/TBK1/TNF",34
"hsa05134","Legionellosis","24/722","56/7925",1.92455469842456e-11,7.09679545044057e-11,3.31732454596865e-11,"APAF1/BNIP3/CASP3/CASP7/CASP8/CASP9/CXCL1/EEF1A1/EEF1A2/HSF1/HSPA1A/HSPA1B/HSPA8/HSPD1/IL1B/IL6/MYD88/NFKB1/NFKBIA/PYCARD/RAB1B/RELA/TNF/VCP",24
"hsa04150","mTOR signaling pathway","42/722","153/7925",2.94696818939421e-11,1.07327853811271e-10,5.01693090072309e-11,"AKT1/AKT1S1/AKT2/AKT3/BRAF/CAB39/DEPTOR/EIF4E/EIF4EBP1/GSK3B/HRAS/IGF1/IGF1R/IKBKB/IRS1/KRAS/MAP2K1/MAP2K2/MAPK1/MAPK3/MTOR/NRAS/PDPK1/PIK3CA/PRKAA1/PRKCA/PTEN/RAF1/RHEB/RHOA/RICTOR/RPS6/SESN2/SKP2/SLC7A5/SOS1/STK11/STRADB/TNF/TNFRSF1A/TSC1/TSC2",42
"hsa05131","Shigellosis","25/722","67/7925",2.69162313022631e-10,9.68327833435074e-10,4.52634955147171e-10,"ABL1/ACTB/ATG5/BTRC/CD44/CDC42/CRK/CTTN/DIAPH1/IKBKB/ITGA5/ITGB1/MAPK1/MAPK14/MAPK3/MAPK8/MAPK9/NFKB1/NFKBIA/RAC1/RELA/ROCK1/ROCK2/SRC/VCL",25
"hsa04916","Melanogenesis","31/722","101/7925",5.9253538248909e-10,2.10599925101544e-09,9.84427839011678e-10,"ASIP/CALM1/CALM2/CALM3/CREB1/CREBBP/CTNNB1/DCT/EDNRB/EP300/GNAQ/GNAS/GSK3B/HRAS/KIT/KITLG/KRAS/LEF1/MAP2K1/MAP2K2/MAPK1/MAPK3/MC1R/MITF/NRAS/POMC/PRKCA/RAF1/TCF7L2/TYR/TYRP1",31
"hsa04934","Cushing syndrome","40/722","155/7925",6.7734872365594e-10,2.37878420807741e-09,1.11193838093895e-09,"AHR/APC/ARNT/ATF2/ATF4/AXIN1/AXIN2/BRAF/CCND1/CDK2/CDK4/CDK6/CDKN1A/CDKN1B/CDKN2A/CDKN2B/CDKN2C/CREB1/CTNNB1/E2F1/E2F3/EGFR/GNAQ/GNAS/GSK3B/KMT2A/LDLR/LEF1/MAP2K1/MAP2K2/MAPK1/MAPK3/MEN1/NR4A1/POMC/RAP1A/RAP1B/RB1/SP1/TCF7L2",40
"hsa04932","Non-alcoholic fatty liver disease (NAFLD)","39/722","149/7925",7.10255952201303e-10,2.46500595175746e-09,1.15224185434515e-09,"AKT1/AKT2/AKT3/ATF4/BAX/BCL2L11/BID/CASP3/CASP7/CASP8/CDC42/FAS/FASLG/GSK3A/GSK3B/IKBKB/IL1A/IL1B/IL6/IL6R/IRS1/JUN/MAPK8/MAPK9/MLXIP/NDUFS6/NFKB1/PIK3CA/PPARA/PRKAA1/RAC1/RELA/RXRA/TGFB1/TNF/TNFRSF1A/TRAF2/UQCRFS1/XBP1",39
"hsa04062","Chemokine signaling pathway","45/722","189/7925",9.8027403767989e-10,3.36256791994846e-09,1.57179802859321e-09,"AKT1/AKT2/AKT3/ARRB1/BAD/BCAR1/BRAF/CDC42/CRK/CXCL1/FOXO3/GNG2/GSK3A/GSK3B/HRAS/IKBKB/JAK2/KRAS/MAP2K1/MAPK1/MAPK3/NFKB1/NFKBIA/NRAS/PAK1/PIK3CA/PRKCD/PTK2/PXN/RAC1/RAF1/RAP1A/RAP1B/RELA/RHOA/ROCK1/ROCK2/SHC1/SOS1/SRC/STAT1/STAT2/STAT3/STAT5B/TIAM1",45
"hsa05140","Leishmaniasis","26/722","76/7925",1.07245267672175e-09,3.636477467045e-09,1.69983424864548e-09,"EEF1A1/EEF1A2/FOS/HLA-DPB1/HLA-DRB1/IL10/IL1A/IL1B/ITGB1/JAK1/JAK2/JUN/MAP3K7/MAPK1/MAPK14/MAPK3/MARCKSL1/MYD88/NFKB1/NFKBIA/PTGS2/RELA/STAT1/TGFB1/TGFB3/TNF",26
"hsa04213","Longevity regulating pathway - multiple species","23/722","62/7925",1.60907491961386e-09,5.39405796916011e-09,2.52139730226574e-09,"AKT1/AKT1S1/AKT2/AKT3/ATG5/CAT/FOXO3/HDAC1/HDAC2/HRAS/HSPA1A/HSPA1B/HSPA8/IGF1/IGF1R/IRS1/KRAS/MTOR/NRAS/PIK3CA/PRKAA1/SIRT1/SOD2",23
"hsa04810","Regulation of actin cytoskeleton","48/722","213/7925",1.936619918125e-09,6.41913343648176e-09,3.00055835924749e-09,"ACTB/ACTN4/APC/BCAR1/BRAF/CDC42/CRK/DIAPH1/EGF/EGFR/F2/F2R/FGF2/FGFR1/FGFR3/FN1/GIT1/GNA13/HRAS/ITGA5/ITGAV/ITGB1/ITGB3/KRAS/MAP2K1/MAP2K2/MAPK1/MAPK3/MSN/NRAS/PAK1/PAK2/PDGFRA/PIK3CA/PIP4K2A/PTK2/PXN/RAC1/RAF1/RHOA/ROCK1/ROCK2/SLC9A1/SOS1/SRC/TIAM1/TMSB4X/VCL",48
"hsa04664","Fc epsilon RI signaling pathway","24/722","68/7925",2.2989020159452e-09,7.53528994115373e-09,3.52229431682833e-09,"AKT1/AKT2/AKT3/FYN/HRAS/KRAS/MAP2K1/MAP2K2/MAP2K4/MAP2K7/MAPK1/MAPK14/MAPK3/MAPK8/MAPK9/NRAS/PDPK1/PIK3CA/PLA2G4A/PRKCA/RAC1/RAF1/SOS1/TNF",24
"hsa04920","Adipocytokine signaling pathway","24/722","69/7925",3.22673341152613e-09,1.04602896307715e-08,4.88955554551675e-09,"AKT1/AKT2/AKT3/IKBKB/IRS1/JAK2/MAPK8/MAPK9/MTOR/NFKB1/NFKBIA/POMC/PPARA/PRKAA1/PTPN11/RELA/RXRA/SLC2A1/STAT3/STK11/TNF/TNFRSF1A/TNFRSF1B/TRAF2",24
"hsa05133","Pertussis","25/722","76/7925",5.68454740426556e-09,1.8227624828895e-08,8.52031704758339e-09,"CALM1/CALM2/CALM3/CASP3/CASP7/FOS/IL10/IL1A/IL1B/IL6/IRF3/ITGA5/ITGB1/JUN/MAPK1/MAPK14/MAPK3/MAPK8/MAPK9/MYD88/NFKB1/PYCARD/RELA/RHOA/TNF",25
"hsa04630","JAK-STAT signaling pathway","39/722","162/7925",9.46331628246445e-09,3.00180462723335e-08,1.40316291228392e-08,"AKT1/AKT2/AKT3/BCL2/BCL2L1/CCND1/CCND3/CDKN1A/CREBBP/EGF/EGFR/EP300/HRAS/IFNAR1/IFNAR2/IL10/IL6/IL6R/IL6ST/IRF9/JAK1/JAK2/LIF/MCL1/MTOR/MYC/OSMR/PDGFRA/PIK3CA/PTPN11/RAF1/SOCS2/SOS1/STAT1/STAT2/STAT3/STAT5A/STAT5B/STAT6",39
"hsa04650","Natural killer cell mediated cytotoxicity","34/722","131/7925",1.12911342339565e-08,3.54349425427358e-08,1.6563701955748e-08,"BID/BRAF/CASP3/FAS/FASLG/FYN/GZMB/HLA-A/HLA-B/HLA-C/HLA-E/HRAS/ICAM1/IFNAR1/IFNAR2/KRAS/MAP2K1/MAP2K2/MAPK1/MAPK3/MICA/NFATC2/NRAS/PAK1/PIK3CA/PRKCA/PTPN11/RAC1/RAF1/SHC1/SOS1/TNF/TNFRSF10B/TNFSF10",34
"hsa05020","Prion diseases","16/722","35/7925",1.48720104831807e-08,4.61815062372452e-08,2.15870733883287e-08,"BAX/EGR1/FYN/HSPA1A/HSPA5/IL1A/IL1B/IL6/MAP2K1/MAP2K2/MAPK1/MAPK3/NCAM1/NOTCH1/PRNP/STIP1",16
"hsa05132","Salmonella infection","25/722","80/7925",1.85071052181206e-08,5.68707920765165e-08,2.65836708725198e-08,"ACTB/CDC42/CXCL1/FLNA/FLNB/FOS/IL1A/IL1B/IL6/JUN/MAPK1/MAPK14/MAPK3/MAPK8/MAPK9/MYD88/NFKB1/PKN1/PYCARD/RAB7A/RAC1/RELA/ROCK1/ROCK2/TJP1",25
"hsa04622","RIG-I-like receptor signaling pathway","23/722","70/7925",2.38325135190035e-08,7.17407294704696e-08,3.35344712243765e-08,"ATG12/ATG5/CASP8/CYLD/DDX3X/FADD/IKBKB/IRF3/ISG15/MAP3K1/MAP3K7/MAPK14/MAPK8/MAPK9/MAVS/NFKB1/NFKBIA/RELA/RNF125/TBK1/TMEM173/TNF/TRAF2",23
"hsa05120","Epithelial cell signaling in Helicobacter pylori infection","23/722","70/7925",2.38325135190035e-08,7.17407294704696e-08,3.35344712243765e-08,"ADAM10/ADAM17/CASP3/CDC42/CXCL1/EGFR/GIT1/IKBKB/JUN/MAP2K4/MAP3K14/MAPK14/MAPK8/MAPK9/MET/NFKB1/NFKBIA/PAK1/PTPN11/RAC1/RELA/SRC/TJP1",23
"hsa04137","Mitophagy - animal","22/722","65/7925",2.60644781353015e-08,7.766687929206e-08,3.63045894282243e-08,"ATF4/ATG5/BCL2L1/BECN1/BNIP3/CSNK2A1/E2F1/FOXO3/HIF1A/HRAS/JUN/KRAS/MAPK8/MAPK9/MITF/NRAS/RAB7A/RELA/SP1/SRC/TBK1/TP53",22
"hsa04371","Apelin signaling pathway","34/722","137/7925",3.81164025607594e-08,1.1244338755424e-07,5.25605130048366e-08,"AKT1/AKT2/AKT3/BECN1/CALM1/CALM2/CALM3/CCND1/CDH1/CCN2/EGR1/GNA13/GNAQ/GNG2/HRAS/JAG1/KRAS/MAP2K1/MAP2K2/MAPK1/MAPK3/MTOR/NRAS/PLAT/PRKAA1/PRKCE/RAF1/RPS6/SLC9A1/SMAD2/SMAD3/SMAD4/SPP1/TGFBR1",34
"hsa04152","AMPK signaling pathway","31/722","120/7925",5.66129047786646e-08,1.65354523858476e-07,7.72932832309021e-08,"AKT1/AKT1S1/AKT2/AKT3/CAB39/CCND1/CREB1/EEF2/EIF4EBP1/ELAVL1/FASN/FOXO3/HNF4A/IGF1/IGF1R/IRS1/MAP3K7/MTOR/PDPK1/PFKFB3/PIK3CA/PPARG/PPP2R1A/PRKAA1/RAB8A/RHEB/SIRT1/STK11/STRADB/TSC1/TSC2",31
"hsa04072","Phospholipase D signaling pathway","35/722","148/7925",8.8698392796213e-08,2.56529665440028e-07,1.19912171891681e-07,"AKT1/AKT2/AKT3/ARF6/EGF/EGFR/F2/F2R/FYN/GAB1/GNA13/GNAS/HRAS/KIT/KITLG/KRAS/MAP2K1/MAP2K2/MAPK1/MAPK3/MTOR/NRAS/PDGFRA/PIK3CA/PLA2G4A/PLD1/PRKCA/PTPN11/RAF1/RHEB/RHOA/SHC1/SOS1/TSC1/TSC2",35
"hsa04662","B cell receptor signaling pathway","24/722","82/7925",1.4465642000003e-07,4.14307222330182e-07,1.93663679305098e-07,"AKT1/AKT2/AKT3/BCL10/CD81/FOS/GSK3B/HRAS/IKBKB/JUN/KRAS/MAP2K1/MAP2K2/MAPK1/MAPK3/NFATC2/NFKB1/NFKBIA/NRAS/PIK3CA/RAC1/RAF1/RELA/SOS1",24
"hsa04931","Insulin resistance","28/722","108/7925",2.29777196900423e-07,6.51771856592545e-07,3.04664097104812e-07,"AKT1/AKT2/AKT3/CREB1/GSK3B/IKBKB/IL6/IRS1/MAPK8/MAPK9/MLXIP/MTOR/NFKB1/NFKBIA/PDPK1/PIK3CA/PPARA/PRKAA1/PRKCD/PRKCE/PTEN/PTPN11/PTPRF/RELA/SLC2A1/STAT3/TNF/TNFRSF1A",28
"hsa05014","Amyotrophic lateral sclerosis (ALS)","18/722","51/7925",2.36274431316177e-07,6.63818640364498e-07,3.10295243132022e-07,"APAF1/BAD/BAX/BCL2/BCL2L1/BID/CASP3/CASP9/CAT/CCS/DAXX/MAPK14/RAB5A/RAC1/TNF/TNFRSF1A/TNFRSF1B/TP53",18
"hsa05100","Bacterial invasion of epithelial cells","22/722","73/7925",2.71837849641558e-07,7.56529864568487e-07,3.53632157924966e-07,"ACTB/BCAR1/CAV1/CDC42/CDH1/CRK/CTNNB1/CTTN/FN1/GAB1/ILK/ITGA5/ITGB1/MET/PIK3CA/PTK2/PXN/RAC1/RHOA/SHC1/SRC/VCL",22
"hsa04530","Tight junction","37/722","169/7925",3.13232165381681e-07,8.63584007360709e-07,4.03673523512053e-07,"ACTB/ACTN4/CCND1/CDC42/CDK4/CTTN/ERBB2/HSPA4/ITGB1/JUN/LLGL1/MAP2K7/MAP3K1/MAPK8/MAPK9/MSN/NF2/PCNA/PPP2R1A/PRKAA1/PRKCE/PRKCI/RAB8A/RAC1/RAP1A/RHOA/ROCK1/ROCK2/RUNX1/SLC9A3R1/SRC/STK11/TIAM1/TJP1/TUBA1B/VASP/YBX3",37
"hsa04928","Parathyroid hormone synthesis, secretion and action","27/722","106/7925",5.54513177109829e-07,1.51464247451296e-06,7.08004154009626e-07,"ARRB1/ATF2/ATF4/BCL2/BRAF/CDKN1A/CREB1/EGFR/EGR1/FGFR1/FOS/GNA13/GNAQ/GNAS/JUND/MAP2K1/MAPK1/MAPK3/MMP14/PLD1/PRKCA/RAF1/RHOA/RXRA/SLC9A3R1/SP1/VDR",27
"hsa04350","TGF-beta signaling pathway","25/722","94/7925",6.05510594987225e-07,1.6387672066168e-06,7.66024992209817e-07,"ACVR1/ACVR1B/CDKN2B/CREBBP/CUL1/EP300/ID1/ID4/MAPK1/MAPK3/MYC/PPP2R1A/RHOA/ROCK1/SMAD2/SMAD3/SMAD4/SMAD7/SP1/TGFB1/TGFB3/TGFBR1/TGFBR2/THBS1/TNF",25
"hsa04310","Wnt signaling pathway","35/722","160/7925",6.68795536524536e-07,1.79358802977035e-06,8.38394404638414e-07,"APC/AXIN1/AXIN2/BTRC/CCND1/CCND3/CREBBP/CSNK1A1/CSNK2A1/CTBP1/CTNNB1/CTNNBIP1/CUL1/DKK1/EP300/FOSL1/GSK3B/JUN/LEF1/MAP3K7/MAPK8/MAPK9/MYC/NFATC2/PPARD/PRKCA/RAC1/RHOA/ROCK2/SFRP1/SFRP2/SMAD3/SMAD4/TCF7L2/TP53",35
"hsa04390","Hippo signaling pathway","34/722","154/7925",7.70191071366511e-07,2.04690419867676e-06,9.56804460398415e-07,"ACTB/APC/AXIN1/AXIN2/BBC3/BIRC5/BTRC/CCND1/CCND3/CDH1/CCN2/CTNNB1/GSK3B/ID1/LEF1/LLGL1/MYC/NF2/PPP2R1A/PRKCI/RASSF1/SMAD2/SMAD3/SMAD4/SMAD7/SNAI2/SOX2/TCF7L2/TEAD4/TGFB1/TGFB3/TGFBR1/TGFBR2/YAP1",34
"hsa04064","NF-kappa B signaling pathway","26/722","102/7925",8.84778816017401e-07,2.33044420290298e-06,1.08934233926954e-06,"ATM/BCL10/BCL2/BCL2A1/BCL2L1/BIRC3/CFLAR/CSNK2A1/CXCL1/CYLD/ICAM1/IKBKB/IL1B/MAP3K14/MAP3K7/MYD88/NFKB1/NFKBIA/PARP1/PTGS2/RELA/TNF/TNFRSF1A/TRAF2/UBE2I/XIAP",26
"hsa04612","Antigen processing and presentation","22/722","78/7925",9.67313250783371e-07,2.52528680514243e-06,1.18041952354561e-06,"B2M/CALR/CANX/CREB1/CTSB/HLA-A/HLA-B/HLA-C/HLA-DPB1/HLA-DRB1/HLA-E/HSP90AA1/HSPA1A/HSPA1B/HSPA4/HSPA5/HSPA8/IFI30/PDIA3/TAP1/TAPBP/TNF",22
"hsa04658","Th1 and Th2 cell differentiation","24/722","92/7925",1.48456642846813e-06,3.84164119647455e-06,1.79573593840559e-06,"FOS/HLA-DPB1/HLA-DRB1/IKBKB/JAG1/JAK1/JAK2/JUN/MAML1/MAPK1/MAPK14/MAPK3/MAPK8/MAPK9/NFATC2/NFKB1/NFKBIA/NOTCH1/RELA/RUNX3/STAT1/STAT5A/STAT5B/STAT6",24
"hsa04914","Progesterone-mediated oocyte maturation","25/722","99/7925",1.72913333523794e-06,4.43560290343646e-06,2.07337727154389e-06,"AKT1/AKT2/AKT3/AURKA/BRAF/CCNB1/CDC25C/CDK1/CDK2/HSP90AA1/IGF1/IGF1R/KIF22/KRAS/MAD1L1/MAP2K1/MAPK1/MAPK14/MAPK3/MAPK8/MAPK9/PIK3CA/PKMYT1/PLK1/RAF1",25
"hsa05416","Viral myocarditis","18/722","60/7925",3.56425613801568e-06,9.06427207512607e-06,4.2370013981856e-06,"ABL1/ACTB/BID/CASP3/CASP8/CASP9/CAV1/CCND1/EIF4G2/FYN/HLA-A/HLA-B/HLA-C/HLA-DPB1/HLA-DRB1/HLA-E/ICAM1/RAC1",18
"hsa04720","Long-term potentiation","19/722","67/7925",4.85937894138094e-06,1.22522802368152e-05,5.72720325075037e-06,"ATF4/BRAF/CALM1/CALM2/CALM3/CREBBP/EP300/GNAQ/HRAS/KRAS/MAP2K1/MAP2K2/MAPK1/MAPK3/NRAS/PRKCA/RAF1/RAP1A/RAP1B",19
"hsa05146","Amoebiasis","24/722","102/7925",1.04119000746778e-05,2.60297501866945e-05,1.21673408544406e-05,"ACTN4/CASP3/COL4A1/COL4A2/CXCL1/FN1/GNAQ/GNAS/HSPB1/IL10/IL1B/IL6/NFKB1/PIK3CA/PRKCA/PTK2/RAB5A/RAB5B/RAB7A/RELA/TGFB1/TGFB3/TNF/VCL",24
"hsa04730","Long-term depression","17/722","60/7925",1.54894167187885e-05,3.83981338827109e-05,1.79488154813029e-05,"BRAF/GNA13/GNAQ/GNAS/HRAS/IGF1/IGF1R/KRAS/MAP2K1/MAP2K2/MAPK1/MAPK3/NRAS/PLA2G4A/PPP2R1A/PRKCA/RAF1",17
"hsa05144","Malaria","15/722","49/7925",1.76500911845122e-05,4.33898074952591e-05,2.02821223260622e-05,"CD81/HGF/ICAM1/IL10/IL1B/IL6/LRP1/MET/MYD88/SDC1/TGFB1/TGFB3/THBS1/THBS2/TNF",15
"hsa04670","Leukocyte transendothelial migration","25/722","112/7925",1.82482902793909e-05,4.44896333257878e-05,2.07962246768179e-05,"ACTB/ACTN4/BCAR1/CDC42/CTNNB1/CTNND1/ICAM1/ITGB1/MAPK14/MMP2/MSN/PIK3CA/PRKCA/PTK2/PTPN11/PXN/RAC1/RAP1A/RAP1B/RHOA/ROCK1/ROCK2/SIPA1/VASP/VCL",25
"hsa04666","Fc gamma R-mediated phagocytosis","22/722","93/7925",2.20978876381011e-05,5.32606022680414e-05,2.48961245213682e-05,"AKT1/AKT2/AKT3/ARF6/ASAP1/CDC42/CRK/MAP2K1/MAPK1/MAPK3/MARCKS/MARCKSL1/PAK1/PIK3CA/PLA2G4A/PLD1/PRKCA/PRKCD/PRKCE/RAC1/RAF1/VASP",22
"hsa04024","cAMP signaling pathway","39/722","216/7925",2.22069629795562e-05,5.32606022680414e-05,2.48961245213682e-05,"AKT1/AKT2/AKT3/ATP2B4/BAD/BRAF/CALM1/CALM2/CALM3/CREB1/CREBBP/EP300/F2R/FOS/GNAS/JUN/MAP2K1/MAP2K2/MAPK1/MAPK3/MAPK8/MAPK9/NFKB1/NFKBIA/PAK1/PIK3CA/PLD1/POMC/PPARA/RAC1/RAF1/RAP1A/RAP1B/RELA/RHOA/ROCK1/ROCK2/SLC9A1/TIAM1",39
"hsa04360","Axon guidance","34/722","181/7925",3.20900497598638e-05,7.63432635416115e-05,3.56858787652136e-05,"ABL1/CDC42/EPHA2/FYN/GSK3B/HRAS/ILK/ITGB1/KRAS/L1CAM/MAPK1/MAPK3/MET/NFATC2/NRAS/NRP1/PAK1/PAK2/PDK1/PIK3CA/PLXNB1/PRKCA/PTK2/PTPN11/RAC1/RAF1/RASA1/RHOA/ROBO1/ROCK1/ROCK2/SEMA6A/SRC/SRGAP2",34
"hsa04611","Platelet activation","26/722","124/7925",3.97956740914832e-05,9.39177908559005e-05,4.39009120503941e-05,"ACTB/AKT1/AKT2/AKT3/F2/F2R/FYN/GNA13/GNAQ/GNAS/ITGB1/ITGB3/MAPK1/MAPK14/MAPK3/PIK3CA/PLA2G4A/PRKCI/RAP1A/RAP1B/RHOA/ROCK1/ROCK2/SRC/STIM1/VASP",26
"hsa04921","Oxytocin signaling pathway","30/722","153/7925",4.0318467135741e-05,9.43964111511396e-05,4.41246382187307e-05,"ACTB/CALM1/CALM2/CALM3/CCND1/CDKN1A/EEF2/EGFR/FOS/GNAQ/GNAS/HRAS/JUN/KRAS/MAP2K1/MAP2K2/MAPK1/MAPK3/NFATC2/NRAS/PLA2G4A/PRKAA1/PRKCA/PTGS2/RAF1/RCAN1/RHOA/ROCK1/ROCK2/SRC",30
"hsa05332","Graft-versus-host disease","13/722","41/7925",4.23208083904906e-05,9.83042399621632e-05,4.59513128815107e-05,"FAS/FASLG/GZMB/HLA-A/HLA-B/HLA-C/HLA-DPB1/HLA-DRB1/HLA-E/IL1A/IL1B/IL6/TNF",13
"hsa05321","Inflammatory bowel disease (IBD)","17/722","65/7925",4.83665929717776e-05,0.000111469882239644,5.21054578890039e-05,"HLA-DPB1/HLA-DRB1/IL10/IL1A/IL1B/IL6/JUN/NFKB1/RELA/SMAD2/SMAD3/STAT1/STAT3/STAT6/TGFB1/TGFB3/TNF",17
"hsa04940","Type I diabetes mellitus","13/722","43/7925",7.40037663529053e-05,0.000169233419179124,7.91064332291358e-05,"FAS/FASLG/GZMB/HLA-A/HLA-B/HLA-C/HLA-DPB1/HLA-DRB1/HLA-E/HSPD1/IL1A/IL1B/TNF",13
"hsa04929","GnRH secretion","16/722","64/7925",0.000143693413841382,0.000326073516024673,0.000152419734520008,"AKT1/AKT2/AKT3/ARRB1/GNAQ/HRAS/KRAS/MAP2K1/MAP2K2/MAPK1/MAPK3/NRAS/PIK3CA/PRKCA/RAF1/SPP1",16
"hsa04930","Type II diabetes mellitus","13/722","46/7925",0.000159243017300725,0.00035860068781461,0.000167624228737606,"HK2/IKBKB/IRS1/MAPK1/MAPK3/MAPK8/MAPK9/MTOR/PIK3CA/PRKCD/PRKCE/SOCS2/TNF",13
"hsa04022","cGMP-PKG signaling pathway","30/722","167/7925",0.00021271573874271,0.000475387446432571,0.000222215006182576,"AKT1/AKT2/AKT3/ATF2/ATF4/ATP2B4/BAD/CALM1/CALM2/CALM3/CREB1/EDNRB/GNA13/GNAQ/IRS1/MAP2K1/MAP2K2/MAPK1/MAPK3/NFATC2/PRKCE/RAF1/RHOA/ROCK1/ROCK2/SLC25A4/SRF/VASP/VDAC1/VDAC2",30
"hsa04144","Endocytosis","40/722","249/7925",0.000253916883460123,0.000563199102411551,0.000263261667853392,"AP2A1/ARF6/ARRB1/ASAP1/CAV1/CDC42/EGFR/EHD1/FGFR3/GIT1/HLA-A/HLA-B/HLA-C/HLA-E/HRAS/HSPA1A/HSPA1B/HSPA8/IGF1R/IGF2R/KIF5B/LDLR/MDM2/PDCD6IP/PDGFRA/PLD1/PRKCI/RAB4A/RAB5A/RAB5B/RAB7A/RAB8A/RHOA/SMAD2/SMAD3/SRC/TFRC/TGFBR1/TGFBR2/VTA1",40
"hsa04540","Gap junction","19/722","88/7925",0.00028677247136463,0.000631327455616163,0.000295107570689446,"CDK1/EGF/EGFR/GNAQ/GNAS/HRAS/KRAS/MAP2K1/MAP2K2/MAPK1/MAPK3/NRAS/PDGFRA/PRKCA/RAF1/SOS1/SRC/TJP1/TUBA1B",19
"hsa05010","Alzheimer disease","30/722","171/7925",0.000325837932019145,0.000712016221819612,0.000332824710288561,"ADAM10/ADAM17/APAF1/APH1A/APOE/APP/ATF6/BAD/BID/CALM1/CALM2/CALM3/CAPN1/CASP3/CASP7/CASP8/CASP9/FADD/FAS/GAPDH/GNAQ/GSK3B/IL1B/LRP1/MAPK1/MAPK3/NDUFS6/TNF/TNFRSF1A/UQCRFS1",30
"hsa05330","Allograft rejection","11/722","38/7925",0.000402949409462034,0.00087404467493603,0.000408563255723889,"FAS/FASLG/GZMB/HLA-A/HLA-B/HLA-C/HLA-DPB1/HLA-DRB1/HLA-E/IL10/TNF",11
"hsa04623","Cytosolic DNA-sensing pathway","15/722","63/7925",0.000408673660961593,0.00087999072980781,0.000411342678340136,"ADAR/IKBKB/IL1B/IL6/IRF3/MAVS/NFKB1/NFKBIA/POLR3E/PYCARD/RELA/RIPK3/TBK1/TMEM173/TREX1",15
"hsa05168","Herpes simplex virus 1 infection","66/722","491/7925",0.00069323499355409,0.00148191538477142,0.000692706210187535,"AKT1/AKT2/AKT3/APAF1/B2M/BAD/BAK1/BAX/BCL2/BCL2L1/BID/BIRC3/BST2/CALR/CASP3/CASP8/CASP9/DAXX/EIF4EBP1/FADD/FAS/FASLG/HLA-A/HLA-B/HLA-C/HLA-DPB1/HLA-DRB1/HLA-E/IFNAR1/IFNAR2/IKBKB/IL1B/IL6/IRF3/IRF9/ITGA5/ITGB3/JAK1/JAK2/MAP3K7/MAVS/MTOR/MYD88/NFKB1/NFKBIA/PDIA3/PIK3CA/POU2F1/PTPN11/RELA/RHEB/SRC/SRSF1/SRSF6/STAT1/STAT2/TAP1/TAPBP/TBK1/TMEM173/TNF/TNFRSF1A/TP53/TRAF2/TSC1/TSC2",66
"hsa04141","Protein processing in endoplasmic reticulum","28/722","166/7925",0.000968111556876544,0.00205462524660849,0.000960413585390589,"AMFR/ATF4/ATF6/BAK1/BAX/BCAP31/BCL2/CALR/CANX/CAPN1/CUL1/DNAJC1/EDEM1/HSP90AA1/HSP90B1/HSPA1A/HSPA1B/HSPA5/HSPA8/HSPH1/MAP2K7/MAPK8/MAPK9/MBTPS1/PDIA3/TRAF2/VCP/XBP1",28
"hsa05143","African trypanosomiasis","10/722","37/7925",0.00132412899878324,0.00279012896172182,0.00130421728451582,"FAS/FASLG/GNAQ/ICAM1/IL10/IL1B/IL6/MYD88/PRKCA/TNF",10
"hsa04330","Notch signaling pathway","12/722","53/7925",0.00240659286909564,0.005035070187115,0.00235359213028391,"ADAM17/APH1A/CREBBP/CTBP1/DTX3L/EP300/HDAC1/HDAC2/HES1/JAG1/MAML1/NOTCH1",12
"hsa04114","Oocyte meiosis","22/722","128/7925",0.00256407961863583,0.00532678512322232,0.00248995129756333,"AURKA/BTRC/CALM1/CALM2/CALM3/CCNB1/CDC25C/CDK1/CDK2/CUL1/IGF1/IGF1R/MAD1L1/MAP2K1/MAPK1/MAPK14/MAPK3/PKMYT1/PLK1/PPP2R1A/PTTG1/SMC1A",22
"hsa03460","Fanconi anemia pathway","12/722","54/7925",0.0028439245147268,0.00586683728562521,0.00274239316473471,"ATR/BLM/BRCA1/ERCC1/FANCA/FANCD2/HES1/MLH1/PALB2/RAD51/RMI1/TOP3A",12
"hsa04728","Dopaminergic synapse","22/722","131/7925",0.0034453697339126,0.00705822271877929,0.00329929411653911,"AKT1/AKT2/AKT3/ATF2/ATF4/CALM1/CALM2/CALM3/CLOCK/CREB1/FOS/GNAQ/GNAS/GNG2/GSK3A/GSK3B/KIF5B/MAPK14/MAPK8/MAPK9/PPP2R1A/PRKCA",22
"hsa05217","Basal cell carcinoma","13/722","63/7925",0.00385432339826595,0.00784155449992037,0.00366545455660863,"APC/AXIN1/AXIN2/BAK1/BAX/CDKN1A/CTNNB1/DDB2/GADD45A/GSK3B/LEF1/TCF7L2/TP53",13
"hsa04512","ECM-receptor interaction","16/722","88/7925",0.00540286185225606,0.0108705756186287,0.00508133953984072,"CD44/CD47/COL4A1/COL4A2/FN1/ITGA5/ITGAV/ITGB1/ITGB3/SDC1/SDC4/SPP1/THBS1/THBS2/TNC/VTN",16
"hsa01523","Antifolate resistance","8/722","31/7925",0.005416863104876,0.0108705756186287,0.00508133953984072,"ABCC1/IKBKB/IL1B/IL6/NFKB1/RELA/TNF/TYMS",8
"hsa04725","Cholinergic synapse","19/722","112/7925",0.00564860715600768,0.0112590480474477,0.00526292700879806,"AKT1/AKT2/AKT3/ATF4/BCL2/CREB1/FOS/FYN/GNAQ/GNG2/HRAS/JAK2/KRAS/MAP2K1/MAPK1/MAPK3/NRAS/PIK3CA/PRKCA",19
"hsa04925","Aldosterone synthesis and secretion","17/722","98/7925",0.00685672146984821,0.0135454700484959,0.00633169161945747,"ATF1/ATF2/ATF4/ATP2B4/CALM1/CALM2/CALM3/CREB1/GNAQ/GNAS/LDLR/NR4A1/POMC/PRKCA/PRKCE/PRKD1/PRKD3",17
"hsa04922","Glucagon signaling pathway","18/722","106/7925",0.00688752714330298,0.0135454700484959,0.00633169161945747,"AKT1/AKT2/AKT3/ATF2/ATF4/CALM1/CALM2/CALM3/CREB1/CREBBP/EP300/GNAQ/GNAS/LDHA/PPARA/PRKAA1/SIRT1/SLC2A1",18
"hsa05031","Amphetamine addiction","13/722","68/7925",0.00757151146233473,0.0147920257045612,0.00691438132844789,"ATF2/ATF4/CALM1/CALM2/CALM3/CREB1/FOS/FOSB/GNAS/HDAC1/JUN/PRKCA/SIRT1",13
"hsa05323","Rheumatoid arthritis","16/722","93/7925",0.00927485903801844,0.018000548790891,0.00841417267299457,"CTSK/CXCL1/FOS/HLA-DPB1/HLA-DRB1/ICAM1/IL1A/IL1B/IL6/JUN/MMP1/MMP3/TGFB1/TGFB3/TNF/VEGFA",16
"hsa00270","Cysteine and methionine metabolism","10/722","49/7925",0.0115398994624666,0.0222501329505074,0.0104005973827528,"CBS/DNMT1/DNMT3A/LDHA/MDH2/MPST/MRI1/MTAP/PHGDH/SMS",10
"hsa03430","Mismatch repair","6/722","23/7925",0.0146688116138709,0.0280993469226747,0.0131347527096178,"EXO1/MLH1/MSH2/MSH3/MSH6/PCNA",6
"hsa04960","Aldosterone-regulated sodium reabsorption","8/722","37/7925",0.0163147533715879,0.0310506596426996,0.0145143136956062,"IGF1/IRS1/KRAS/MAPK1/MAPK3/PDPK1/PIK3CA/PRKCA",8
"hsa04750","Inflammatory mediator regulation of TRP channels","16/722","100/7925",0.0180760672241271,0.0341823066097275,0.0159781700834052,"CALM1/CALM2/CALM3/GNAQ/GNAS/IGF1/IL1B/MAPK14/MAPK8/MAPK9/PIK3CA/PLA2G4A/PRKCA/PRKCD/PRKCE/SRC",16
"hsa04145","Phagosome","22/722","152/7925",0.0193428603280695,0.0363448649476465,0.0169890358898901,"ACTB/CALR/CANX/HLA-A/HLA-B/HLA-C/HLA-DPB1/HLA-DRB1/HLA-E/ITGA5/ITGAV/ITGB1/ITGB3/RAB5A/RAB5B/RAB7A/RAC1/TAP1/TFRC/THBS1/THBS2/TUBA1B",22
"hsa05320","Autoimmune thyroid disease","10/722","53/7925",0.0197064952111874,0.0367937727044322,0.0171988732356133,"FAS/FASLG/GZMB/HLA-A/HLA-B/HLA-C/HLA-DPB1/HLA-DRB1/HLA-E/IL10",10
"hsa03410","Base excision repair","7/722","33/7925",0.0265322324095158,0.0492264689358942,0.0230104101002752,"APEX1/HMGB1/MPG/OGG1/PARP1/PCNA/XRCC1",7
