name,cmt
HIST1H1C,19
KLHL36,10
NAP1L4,6
CENPO,16
HOXA4,7
CDK2,7
NT5DC3,8
KLHDC3,13
UQCRQ,16
SLC10A3,20
PEX11B,20
MBD1,8
WLS,20
POLR2A,8
SLC7A5,14
HLA-C,16
C2orf44,20
CAPNS1,7
ZBTB8OS,20
RPL10,7
ESRRA,17
NUBPL,11
PRRC2B,10
DDR2,11
S100PBP,2
UBE2N,17
DUSP7,21
AKIP1,21
PLEKHO1,20
EEF2,9
NECAB3,6
SRFBP1,10
DLX1,3
CASK,18
LARP1,2
BAZ2B,10
RPS6KA3,9
ARL2,6
NFE2L1,7
PAN2,13
UHRF1,8
HAX1,1
TES,8
COX10,16
GCDH,21
FADD,19
PKN2,1
RNF24,21
CAPRIN2,15
PAPSS1,20
TUG1,7
S100A6,7
YEATS2,14
CUTA,1
POLR2I,10
NAB1,10
SIN3A,7
SLC29A1,21
DIP2A,20
BUB1B,3
SYNE2,9
ABI2,15
CRLF3,19
BCL2L13,6
AKR1A1,8
PMAIP1,7
SPATA13,18
ATAD3B,20
GCLC,7
HNRNPLL,10
PBRM1,2
TPX2,3
FMN1,10
ETNK2,1
TGFB1,7
ARHGEF25,10
PHLPP1,19
GEMIN4,21
CNOT1,17
C18orf25,17
DR1,1
PLCB3,20
C1orf35,10
KLHL21,6
YIF1B,10
ACYP1,5
KMT2D,9
TTC5,10
PARL,10
TADA2B,1
CLN8,10
GALNT10,2
TEAD2,7
UCN2,7
OTUD4,13
PAX3,7
FOXO3,7
STX2,5
MED13,15
PPP5C,1
API5,3
FCGR2A,13
INPP5A,1
NAF1,20
PPP1R15B,2
ELMSAN1,13
CDKN2AIPNL,16
MYL6,10
ZNF507,4
NACC2,2
EFCAB14,4
WIBG,11
HGFAC,12
CSAG1,17
PRIM1,8
IREB2,9
VDAC2,10
SFN,8
SLC6A8,10
TNC,7
FAM50A,3
KLHL24,5
NLGN2,21
ALG14,10
METTL8,13
PSME4,1
GALK2,16
SLC39A1,7
TMEM101,17
RBMXL1,16
NFYC,7
CLCC1,2
ATP5J2-PTCD1,21
PPP1R7,20
PTPN4,16
S100A11,1
MAP3K2,11
SRSF6,9
HADHB,3
MRE11A,8
CTPS1,20
ASB1,5
XRCC1,8
PSMA4,11
PEG10,2
CNTROB,21
BCL2L11,7
CTBP1,5
H3F3AP6,8
SEPHS2,3
PDAP1,5
RPP25,15
ATL3,21
SHMT1,18
CBWD1,5
MAU2,10
UVRAG,18
SLC38A2,16
CDK18,17
NEDD9,13
SLC30A7,16
C7orf43,2
VAMP5,9
DCUN1D2,1
SH3BP5,3
TRADD,15
SNRPA1,5
BPGM,5
CDC23,13
ECD,8
RAB5A,19
SRRM2,4
FAM20C,10
CRCP,15
PAGR1,9
CTDNEP1,21
ABHD3,17
RAC1,14
CKS1B,9
ARCN1,3
SF3B2,3
UGDH,9
PRKD1,20
CHCHD10,10
ASXL1,21
MIR101-2,19
NGRN,19
AXIN2,8
EFHD2,16
RAE1,8
CSE1L,8
SNRK,11
WDR11,1
DNAJC7,5
C11orf24,10
RALBP1,7
OSBPL10,17
FKBP7,5
NFYB,7
SLC25A13,20
SNX9,3
BRWD1,17
CLIC1,10
NAT10,21
TREX1,7
PRR13,17
DNAJC30,13
PITRM1,3
HERPUD1,20
SCP2,2
ATXN2,7
ZDHHC8,10
FNBP1,9
BUD31,1
EVI5,5
SAP18,8
PSMB4,10
DGCR6L,19
D2HGDH,8
BMPR2,11
IRF4,7
E2F4,7
STAU1,17
CEP41,1
PAFAH1B2,17
NCAPD2,1
DHRS7B,10
FARP1,20
ZBTB2,7
SON,20
PTGS2,7
APH1A,10
CAT,7
MIR149,21
TEX10,17
SPRYD7,20
TMEM2,17
PRIM2,21
LMNB1,19
PRPF38B,19
CYC1,7
TMEM65,20
DHX38,8
ITGB8,7
RAB5B,6
KLHL12,14
VEGFB,7
SLC35B3,9
ZNF24,10
YBX1,7
PATL1,16
MIR205,14
ENOX2,3
RPL34,21
ST8SIA1,7
SLC35E2B,10
SENP5,3
LDLRAP1,9
WDR77,18
REXO1,10
SLC25A12,9
NACC1,19
C9orf142,1
RAB10,16
TIAL1,2
PRR12,8
ADAMTS1,10
UBAP2,8
PSMD1,21
HSPA4,7
TMEM109,4
FZD6,14
HIVEP3,11
RRP1B,8
ILK,7
ELAVL1,9
RBBP7,10
RRAGA,1
NCAPH2,3
MIDN,17
MPG,20
CLIC4,19
NUP37,3
UCK1,20
UBE2Z,10
MAPKAPK2,14
RFC4,3
ZFYVE16,11
NUDCD1,18
STK38,20
RSU1,8
AHSA1,6
TCF7L2,7
PLEKHA2,8
TOR1AIP2,18
TMEM64,5
FOXK2,16
ZFP36L2,19
VDR,7
GZF1,20
MRPS9,3
ZNF317,21
EOGT,9
GDAP1,18
RSL24D1,13
TRMT1,1
ELP2,19
RCN2,1
PAXBP1,1
RPS5,10
CBX3,4
AHNAK,8
ERLIN2,8
CSNK1A1,14
ABCC1,7
ECI2,11
MCTP1,18
DHRS3,10
ALCAM,7
E2F6,7
VPS45,8
HSPA14,6
ME1,8
WIPF2,18
SYNJ2,6
UAP1,1
CAPN15,21
CDC25B,16
AP1B1,17
KHNYN,21
CHRAC1,1
KIAA0100,5
RAD1,1
CCNL1,16
ZNF207,11
CAMLG,21
ZNF160,1
DENR,16
DDX52,5
PLA2G12A,16
SLC9A6,4
ACBD6,3
HMBOX1,17
NUP188,4
TAF9B,3
ZCCHC8,21
TGFBR1,5
POLD1,7
SHC1,19
SMG5,3
WDR55,15
CCNB2,20
MAT2B,7
CDC42EP4,3
GSS,7
GPHN,20
STIP1,20
C16orf72,10
TUBA1C,17
PLEKHA1,10
ASPH,7
SLC35G1,3
MYO5A,3
OSBPL8,21
MTUS1,5
AGFG2,20
PCOLCE2,5
CD2AP,7
MRPS27,15
REEP4,3
DLC1,18
NSD1,21
MIR214,6
SPRED1,4
NME2,17
SQSTM1,19
EEFSEC,3
GYG1,4
MAP2K1,8
RCN1,8
RNF213,19
PLEKHA5,1
ATP5G2,21
ESRP1,10
RPL3,10
MTA2,8
SIGIRR,21
DHODH,21
FLYWCH1,10
LITAF,7
FUNDC1,10
MICAL2,19
FXN,16
CXCL1,7
ETV5,7
GTF2A1,10
MFSD6,19
NUCB2,3
UBR5,11
KIAA0586,3
NCOA5,20
OSTM1,1
BTN2A2,19
TESK1,10
HOXC4,21
BAG5,1
RNF4,17
GBAS,10
STK17A,13
C8orf76,2
EIF4G1,8
CKAP4,10
SETD1B,10
OXSR1,16
GLG1,11
WSB1,11
CTNNB1,6
MCL1,7
TOP2A,7
OSBPL9,1
PKMYT1,3
ARL15,16
ABCF2,10
TIMM13,1
RBM42,1
EXOC3,1
PPCS,10
PRPF40B,3
CDKAL1,21
TNRC6A,16
MRPL41,8
LEMD3,1
MRPS33,20
CPEB2,10
WBSCR16,13
PRKCDBP,7
GGA3,6
MMAB,2
HRAS,14
EMP2,6
BAHD1,20
SH3TC2,2
SLC6A6,7
CTDSP2,21
SOX4,7
EIF4EBP1,10
RAPH1,18
RABL2B,20
FBXL18,17
ABHD16A,1
SUPT20H,20
CLNS1A,10
DNMT1,13
GLA,3
CRBN,10
TSR1,18
STAT1,7
PTK2,7
HIST1H2BK,4
NDRG1,7
MCAT,20
SLC16A4,21
LUZP1,6
SNRPD2,21
NTPCR,10
GNAI3,5
KRIT1,11
WDR82,1
MMP3,7
STRAP,8
DYNLT1,13
NHP2L1,21
ATG16L1,10
DCK,4
ATG4B,20
HNRNPR,18
UNC119B,19
MIR29A,13
FNDC3B,10
CCNT1,4
AAR2,21
TAPT1,1
CLUAP1,5
ZNF791,16
FAM168B,15
CUL1,20
PTRF,3
USO1,20
AARS2,10
EXOC2,18
DFFA,21
C1orf27,20
MIER3,2
FNTB,14
GSK3B,20
CBR1,10
ZNF28,18
C9orf3,6
CHD9,5
PGRMC1,20
RMDN3,3
SUCLG2,10
TBP,7
COL4A3BP,7
PPP4R2,9
APPBP2,16
FBXL5,18
SLC25A25,14
TSC22D1,9
PLIN3,8
IGFBP3,7
RTF1,3
PDLIM1,10
CPT1A,6
ESF1,14
SEC16A,20
PNPT1,4
RAVER1,3
TXNIP,4
HPN,12
SLC7A6,3
SFMBT1,20
TUSC2,10
STX1A,8
RBM10,17
FGF2,7
NUP50,15
PIGN,13
WHSC1,11
MTHFD2,6
SPTBN1,9
C9orf78,15
DAAM1,11
TBC1D25,21
EDF1,7
ZNF106,11
DDX6,13
MBNL1,18
C7orf55-LUC7L2,16
GOLGA1,2
POT1,7
BAD,14
GPKOW,21
FYTTD1,2
DAGLB,3
EXOSC1,17
SFPQ,20
SPATA2,19
LIG3,21
GM2A,10
TRIM2,5
CREB1,7
SLC25A36,17
PHRF1,17
TRIP13,1
PLEKHA8,5
LOXL4,7
MNT,21
IRAK1,11
WT1,17
MAP2K2,14
TIMM50,3
GAR1,1
PSMB5,17
ZNF131,13
PTPRK,9
TSG101,5
SESN2,4
STAT3,7
FAM213A,20
NOL10,21
HIP1R,10
MED12,4
PEA15,8
TMEM14A,16
SF3A1,3
NFKBIA,20
ENOPH1,10
FLCN,14
ZNF12,5
CBX4,5
SMC3,3
NHP2,10
RPS28,10
SNAI1,7
IPO5,5
BIRC5,7
SLFN5,2
IFFO2,14
IGF1,6
IFI44,19
RBM33,8
DDRGK1,1
TPCN2,8
WDR19,10
ZFYVE27,3
CHMP2B,9
TPRN,10
AGO1,10
BCL3,7
YARS,1
TPD52,9
RNU4-2,7
SUMO1,9
NIPA2,14
SMU1,10
DERA,17
UGT8,7
MBTPS2,14
CORO1B,8
SC5D,20
PEX19,4
SLC19A1,7
TWSG1,11
GPR180,9
TRIM21,18
NAA40,13
KIAA0391,4
HIST1H2AC,8
SPRY1,7
ACADSB,9
C12orf73,2
SLC7A11,10
CCDC137,1
NUPR1,7
ZNF367,15
SAFB,20
STK35,21
CUL4B,1
SUPV3L1,19
HADHA,20
WDR12,3
XPO6,4
PTPN23,16
SEMA4C,6
RFC1,17
ITGA5,7
NCKAP5L,17
POLR3K,21
DDIT4,19
POGK,13
ANKS1A,10
CD151,20
FSCN1,13
CDK17,16
KIAA0430,1
MTFR1L,1
RPLP0,2
CDC20,8
GIT1,21
PPIL3,20
TPI1,3
ZNF664,5
DCAF10,11
GPM6B,19
MARCKSL1,2
TMX4,11
DHX8,10
RYBP,9
MAN2B1,7
ASXL2,13
RAB8A,19
HYOU1,3
MAP3K6,14
ETV1,7
ACTG1,17
SLC2A1,6
RSF1,11
MMD,14
RPIA,8
GID8,17
USP42,7
RGP1,15
SLC5A6,20
WDR13,5
ATP13A2,3
EIF2B2,1
RNPS1,17
BUB1,3
CEBPB,7
THAP11,7
KREMEN1,2
ERAP1,10
C12orf10,1
TIAM1,14
GULP1,10
MCAM,7
FKBP10,5
IRF3,7
HTRA1,1
ATXN1,19
SUOX,20
POLRMT,10
IRGQ,10
RPL26,3
PCYOX1,1
DCTN6,13
CAMK4,2
RBFOX2,10
TSNAX,11
LOXL2,13
FXR2,7
B4GALT5,14
POU2F1,7
HP1BP3,13
ARHGAP1,8
PRPF38A,4
RAP1A,4
SDHC,9
TOE1,20
EIF3B,17
ABCB8,20
DHX9,21
HFE,19
ACAT2,10
AGRN,1
ISG15,7
MLF2,10
GTF2E2,2
EIF5,11
MOXD1,11
RB1CC1,7
NGFR,21
RRP8,20
CRIM1,4
NT5C2,6
PTEN,14
5-Mar,8
FAM131A,20
SIKE1,16
UTP18,21
AKT1,14
RPS21,3
ISCU,11
OVCA2,1
GCN1L1,17
PSMD2,10
ASF1B,6
GOT2,10
SLC25A28,4
PCGF3,6
TMTC1,3
AMOTL1,15
KIF22,19
NDUFAF3,17
FOXM1,7
TSC1,10
UBN1,2
GFPT1,8
AKAP9,11
ARID1A,18
IRF2,7
ANAPC1,3
LYPLAL1,2
PMEPA1,10
COL6A2,7
CHEK1,7
BHLHE41,7
DCTN1,10
PPP2R2A,4
VAPA,2
CMPK1,4
ZNF226,13
POLR2E,21
NTMT1,13
AP2A2,8
PIGP,6
NAMPT,7
NUDCD2,6
SCARB2,14
BCL2A1,7
OAF,9
FECH,10
ZFP36L1,5
OSBPL2,21
CYTH1,8
SCLY,3
MTFR1,20
ARRB1,10
TXLNG,20
TRIM28,21
EZH2,19
RND3,19
BRPF1,20
HCCS,16
DPM1,4
TMSB4X,14
SNX1,21
TNFRSF1B,7
PAIP2,17
PTRH2,21
RANBP2,10
KIF23,7
DIMT1,19
TRIB3,4
NOC2L,21
GTF3C5,17
CHD8,1
MLEC,16
PCBP2,8
EXOSC10,3
RPN2,2
RRM2,2
GRPEL2,20
KDM1A,1
PACSIN2,1
P2RX7,9
HEATR1,10
MICA,4
TMEM55B,14
CBL,1
C21orf91,13
BMI1,7
ZDHHC5,10
NRF1,11
SRSF1,15
CCNL2,17
CNOT11,21
FAM8A1,2
RAD17,5
SNRNP27,4
CXorf56,10
ELAC2,10
NSMCE4A,20
TRPV2,14
SLC25A10,17
PIGQ,6
SERGEF,1
DYRK2,19
ZNF217,11
EMD,10
RNF125,19
CAPN1,8
GLRX2,6
ADAM10,1
PPP1R2,2
LSM6,20
TMEM245,17
ALKBH5,13
MPP6,10
FAT1,5
TFG,3
CAPN5,6
LPCAT1,14
TMEM183A,17
CDKN2A,7
PDXP,10
MRGBP,19
NLE1,17
DDX18,20
HLCS,19
EEF1A2,1
HMGB2,5
ATL2,17
KDELR1,20
PTGFRN,20
EFTUD2,3
DCTN5,4
GTPBP3,5
DRAP1,1
TPRKB,1
RPL39,1
ERO1L,18
AGFG1,4
PTBP1,10
POLG,17
RECQL,10
MRPL32,3
TSC2,10
STK17B,5
SMAD4,7
SLC11A2,21
SNX10,10
DIP2C,8
DYRK3,17
PI4K2A,9
KLHL20,19
HECTD3,6
ZSWIM7,8
OBSL1,21
PCYT1A,3
KATNAL1,14
RPS3A,10
VPS36,11
LRRC42,21
C9orf41,19
DNAJB4,7
AKAP8L,4
WBP11,8
JMJD1C,14
SRSF2,17
TICAM1,17
CHD1,2
TUBB3,3
STRIP2,6
ID2,7
ATXN7L3B,20
UBE2Q1,15
MDH2,3
SLC1A4,20
PTPN14,11
BAG2,6
SCAF11,11
DTYMK,8
TMEM70,18
SDAD1,20
TCFL5,3
CREM,7
POLR2H,20
YWHAB,16
UQCRB,11
NECAP2,21
TOB2,17
PMPCA,20
CYGB,7
NOL12,10
TP53BP1,5
PPAP2B,5
IFT172,10
CBFB,1
PCBP1,11
PQBP1,21
OXR1,19
PTAR1,10
SLC25A15,3
SMARCC2,6
FN3K,21
EPB41L1,9
BNIP3,1
SEMA6A,2
RB1,7
RPL7A,10
CHCHD2,17
TOR1A,13
STK40,4
TMED7,17
DRAM1,5
SGPP1,8
SNAP23,8
TPD52L2,13
GDI2,17
KCTD5,8
MIR146A,19
NOL6,3
MED16,10
MGAT5,5
WDTC1,16
PPP1CB,18
PCGF5,2
UBA3,1
ARHGEF39,21
KMT2E,5
FAM98B,13
IL17RA,10
AFAP1,20
EHD2,6
FLOT2,6
KDM4A,8
ZBTB18,15
STAT6,7
GABPA,7
NAA50,5
HSD17B12,14
BTN3A3,11
TUBB,10
IGF2BP3,8
TGFBI,7
UTP15,19
C12orf65,17
STX5,1
CRTC2,5
SRPRB,19
UPF2,1
COX7C,3
TGFBR2,7
DDB2,7
NEIL2,3
CCNT2,13
INTS6,1
VIM,7
MRS2,1
TGFB3,13
URM1,8
EPHX1,7
MAPK14,14
CANX,17
CDK2AP1,11
IGFBP4,7
ATG3,1
GLTSCR2,20
AMOT,14
SLC16A3,7
HNRNPAB,8
ANP32B,15
ADO,14
CDC5L,10
TFDP2,16
IFIT5,19
TIMP3,17
PCCA,1
NDUFA12,2
SRSF7,2
AKT3,17
IWS1,3
PRAF2,1
METTL2A,10
CERK,19
ATP6V0A1,20
REEP3,8
RGMB,16
MIA,7
MEPCE,3
RNF187,5
LIMA1,13
BTBD3,16
POMC,7
TENM3,15
MOSPD1,5
TSPAN3,16
ANXA2,1
MAN2A1,21
PGPEP1,17
MYH9,9
RACGAP1,7
PARVB,20
COBLL1,11
ATP13A3,5
CDK13,2
KIT,7
SLC25A4,20
RAF1,14
NUMB,4
BMPR1A,10
SH3GL1,2
TTL,21
NBPF1,2
LHFPL2,10
ALDOA,7
AKAP17A,16
ARL6IP6,14
PIGS,13
SLC25A38,10
TRIM22,7
TMEM248,6
RAP2C,19
GABARAP,6
ASPM,3
CENPJ,3
EXOSC2,6
RCE1,14
C15orf40,17
CRK,15
APITD1,5
CAPG,8
TOR1B,10
AFTPH,11
LLGL1,21
SLC25A5,7
M6PR,6
RHOQ,11
FBXL7,4
CCDC86,2
C17orf49,6
TRAK1,1
PEAK1,10
SRD5A1,16
ARIH2,17
BANP,7
FMR1,11
APRT,20
RRP9,10
UBAP2L,10
HSPH1,7
RELA,7
EHD1,8
TUBGCP3,20
ST3GAL5,7
SRP68,17
ARHGEF12,11
PUS1,3
MINOS1,21
PHC1,21
DHX15,17
RAB12,16
LRP10,13
ZNF561,1
DMWD,17
FAM103A1,19
KIRREL,1
MVK,15
RARA,7
ARHGAP21,11
ITGA3,7
SLC4A2,7
PCCB,19
LOH12CR1,14
RTFDC1,1
TMBIM6,1
IFRD1,13
FANCG,3
RBM34,20
RUFY3,11
VPS41,16
ATOX1,10
VLDLR,7
DESI1,21
LLPH,8
SLC25A1,7
FTSJ1,10
RAB5C,15
ISOC2,3
RAP2B,18
ANAPC13,15
POM121,17
XPNPEP3,5
MYO19,10
TRAM1,1
PLOD2,17
ESCO2,21
ZBTB10,6
EIF3J,1
MED25,11
MRRF,3
SUMO2,20
HTT,7
SAP30L,1
TRIM38,13
RBM38,4
ARHGAP12,16
PPP2CA,7
MDM4,9
NLGN1,4
ACO1,7
SPINT1,12
CIAO1,1
OLA1,19
UBE2R2,10
MTMR4,3
ATXN3,7
OSMR,10
PLAT,7
ACAP2,21
GPR137B,5
COL4A2,13
DNAJB6,8
EXOC8,17
SKP2,11
DMTF1,11
CCDC14,15
EXT2,8
ZNF267,10
CDCA5,4
TFCP2,7
CHST14,3
MPPE1,19
POLR3E,4
HNRNPA1,15
UBXN8,20
TFAM,15
CEP57L1,6
XPO1,2
NPM1,10
SURF6,10
SVIP,6
TOM1L1,10
RBX1,10
OXNAD1,1
XBP1,7
RANGAP1,4
KIF1B,9
NFIC,7
ITGB3BP,9
VEGFA,7
GGPS1,20
CNOT10,1
ROCK2,18
SKI,10
GRN,9
MMP2,7
PGM3,2
TMEM194A,1
ERCC2,7
GSK3A,20
SUCLG1,10
TERF2IP,20
EHD4,20
AIFM2,6
MIR9-3,9
SH3BGRL3,8
TRMT61A,10
HMGN2,14
CNBP,7
NELFCD,8
C12orf57,10
CCSER2,10
SH3PXD2A,16
CBR4,1
NT5E,7
HERC2,3
SLK,11
HMGB3,14
CDKN2AIP,8
RASSF8,9
ADRBK1,5
DCAF7,4
LGALS3BP,20
DAG1,13
MND1,3
RRAGC,11
EXT1,18
PACS2,21
PRDM4,20
STX16,19
CBFA2T2,19
HSPB8,3
CADM1,6
ATG10,9
BBX,9
ERCC6L2,21
PHF13,2
DHDDS,21
DIAPH3,1
DDX28,20
CCDC59,16
CLPX,20
MBP,7
EMILIN2,20
DNAJC11,3
HIGD1A,6
MC1R,7
TBC1D15,15
PITPNB,5
RPL13A,10
XRCC5,7
PNPLA4,1
CASP9,14
NCALD,18
C11orf30,4
PPARA,7
QSOX2,21
PSMD11,10
ATP6V1A,21
MYLK,7
GLI3,7
DUSP12,20
ACAT1,9
KAT2A,10
ANKZF1,20
STRBP,11
ATM,7
MRM1,20
PPP6R1,16
NAP1L1,2
CA8,9
ORAI2,14
NCAPH,3
ZNF277,10
EP300,7
EIF6,10
JARID2,4
PIN1,16
AGAP3,21
SOCS2,7
VPS8,6
HLA-DPA1,1
HDAC1,7
MSL2,2
PLEKHO2,2
MIR31,4
LAMC1,14
RPS6KA4,16
PCGF6,18
ACTN1,3
CMC1,20
RNASEH1,3
TRIOBP,10
UBR4,8
SRF,7
POLR3D,21
TP53,7
OTUB1,20
NCOA4,18
KLF9,17
BAZ2A,5
TMX3,1
CPS1,19
UBE2V1,6
RER1,16
SRP72,14
ATP6V0E1,5
MAPK8IP1,13
CCAR1,10
COX17,2
TM9SF3,9
ORC6,3
WDR1,10
SAPCD2,17
CNOT2,10
NRD1,20
ETS1,7
ATP5A1,4
NDRG3,10
SHOX2,16
S100A1,5
TOM1,15
RABGAP1,9
FAM178A,20
DEDD2,10
TRAPPC1,20
MBD6,21
RFC2,21
PLXNA1,2
NUP54,14
RPSA,20
ATF2,7
ZNF286A,13
PSMG1,1
GGA2,10
EDC4,10
QDPR,19
PARK7,18
AUP1,20
PTPN3,11
EN2,18
CC2D2A,10
ATAD3A,21
STRN4,21
ELF1,17
UBL4A,8
HMGCR,3
RASSF3,3
NMD3,1
POLA1,7
AIMP2,8
SOX5,5
PBXIP1,16
EIF4H,21
NAT8L,3
GGCT,20
KHDRBS1,8
ENKD1,3
FBXW2,21
POR,7
L1CAM,13
RNMTL1,13
INTS1,20
APOLD1,11
ACOT9,15
EDNRB,7
MSH6,11
SPP1,7
CCS,3
ADAM9,2
LSM14A,2
KDM3B,19
USP18,17
FNTA,14
TLN2,10
COL18A1,10
PLD2,18
TSEN34,3
CCBL2,20
RRBP1,8
ARNT,7
IKBKAP,10
BAX,7
PARP1,7
EPN1,10
H1FX,8
CLDND1,10
CASP7,14
RRAGD,8
ATP6V0E2,2
SCD5,9
CDK12,9
LPIN1,7
PNMA1,2
GXYLT1,18
MAP7D1,20
PPP6R2,21
LIN54,4
MCM3AP,17
COPS8,2
RECQL4,3
GAB1,2
PLEKHB2,4
TUBB2B,10
ZC3HAV1,20
SPRYD3,17
SUV39H2,11
MPP5,16
SPAG9,9
WARS2,20
BDH1,4
KCTD20,14
E2F1,7
RTN3,14
RPL5,5
TMEM18,16
TRIM32,1
RNF34,5
CUX1,7
TCEAL1,17
CTPS2,10
RBM7,21
BID,7
XRCC6,21
PITPNA,4
SAP30BP,10
CREB3L2,1
PPAN,10
EIF3K,10
SIPA1L1,5
STAG1,10
MAPKAPK5,10
ATAT1,15
ACSL4,14
NMT2,5
HSPB1,7
CENPM,13
SMAD7,7
SOX10,7
ZBTB7B,21
GREB1,6
BCL9L,14
PIK3C2A,5
FXR1,8
VPS37B,16
RPAP1,1
PIP5K1C,10
CPSF1,20
RFT1,16
THYN1,20
SRRT,17
ELOVL1,20
BACE1,7
EGFR,7
AP3D1,10
ATG12,2
RPA2,2
GALNT1,2
DYNLL2,16
TUBG1,16
PAM16,1
FKBP8,10
SENP1,8
GNAS,14
CNIH1,10
C1orf123,14
DUSP14,7
ZDHHC20,2
FBXW8,21
SCAF8,13
CCNB1,7
PTK7,3
NAPEPLD,3
YIPF4,10
MRPL9,10
CDK1,7
KITLG,13
GRWD1,21
ZNF687,20
PELP1,10
PLP2,17
SMARCC1,13
NKTR,11
ESD,19
UBE2E2,21
MTSS1L,19
CYBA,7
TNFRSF12A,18
HEY2,7
C5orf45,21
WDR74,20
HMBS,10
POLR2F,16
ZNF318,21
PGAM4,10
GTF3C4,20
ANKRD13C,5
TNFAIP3,7
KCTD2,14
PTPN1,7
RAP1B,18
TNPO1,15
SMARCAD1,15
HNRNPA0,19
PSMC3,10
SPATS2L,11
PXN,10
PIAS1,19
CTGF,7
SNX6,1
SMARCE1,1
UBE3C,2
ABCC10,7
CFDP1,2
MED1,14
COPS3,1
SAT1,7
CYR61,7
SZRD1,10
SDC4,7
IFNAR2,4
SP100,4
TRIM24,1
HPS5,11
NR2F2,7
USP16,5
DCP2,10
HIF1A,7
ELOVL6,10
AHCTF1,20
RNF41,18
LRRC57,11
NMT1,2
SETD8,6
USP4,16
SLC39A11,6
CLTA,10
DDX41,20
GLTSCR1,19
COQ10B,3
CD99,20
AKR7A2,8
PROSC,8
RAB2A,1
MCM10,8
IER3IP1,2
DEAF1,17
MARVELD1,1
SDCBP,1
CALCOCO2,20
LAMB1,3
METTL2B,10
ST13,11
PI4K2B,18
DYNLL1,13
CDIPT,20
PIGT,8
GPR143,7
ACTN4,5
ELMO2,19
SPRY4,11
YARS2,21
CD44,7
CISD2,5
MYH14,21
FAM217B,11
NOTCH1,7
SF3A3,10
DHX57,20
FOSL1,7
TNPO3,8
RASAL2,18
SUGP1,10
AMMECR1,5
TAF11,14
ACTB,7
MEGF9,11
NSUN2,11
UCK2,10
DICER1,17
HPS4,5
C19orf47,20
ZNF83,5
RAB38,20
MYLIP,17
ACVR1B,5
APOL2,8
MPRIP,4
PABPC1,5
ANXA4,8
MITF,7
PRR14L,18
KIF20A,10
HSD17B7,7
PPIF,15
PIM3,18
SH3BGRL,5
MAGEA12,8
PRMT5,10
ARID5B,19
ATXN10,1
RUVBL2,20
MCM2,8
PCMTD1,10
ACTR2,11
PPP1R9B,10
CCAR2,21
VANGL1,17
RNF10,17
ACBD5,11
KIAA1109,10
GADD45B,7
CDK11A,7
CDT1,3
PRKAR2A,20
ANKRD17,19
AMMECR1L,11
DOCK7,11
RPS10,3
PDIA3,19
ST8SIA2,7
AZIN1,2
PHF6,1
HNRNPK,7
TBC1D20,20
MEF2A,19
ERGIC3,20
TANC2,10
TFAP4,7
ERLIN1,8
DSCC1,3
FAM189B,10
KLF3,15
HAUS1,10
CYFIP1,1
RNF220,2
RUNX1,7
ATP2B4,11
PYCR1,8
MARS,17
TNPO2,10
PML,5
TMEM214,19
VPS4B,10
USP15,17
FZR1,13
MRPL17,21
SKIV2L,17
NPC2,10
ZCCHC24,13
BIRC3,8
EIF4A1,1
RAP2A,8
SSR2,21
MOB1B,5
PLOD1,21
RPS3,5
SMG7,20
EIF3E,13
FAM13B,17
MAN1A2,5
FLYWCH2,18
ATOH8,3
UNC13B,17
CELF2,18
GLB1,1
TMED2,2
PYGB,8
CALR,18
KIF2A,18
SGK1,13
COG6,4
THOC2,11
RHOT2,10
DIS3L,3
RPS20,1
ASAP1,18
MRPS35,13
EXOSC5,4
IMPDH2,7
ESYT1,3
CAMTA1,8
PRPF4B,21
RPS23,5
CCSAP,18
PHTF1,11
RUVBL1,3
DOCK10,11
GSTM2,5
ZNF174,10
RAPGEF1,18
GEMIN2,10
FOSL2,7
TTC37,19
BAG6,8
SLC20A1,7
CHN1,10
PRKAA1,19
CHCHD5,10
DDX19A,4
IFNGR1,7
CCDC28A,3
POLR2D,18
RAB3GAP2,8
PRR3,8
LMAN1,5
AATF,21
CAPRIN1,11
PSAT1,18
DERL2,17
SYNJ2BP,20
KANSL2,8
NPLOC4,10
TAF2,5
VCP,4
MYO6,19
S100B,13
ZNF503,21
SH3BP4,18
NQO1,7
RPRD1A,1
TYR,7
LSG1,21
BAMBI,14
LYN,17
COG2,1
VPS37C,21
MIB1,2
GBF1,3
KHSRP,16
EMP1,13
MRPS11,20
GUF1,4
TBRG4,20
LDHB,17
SRPR,10
CTDSPL,10
AIFM1,1
MAP4K4,4
ADARB1,16
RPS9,21
UMPS,9
FAM195A,4
PFKFB3,7
VPS18,4
POLK,7
ADCY9,13
PEX5,10
SMURF2,18
SLC16A1,7
STAT2,17
LPXN,9
CSNK2A1,6
DONSON,3
TIMM8A,1
AP3M2,5
RAB11FIP2,11
CHST12,10
CCDC134,20
PHLDA3,10
PSME3,1
TBL3,8
PUS7,8
ZMYM2,18
DDI2,10
DUSP11,10
CHKA,7
EBAG9,3
SETDB1,10
ZNF480,19
CIAPIN1,17
RNASEH2A,10
FAM84B,19
CUL2,20
SCO1,18
KIAA0195,5
DNMT3A,13
IGSF11,7
CFL2,14
BNIP3L,2
ZFYVE21,10
WASF2,8
PEBP1,7
MLXIP,2
YIPF3,3
11-Sep,19
QSOX1,3
VMA21,10
FGFR1OP,18
POLR3G,20
SLC41A1,14
DTX3L,11
ATP6V1F,20
DTL,10
DCTN4,2
BCL7B,19
MAP2K4,10
CAMTA2,10
SYF2,20
AHCYL2,20
CFLAR,7
LUC7L2,16
CTSB,10
MIR182,5
MEA1,17
TXNRD1,7
TCHP,10
SEC23A,19
PRPS1,20
GLYR1,17
WDR73,19
LMAN2,20
HDAC2,21
PITHD1,11
ERBB2IP,19
QARS,9
GRB2,8
EXOC5,10
CNNM3,18
CDC14B,19
INSIG1,13
HEATR3,3
RPS27,13
HES6,21
F2,9
UBXN4,10
DDHD2,11
HSPA1B,10
NCOA3,6
DDX27,5
APPL1,11
C1QBP,3
GAPDH,10
SEC23IP,9
EXOSC6,10
GTDC1,1
HSPB11,1
ETS2,7
DPH7,10
CHEK2,7
FAM73B,9
OPA3,10
MTDH,7
SSNA1,3
CDC40,1
C1orf21,19
LUC7L,1
AXIN1,10
TGM2,8
COPS2,5
RPL27A,4
DLG1,11
PELO,17
YWHAG,15
PSMB6,10
TMEM45A,5
RAI1,20
RAB18,4
SESN1,11
GALNT7,10
SECISBP2L,16
DLL4,7
SF1,11
FDFT1,7
NLK,19
BNIP2,11
MBD4,5
RNF8,15
MSH3,7
SYNRG,16
CHCHD3,16
AHCYL1,20
PAAF1,20
PHF19,8
RAB14,16
SLC2A3,16
UBE2B,6
SFRP1,15
H2AFY,5
EEF1E1,1
DKK1,7
NABP2,17
SENP2,2
RPS26,6
SEL1L,1
DPYSL2,7
ASRGL1,11
TUT1,3
FAU,10
TMEM11,21
NCOA2,7
SGPL1,7
POLE2,7
CHMP4B,4
RNH1,10
KDM3A,2
MED29,10
LPCAT3,20
RNF185,11
FAM104A,16
RPL37,15
TAB3,5
HBS1L,21
PNPLA8,1
PURA,7
ACP1,14
POFUT1,16
SUB1,19
DECR1,19
HERC1,3
AGAP1,11
LYRM7,11
MTMR2,8
BLVRA,7
ERMP1,19
RBBP8,10
CHURC1,1
PNRC2,17
BBC3,7
LASP1,18
MAX,7
NREP,13
POLR1B,18
PYGO2,5
FAM35A,17
FEN1,8
MIR92A2,10
METTL16,3
MYO1D,4
IGHMBP2,20
MEN1,10
XPO5,20
DPF2,20
FOXRED2,20
RBM12,8
MDFIC,17
POLR3H,2
MIR29B2,13
FTH1,7
SAP30,10
ACIN1,17
KIAA1429,20
ASH1L,6
HIPK2,5
CYB5B,8
GNPNAT1,1
MRPL34,5
TYRP1,7
MED9,11
SOX13,20
LETM1,10
ZNRF1,6
RPS2,8
EEF1B2,21
BMP1,13
HMGA2,7
PIK3C3,21
VPS37A,14
DDX39A,10
B4GALT1,2
NDUFAF7,20
STK3,9
CHAF1A,1
CD82,7
MYD88,18
FGD4,15
NUP205,17
HERC3,5
ZNF703,1
MIR203A,18
SYMPK,3
TVP23C,15
SERPINA3,7
PDCD6IP,10
POM121C,13
ITGB3,7
COPG1,20
MGAT4B,17
CCDC71L,2
SETD2,11
QKI,6
FRS2,19
TTC8,1
LRRC59,15
STK38L,14
USP47,11
MRPL19,10
PICALM,14
MMP14,7
NDC80,3
ZFC3H1,10
FAM136A,11
UBA1,11
RNF103,11
BCOR,20
CPOX,5
STAMBP,15
USP34,11
NCL,15
ARL4C,15
HSPE1-MOB4,19
HIPK3,11
SNAP29,1
TRUB2,21
MRPL35,4
PYROXD1,2
NEDD4,20
URB2,10
POLL,13
STMN1,17
DDX5,15
REEP5,19
ATR,7
MAGEA3,8
YAE1D1,13
SMAD2,7
UBE2S,21
MRPS10,11
RREB1,19
DHX40,2
SERBP1,19
MRPS24,20
CTSK,7
ZNF281,7
SRSF11,11
NBPF10,2
PFDN6,10
ILVBL,3
MMS22L,19
AXL,7
EIF3A,1
DDX39B,7
ATP5B,3
FAM46A,9
PALB2,17
TIMP1,7
WDYHV1,3
CDC42,14
SEC24C,17
NDUFA10,20
ANTXR1,1
TSPAN14,8
CALM3,13
C16orf58,9
CNRIP1,17
MSANTD3,3
BSCL2,15
TMEM54,16
PLXNB2,17
CSGALNACT2,13
RAD18,17
TLN1,10
PSMD7,15
UBL3,5
BECN1,16
CDCA4,16
AUH,9
ATN1,21
ZNF84,10
DNAJA1,14
ADD3,1
EPDR1,3
TNFAIP1,19
PDK3,5
YLPM1,17
DAXX,7
TEP1,19
MAD1L1,21
MTFR2,3
OIP5,17
RTCB,10
RSRC1,4
CISD1,10
ITPRIPL2,15
HEMK1,10
SGCB,11
ZBTB7A,7
SNRNP70,3
DUSP4,7
ZKSCAN5,1
PSMF1,10
CUL3,18
VPS51,5
GNA13,2
COQ7,3
UTP6,3
CDKN1A,7
COPS7A,2
STAT5B,7
RANBP9,19
UBE2D3,7
SLC25A3,20
G2E3,10
MYL12B,3
SPAG5,21
P4HB,10
CAPN2,19
PRRC2C,5
B4GALT7,16
ITPR2,14
SLCO3A1,21
SLC25A32,10
PIK3R3,14
LCORL,11
ZBTB33,7
CUL4A,3
TMEM59,21
RIF1,1
ANO6,5
PHB,7
TTF2,21
SMAD5,11
FAM91A1,2
PQLC3,9
HNRNPA1L2,21
HSPBP1,10
EZH1,1
PCMTD2,2
GABPB1,3
CENPQ,11
C11orf74,14
WDR81,10
SMAD3,7
CPNE2,20
HAGH,2
VGLL4,18
ZMAT3,4
DSN1,21
INPPL1,7
MMP16,4
CD200,7
ZKSCAN1,1
KDSR,14
ANKFY1,9
PDZD8,10
ZC3H18,4
PSMA7,15
CES2,10
FEM1B,13
BACH1,4
HOMER2,6
PDLIM5,14
RPL21,17
MEF2C,11
MED23,6
ERGIC1,21
PTMS,8
FUS,6
C7orf60,2
GAS2L3,13
HMOX1,7
FRMD6,19
AK4,20
NDNL2,10
HSPD1,6
PHF12,14
PRRC1,11
RPL23A,3
AKAP13,21
MYADM,21
YTHDF1,21
PSMD10,7
ZNF276,21
SPECC1,1
RDH11,11
MAP3K1,14
TUBGCP6,3
MSL3,16
PPP2R1B,15
CCNY,3
TMEM173,10
9-Mar,10
POLR2C,1
FARSA,17
HM13,3
USF2,7
HLA-E,10
COG5,17
STRN,2
POLE3,1
C1orf112,3
PPP1R12C,20
TROVE2,14
MAPK8,6
SLC5A3,11
SPRTN,13
TSPYL1,2
STX12,15
TAOK3,3
MAK16,17
ADAR,7
PPT1,13
CBX6,13
NAGA,3
RASSF1,7
SRXN1,19
ASB6,9
NOC3L,11
SLC35C1,2
IPO7,18
SLC3A2,7
DERL1,11
GRB10,17
ATP2A2,10
FAM96B,1
HNRNPDL,18
ALDH1A3,5
MED15,8
DIRAS1,10
DIAPH1,20
PSMD9,16
CHORDC1,17
RPUSD4,2
YWHAE,18
ARHGAP17,20
ATG4D,19
ERC1,6
PDHX,3
MORC4,3
FRAT2,10
TOB1,10
CDC6,7
TP53BP2,11
BAK1,7
TAB2,16
RPL36,20
TWISTNB,9
VTI1A,4
PPAP2A,9
C6orf106,3
SLC4A7,2
NAT9,21
ADCY5,14
TNFRSF21,3
TMEM192,6
LIMK1,14
SMC6,17
TNFSF12,20
ACADVL,4
ZFP62,10
ABCC4,1
RBMS1,7
RNF115,16
ABHD2,10
MSRB3,3
MTHFSD,10
VPS39,20
BZW2,20
ACOT7,1
GTF3C1,8
PDXDC1,3
OTUD7B,10
IPPK,9
FAM58A,5
CASP8,7
MMP1,7
PSMC5,3
TRAF4,13
PNPLA6,6
HELZ,18
GLOD4,10
PPP1CC,14
SBF1,2
SLC35F2,1
C17orf80,1
DDX56,8
POLE4,1
HTRA2,7
ZFAND1,5
GNB1,19
PPDPF,3
PPP6R3,8
NUTF2,18
NDUFB2,14
FAM57A,20
DNAJC9,3
PTMA,15
PLEKHG2,16
NARF,10
KPNB1,2
HGS,20
NKAP,3
RPS17,16
ATP6V1C1,1
DCTPP1,8
DROSHA,16
PDCL3,20
DCPS,3
PTPN11,5
CRIPT,16
CHL1,5
FBXL3,18
CCDC82,1
BPTF,17
SIRT7,8
EPAS1,7
YKT6,2
FBXO3,11
MPDU1,6
EBP,10
SIN3B,5
DNAJC1,20
ERH,10
GSPT1,14
SAE1,18
SNRPA,20
FANCC,7
TPR,2
THUMPD1,10
MTFP1,20
RHEB,10
MBD2,17
PPIL4,20
USP8,1
MPST,3
SLC30A1,1
SCAMP1,1
CSNK1E,21
LAMP2,11
RPL18,20
ANKLE2,10
LMNA,9
ALG9,15
TRIM13,21
IRS1,16
IMP3,8
NDFIP2,4
RAB34,9
OPHN1,2
JUND,7
EIF4EBP2,10
MIA3,2
PPIB,10
CDV3,14
PDGFRA,13
APP,7
AARSD1,20
UBIAD1,17
CALD1,8
MRPS25,21
FUT11,10
ZNF394,16
SUN1,3
GORASP2,8
UNKL,16
POLR2J3,15
IARS2,20
MSANTD4,2
CASC5,11
CDK5RAP2,21
PLK1,7
NFATC2,7
PSENEN,7
SNRPD3,3
CRTAP,21
HLA-B,16
MAP3K3,5
VHL,13
MAPK7,19
PDCD11,20
SNTB2,8
SNX17,20
BOLA3,18
MET,7
MYC,7
MESDC1,9
TRIP6,21
KATNB1,10
RPS6KA1,3
ACSS1,8
C18orf32,6
GOLGA8A,10
ZFX,19
ING4,6
HDLBP,8
VWA8,20
RPS25,10
NUP214,21
SCAMP2,5
MAP3K11,16
CHML,15
TYSND1,1
SRSF5,10
AAED1,10
ADA,7
RPS14,10
FOXP4,19
DPH1,3
CHAMP1,19
CTCF,7
RNF44,10
MRPL18,1
ZADH2,10
PRKCD,5
WDR6,17
ZNF623,8
TRIM65,21
SPARC,7
DEFB103A,7
LYPLA1,17
CCT2,1
AKIRIN1,2
PHGDH,7
CD109,1
MAP3K7,8
H3F3A,8
FBXO21,17
VWA9,20
ZC3H4,8
HSPA13,8
SHCBP1,19
ADCY6,5
PWP2,8
MIER1,15
FBXO28,9
KIAA0907,16
PRC1,10
EIF3I,3
HNRNPUL1,8
UBE2M,7
GANAB,13
SORT1,8
DCAF4,4
STK4,6
CTNND1,1
SCARB1,10
BTF3,10
GINS4,18
SEC31A,13
SLC25A14,5
MLLT10,19
NARS2,20
AGTRAP,2
TMEM43,9
RMI1,19
IGF2R,7
MXRA7,18
PAK1,17
RPS15A,20
HIGD2A,5
LAMTOR5,17
NPTN,6
ZDHHC16,8
ATP6V1G1,20
ZRANB1,11
KLC1,8
TPT1,7
EIF4G3,17
ZNF260,19
HMGA1,7
RDH10,4
THAP7,3
ATXN2L,8
ITPR3,10
IL17RC,20
SNAPIN,16
FAM210A,18
TMEM189,6
TYRO3,21
NRG1,7
DGUOK,8
FITM2,1
DCAF12,10
MPZL1,1
TBK1,19
C9orf156,20
PSEN2,7
TMUB1,10
SACM1L,11
HDHD3,2
ZFYVE26,4
WWC2,11
INPP5F,1
HOXA10,17
KRT8,21
TRABD,20
FAM177A1,1
MCM5,8
PACS1,9
FAM73A,5
UBA6,4
ADAM17,7
SNX4,17
SARS2,3
PHF20L1,11
STEAP3,20
NFKB2,7
TMEM30A,5
GMPPB,3
ZEB2,19
NCDN,10
HLA-DRA,7
CECR5,3
USP14,20
EIF4A2,11
TRIM14,9
RNF141,18
NCOR1,20
ASCC3,20
EIF2S1,11
CDKN1B,7
KIAA1841,3
FKBPL,10
CD46,19
KPNA3,10
UXT,21
BACE2,21
FHOD1,21
SNX24,13
CALM2,15
LPP,17
CDADC1,16
HEATR6,3
FBXL19,3
RDH13,1
NSF,14
MADD,5
RCN3,10
RNF157,4
OGT,10
KIF4A,8
TUBB4B,10
ARMCX3,11
AP5B1,16
C11orf57,16
CCDC57,10
TMEM123,14
MRPL2,10
BCKDHA,3
NF1,7
L2HGDH,1
ATP2B1,5
DENND6A,3
PLA2G4A,7
RAB1B,16
PGAM1,3
ATF1,7
STAT5A,7
MTR,2
VKORC1L1,17
GDF11,3
HSDL1,1
UBR7,17
FKBP15,18
NCOA7,5
ID1,7
MARK2,21
SSR3,15
NUP93,13
XPA,7
MANEAL,3
PES1,7
BRCA1,7
WDR62,21
ARF1,10
PRR4,5
COMMD9,20
BTBD7,10
BRAF,14
TANGO6,3
DSTYK,2
SPG11,11
HDAC6,5
MRPS34,1
STX3,10
HERC4,1
SDC1,21
SEC11A,20
SH3GLB1,13
HOXC10,17
MRPL45,15
TECR,3
USP10,7
E2F3,7
KMT2A,2
NOM1,20
MOB4,19
MOV10,8
RRP36,3
HS2ST1,14
CALM1,11
YWHAH,14
C5orf15,20
HIPK1,20
DNAJA3,21
FAM222B,5
NSUN5,8
RPS8,5
FAM49B,6
PPP4R1,19
ORC5,10
ATF3,7
SOX6,1
IGF2BP2,20
AP1S3,19
NHSL1,17
REL,7
DPAGT1,6
HMGCS1,1
KPNA4,16
ANKRD49,17
PHAX,6
UBE2D1,19
SMAP2,10
SSRP1,3
EEF1D,21
LMBR1,11
AURKB,16
DAB2IP,15
SLC25A24,20
GSR,6
C1orf174,5
MTA1,10
MAP1B,10
MCM8,1
SFRP2,13
ZDHHC24,14
SIPA1L2,20
RFWD2,7
RAB2B,5
FARSB,3
DYNLT3,2
CHCHD7,5
GATAD2B,10
CYLD,7
OBFC1,17
DNPH1,10
SPCS3,10
POLA2,16
CPEB4,18
KIF13A,18
RABGGTB,3
CDK5RAP3,1
FH,8
TRAFD1,3
AP2B1,8
RPL22,13
GPATCH8,19
NSA2,1
DBNL,17
RAD51B,21
RASA3,10
CELSR2,10
CCNE2,19
ERGIC2,10
SDHAF2,15
BDH2,11
RP2,5
PPARG,7
IKBIP,1
TAF9,20
BORA,3
APEX1,7
PLCG1,14
DHFRP1,3
SERINC1,18
ASNA1,20
USP22,20
MATR3,15
FYN,7
PPWD1,19
PPP2R5C,4
CHUK,7
UBR1,10
CAND1,13
PLSCR1,2
BCLAF1,8
ATP1A1,2
DOCK1,1
PHF3,15
PPP2R1A,17
TMEM161B,16
HDAC3,7
CALU,18
HIST2H2AA4,19
ZDHHC9,14
NFYA,7
CPSF2,6
TUBGCP5,11
CARS2,2
DNAJB2,15
TRPM7,9
PEX26,21
PABPN1,6
GPX8,19
CCDC43,16
CBX5,20
SLC7A1,5
GALNT2,6
SARM1,19
ARID4B,10
WDFY2,2
C19orf12,17
PTPN12,19
IPO4,3
GEMIN5,8
CARD8,17
PDPR,1
UBXN1,1
QPCTL,21
IKBKG,15
FAM96A,5
TMA16,10
LRP1,7
RGS12,21
TAF8,10
TFAP2A,7
CYP4V2,11
WDR61,17
INCENP,5
EEA1,19
CDKN2D,7
SUMF2,9
CASP2,19
CSGALNACT1,16
ZCCHC11,18
LIN7C,6
MORC3,2
2-Sep,5
TAB1,2
THOC7,1
HLA-DPB1,7
SMN1,11
CTNNBL1,10
PIK3R1,13
RQCD1,1
MIR3916,20
MRPL12,21
YME1L1,11
LZIC,5
TST,20
CCT3,8
LPGAT1,5
MEX3C,1
LZTS1,6
RNF146,9
TIPARP,17
FAM208A,18
ATP5G3,19
SIPA1,21
MGME1,20
DEDD,20
FAM21C,21
ITGA6,13
GHITM,4
REXO2,4
UBE2A,19
HBP1,13
RNFT1,20
PRKAB2,19
KPNA2,17
DPYSL3,1
TCF12,7
MCRS1,3
ESPL1,21
RTKN,3
MSRB1,21
KIAA0226,6
FAS,7
MFN2,8
RILPL1,10
MTMR10,21
POMGNT1,17
TAF5L,1
KLHL42,5
VAMP3,18
DDX55,11
CTDSPL2,4
RPP30,21
SCNM1,21
MDM2,7
SERPINH1,13
TUBB2A,13
PPM1D,18
LCLAT1,18
CTNNBIP1,13
NME1,7
JUN,7
MEGF8,3
COMMD3-BMI1,15
TAP1,7
CHMP1B,21
MAPKBP1,13
ORMDL3,1
CCND1,7
MKRN2,19
LSM4,19
ANKRD40,21
FGFR1,6
GPATCH3,21
NDUFB10,10
ATP2C1,7
MORF4L2,13
CAB39,19
SND1,7
EIF2B5,1
HDAC8,7
RNF215,17
GNS,5
SDHA,17
PHIP,11
CEP85,10
TRIM63,13
MON1B,6
NOP16,7
CARS,1
RPS19,3
PTBP3,17
MVP,7
DRG1,8
MLLT1,14
SMARCA2,16
RABL6,17
OPA1,8
BCL9,19
ITGB5,1
NDFIP1,17
TBC1D9B,3
SLC25A40,1
CEP170B,21
COL16A1,5
ILF3,21
AP3S2,4
POLR3B,11
ERBB3,16
ZNF428,19
EYA4,18
NUP153,20
TVP23B,10
EDEM1,10
COTL1,3
MSMO1,20
TGFA,7
PRKAR1A,2
CD276,13
MRPS26,8
NUCKS1,10
MIEN1,17
PPIA,4
CERS2,17
LDB1,6
NR2C2AP,17
TSKU,3
EIF3C,21
RAD51,6
CAV1,7
DHX30,21
ATF6,16
NES,1
PSMD5,10
ANKH,10
CUEDC1,9
EZR,10
KIF3B,5
DCAF16,13
CEP170,8
MAP2K7,20
ICK,14
FAM208B,13
PIAS3,11
AGPAT3,21
C5orf51,17
UNG,16
TLE3,8
FBRS,13
UBE2D4,5
SECISBP2,1
MIR148A,16
VPS26A,11
NFKBIZ,3
ATPAF1,1
ERBB2,7
DDX19B,15
CD68,1
PPP6C,17
KIAA0141,20
PIGB,9
MOB1A,6
GTF3C2,10
TK1,7
PNISR,5
NARS,18
NADK,10
MID1,15
CNOT6,9
THOC1,7
COG3,10
ACOX1,1
SNAPC3,6
HNRNPL,3
DPH2,21
AP1G1,19
VAMP2,15
DEPTOR,19
AKT2,13
C16orf59,3
PPARD,7
FKBP5,19
DUSP6,5
HIST1H4J,8
NFS1,17
NDUFV3,13
PPFIA3,21
CERS1,10
KBTBD6,2
DAPK1,7
MIOS,20
TMEM184B,10
CASC3,5
IMPA1,8
SHISA5,10
RBBP6,21
TXNL1,14
HBEGF,2
MAP2K3,6
EPS8,5
CIT,18
TMEM9B,16
ELP3,3
TALDO1,10
USP25,19
ZMYND11,17
MAPK3,7
COMMD2,13
TEAD4,7
RCAN3,3
RAB8B,9
HSP90B1,10
SELT,2
IQGAP1,17
NDEL1,2
CLPP,3
GOSR1,3
SYNM,18
CIC,10
SNRNP48,11
PPP3CA,14
GINS3,3
FSTL1,15
ZNF512B,3
ELOVL5,2
SKIL,19
ISY1,3
TXLNA,10
BLOC1S6,16
ALDH3A2,1
PHTF2,2
BCAP31,13
ZMIZ1,13
PRDX4,17
PAPD4,16
TMED9,6
HNRNPU,2
RAPGEF2,13
KLC2,10
TMEM115,20
DDX3X,10
ARPC5L,10
SYNCRIP,13
CREG1,4
GSKIP,5
PAK2,19
SESTD1,16
FKBP4,21
SNN,10
ERI1,1
SREK1IP1,10
CDC37,1
IARS,17
KNTC1,21
SNRPE,10
TKT,15
B3GAT3,7
KANSL1,16
PBX2,17
NUPL2,2
BAZ1A,20
RPL7,14
STMN3,10
FAM101B,3
CDK8,3
GNAT2,14
MTRF1L,16
PSMC3IP,3
DNAL1,6
TRIP12,21
LYRM2,3
YY1AP1,17
RUNX3,7
CACUL1,10
MIPEP,20
DUS2,10
ETV4,7
SNX3,8
WIZ,21
C9orf114,13
APOBEC3C,10
PEX6,21
GINS2,3
TNKS1BP1,5
AFF1,4
RAD9A,7
UFL1,18
GMPS,1
TAPBP,15
SLC39A14,10
SNAI2,7
CERS4,9
BCL7A,20
PPP1R10,15
MBTPS1,3
HUWE1,5
USP13,10
CREBBP,15
BIRC6,8
WASF1,20
PDXK,3
QTRTD1,3
DNAJB11,13
FPGS,7
CENPT,17
VGF,7
TNFRSF10B,7
RPS7,4
FBXO45,2
EXO1,7
C5orf24,10
PAPOLA,1
PMEL,7
SEC63,18
CEP350,2
ZNF652,17
ACADS,10
OXA1L,20
SEC23B,20
SNX12,8
LMBR1L,2
CLSTN1,21
PYGL,1
WDR70,9
ZCCHC9,20
OXCT1,1
KIF1C,6
IRF2BPL,10
BTG2,13
DPM2,4
SPRYD4,10
KCTD15,13
TBC1D7,5
CDKN2C,7
ATE1,20
TAOK2,10
ABL2,10
ZNF384,16
MCTS1,7
NEK6,10
GOLT1B,15
GYS1,20
CTTN,15
SP1,7
NOL7,7
WARS,7
GPR89A,10
MRPL4,3
OAZ1,13
TPM1,11
TMEM41A,10
FANCL,2
IP6K1,20
SSR1,21
LONRF1,5
WFS1,11
RBM4B,6
SBNO2,10
BCL2L1,7
WDR18,10
CDC7,19
FLNA,17
EMC3,6
ABLIM3,6
MON2,11
SYAP1,16
NBR1,10
ESR1,7
ATP6V1E1,17
COIL,17
RPS6,5
EXTL3,16
PPP1R37,10
CCDC47,17
CDC42BPB,1
PCNA,7
POP1,8
C9orf64,4
TICRR,3
ATP5G1,21
MCM7,8
PHB2,3
ANKRD50,14
ACLY,7
SOS1,7
SLC39A6,19
CRAMP1L,5
FN1,7
FAM3C,4
MFSD1,10
TOLLIP,14
SMCO4,3
UBE2D2,20
NEK7,19
COPZ1,8
BTG1,18
LRIF1,1
IRS2,7
BLM,3
VARS,10
MKI67,13
HNF4A,7
RARS,1
DNM1L,10
DMXL2,14
NUDT19,9
SLC30A6,16
PYCARD,3
EHBP1,10
TAF15,5
SUPT5H,8
SMO,15
SREBF2,7
MTMR1,10
APOE,7
NDUFS6,3
SKA3,3
TAF1C,2
RPS6KA5,4
SEC61A1,4
PIGX,11
MRPS14,5
SEPN1,21
GAA,7
B4GALT2,17
ZBTB38,11
PTP4A2,20
ADM,7
AHI1,4
MAPRE1,10
MCM6,8
EIF3M,3
MOB3A,21
LAMA4,6
MYCBP2,16
APOPT1,8
FKBP1A,10
DYNC1LI2,11
DCAF13,21
TP53I3,7
GTPBP10,13
C2CD5,4
TCF3,7
CTR9,19
MYO9A,11
PTPRF,17
ADRM1,20
CDC42SE1,13
SERINC3,14
RING1,1
IKBKB,7
FAM60A,18
DIABLO,7
ASNS,7
ATG5,2
PSMG4,20
ZC3H11A,19
TAF7,7
STXBP5,11
QRICH1,1
TLDC1,5
ARHGEF10,9
SEMA5A,11
ADCK2,20
PTPRJ,4
TTC33,15
SPTAN1,8
PHF21A,17
RAB35,2
ATXN1L,8
TNIP1,7
C12orf49,3
YTHDC2,7
PAG1,11
AARS,3
GEMIN6,10
TOMM40,8
KTN1,8
GINM1,6
PFKL,21
IVNS1ABP,11
GSTP1,7
SOCS4,11
PSKH1,21
ZNF395,3
FUNDC2,3
CPT2,8
ZNF148,7
HHAT,3
TUBGCP2,20
MTRR,20
ITM2B,10
SLFN11,17
CAD,7
UBLCP1,21
NDE1,10
WASL,20
BAZ1B,11
ANKRD12,1
UBA2,8
FTO,20
DCP1A,11
IL1RAP,19
STAM2,8
PKM,17
PRKCI,1
CMSS1,1
ZNF770,6
TPRG1L,2
PTPRG,3
THRAP3,18
ZDHHC6,4
CDC123,19
VAV2,6
ARRB2,5
TMEM8A,4
FOS,7
NSFL1C,10
ARL6IP1,17
FNDC3A,15
CDCA7,3
NPHP3,17
METTL14,21
LATS2,4
GEMIN7,20
HPRT1,8
SCAMP3,21
RPS24,20
MTOR,16
RNF2,19
GNB2L1,13
PANK2,7
FTSJ3,21
CTDP1,3
DNAJC10,11
GABARAPL1,1
PARP9,11
NOSIP,3
PHF20,11
CNOT4,10
HN1L,9
FAM216A,21
TMEM164,3
RPS15,20
DNLZ,21
SLMAP,11
ZSCAN29,2
PTP4A1,13
ROCK1,7
JTB,17
SOCS5,9
ATP11B,11
EGR1,7
PIGG,20
CDK16,10
VBP1,1
ITM2C,4
CBX2,13
TAX1BP3,10
EPB41,2
PSPC1,13
MRPS30,19
HSF2,7
FANCA,3
ZNF544,16
MAP3K10,5
SLC31A1,11
XPR1,14
ARL6IP5,4
MRPL10,19
FOXN3,18
IFI16,7
GPBP1L1,10
VPS35,10
FXYD5,3
RPL9,10
CDK9,16
FAM129A,10
COPA,19
SNX30,11
PURB,5
NAA20,20
JUNB,7
KIAA1586,10
SMARCA1,7
LIMD2,19
CDKN1C,17
GOLIM4,16
SPPL3,11
MAGEF1,16
RPL41,16
ALKBH4,3
VPS52,14
ACACA,17
SSH2,17
TRAIP,8
PNRC1,7
ZNF609,2
PRKD3,9
PDIA4,10
MSN,19
ZNF704,18
TRAF1,6
USP36,19
KIF3A,1
TM4SF1,15
ADI1,3
KAT6A,11
SCAF4,20
NCS1,15
EPHA2,8
BIRC7,7
CEP104,21
ETNK1,14
PMF1,20
PGAM5,21
ZNF562,5
HDGF,13
MCM4,4
CCDC6,5
KIF11,2
CLIP1,14
DHX33,18
PGK1,7
FLAD1,20
MCC,9
STRN3,1
SPHK2,21
TRAK2,9
SART1,17
CHTF18,3
SH2B3,10
NOL9,4
DPP8,3
PIP5K1A,18
DDX23,10
FAIM,9
CHMP2A,20
CLTC,1
HGF,12
DCT,7
SIRT2,11
AEBP2,19
CD81,19
SMARCA4,11
SLC25A19,1
SSSCA1,1
MIEF1,20
ATP5F1,4
NEU1,1
LIMS1,13
AKAP8,19
INTS10,8
UBXN2B,2
ID3,14
LACTB2,20
NIN,9
ARMC7,3
PPIL1,10
PON2,10
CTNNA1,1
SCAMP4,6
COX15,16
GAS5,11
RPF1,7
IGSF3,8
AMD1,19
PFAS,15
CDH2,7
WWP1,11
SLC35D2,3
MCPH1,7
MMP15,13
EMC2,15
PRKCE,14
TSEN15,20
SUPT16H,15
NAA10,20
RIOK3,13
GMPPA,1
ZNF146,21
ZNF134,10
CTSA,1
MIR222,17
CCNDBP1,9
KPTN,10
JAG1,6
APEH,8
TTC7B,9
UBQLN1,1
RPTOR,7
EPS15,5
RICTOR,4
TXN,7
SLC35C2,14
IQCB1,2
RBM23,16
RGL2,18
STK24,1
EIF5A2,10
BTRC,7
RAB11B,21
ING1,21
TXNDC12,1
SMDT1,6
POLE,3
HABP4,2
PACSIN3,1
NDUFA4,14
BZW1,19
PFN1,18
NUBP2,20
GNAI2,7
MIR25,10
MAPK6,13
WNT7B,21
WDR3,20
C11orf58,21
RPS18,3
ANP32A,18
HDAC7,21
GOLM1,10
SSBP2,8
SPC24,6
VPS13D,9
TOR1AIP1,4
SMARCD1,19
MASTL,1
PDE4DIP,10
TJAP1,19
KPNA1,5
UBTD2,1
REV3L,10
GRAMD4,10
PIP4K2A,3
RARG,7
ALG3,17
IDS,9
NSDHL,3
KLF6,9
PALLD,11
ARID3A,16
MTHFD1L,13
RIOK2,19
SPDL1,14
ABCF3,1
DLAT,20
SNF8,10
CLU,11
U2AF2,10
SGTA,2
TMEM97,18
CHPF2,3
LIG1,21
CCDC25,2
NUP210,17
RPL4,3
TRIM33,11
FAM134A,21
IK,8
MGLL,14
DNAJC5,4
CAMSAP2,19
BAG3,7
F2R,7
SRP19,6
HERPUD2,11
NDUFA5,21
SNRNP200,21
CNDP2,1
HK2,1
DNPEP,21
MLLT4,10
TFAP2C,7
CCDC71,20
ECT2,7
PTPRM,14
NBPF15,2
CDK14,21
LAPTM4A,4
RAB4A,21
WASH3P,21
RPA1,4
MYB,7
APOBEC3B,3
PEX1,17
HARS,21
PPA1,19
N4BP1,19
TUBA1B,5
RAB7A,21
EWSR1,21
NIPBL,11
GAK,10
FNIP1,10
TTPAL,16
RSL1D1,2
NOP56,4
DHX16,20
ABCE1,13
GIGYF1,10
STIM1,7
CKAP2,17
MAGEA2B,8
FAM160B2,10
SYNGR2,9
XAF1,7
WWTR1,13
TACC1,3
PREPL,2
6-Mar,2
LIX1L,10
HIF1AN,4
RUSC1,3
LEPROTL1,21
WRNIP1,10
TMBIM1,3
MGMT,17
MYO18A,3
FOXRED1,20
MRPL3,10
SLC25A44,10
GRINA,8
PAWR,10
TUBGCP4,10
LEF1,7
USP28,10
TBC1D4,13
STYX,19
CREBL2,4
DDX10,8
SRGAP2,6
TRIM56,19
BTAF1,10
NBPF14,2
TEX261,10
SMARCD2,1
NELFB,21
DDX46,11
USP54,20
AGBL5,10
MAPK1,4
RBL1,7
CHERP,8
LRRC16A,21
THOP1,17
TMEM241,11
C15orf38-AP3S2,4
ZHX1,16
GOLGA8B,10
POGZ,9
SUN2,17
ENO1,7
CFL1,8
CCNI,16
FLNB,9
STX4,6
ZBTB21,19
GNAI1,9
PGD,15
STARD7,3
PFDN2,15
NFATC3,9
SS18,17
FBXO5,3
AAMP,3
SSFA2,10
ZNF584,16
DBF4,7
FAM120A,1
PLGRKT,16
EED,2
MAP3K14,4
GOLGA3,10
TBL1XR1,11
LDOC1L,13
H3F3B,7
MOCS3,5
CD2BP2,20
NOTCH2,7
NT5C3B,3
TYW3,3
LCOR,10
TERF2,10
RRAS,8
CCNE1,10
MYCBP,20
CSTF2T,17
COX7B,4
METAP2,1
BAP1,19
C2orf68,3
DMXL1,9
ZW10,17
RWDD1,20
POLR3F,17
ZFAND5,2
CCDC34,11
FOXD3,7
STAG2,5
RBL2,10
LRRC8A,21
ELK4,7
DNASE2,7
CD59,20
DDR1,16
GLRX5,16
TBC1D13,20
CCNK,5
MESDC2,17
APAF1,7
SRRD,21
VPS53,17
CAST,17
C12orf29,5
UBE2G1,15
RRM1,20
GNE,11
GLUD1,3
SLC44A1,7
ANXA11,10
H1F0,5
CYFIP2,9
SV2A,17
MARCKS,14
GJB1,7
MALAT1,9
SLC25A30,9
RHOBTB3,19
STRIP1,2
JAZF1,4
UFM1,17
PHPT1,5
NAA30,18
WAC,4
NSMF,17
FN3KRP,21
EXOC6B,10
QSER1,15
TATDN2,8
HELLS,14
ACAA1,10
HLA-A,9
GADD45A,7
KBTBD2,1
ZYX,17
TCF7,7
SEC14L1,10
TMEM185B,6
FEZ2,1
RBM8A,21
NNT,8
MAPK1IP1L,5
SKIV2L2,1
MIER2,20
RALGPS2,11
TRIM23,2
ILF2,4
FIP1L1,1
MTMR12,15
REPS1,3
IFIT3,19
PPM1G,1
AAK1,4
YY1,7
DPY19L1,1
MED21,3
MAGEA6,8
JAK1,9
CELF1,20
PSAP,21
RBM22,1
BCL2,7
RAB21,19
FKBP9,10
LIMD1,10
TMF1,10
ARFIP2,1
C20orf24,18
RBM39,17
CS,6
WDR36,3
SNX27,21
NRBF2,20
SQLE,14
PPAPDC1A,16
YWHAZ,1
BLOC1S2,5
RNF20,17
GNAQ,10
GPC1,21
CSNK1G1,2
POC1A,16
CAPZB,8
NFATC2IP,4
TOX4,15
ZCRB1,2
RPRD2,11
SNX7,9
CAPZA1,9
GDF15,7
TIMM23,20
TONSL,10
SMC2,17
BFAR,10
SGK3,11
WAPAL,16
MAP3K13,18
C15orf57,3
HAUS3,21
FZD1,4
DIDO1,19
PLD1,7
CLPTM1L,18
MRPS16,10
TCEB3,10
ATMIN,11
COX20,10
NCOR2,9
DDA1,8
GPBP1,21
NINJ1,7
DYRK1A,16
FUCA1,2
PHACTR4,5
AKAP10,10
GABARAPL2,10
TNF,7
AP5Z1,10
GPN2,3
SLC26A2,16
SORD,6
ARMCX6,15
COPB2,20
NECAP1,10
SET,11
SCRN1,11
SLC12A7,16
HNRNPM,13
SOCS6,18
CCDC115,20
EIF4E2,1
ARPC5,4
JMJD6,10
CEP250,17
RAI14,11
GPR107,13
PPP4C,21
PIK3CA,7
ENTPD4,2
WDR4,20
CDC25C,7
WRB,1
NSMAF,10
ADNP,8
GOLPH3,1
ZNF721,10
NDUFB6,17
DNTTIP2,18
ZNF451,9
BCL10,7
PRKCQ,14
NR1D1,11
TMEM184C,2
FUBP3,1
HMGXB3,10
NEK2,10
PRPF6,21
AGPAT6,21
FAM199X,1
CKAP2L,4
RBM25,5
HIST3H2A,8
EMC6,3
BET1,1
GMFB,8
NDST1,3
PRUNE,7
SCYL2,10
GDE1,15
MTPN,18
USP39,3
GNPDA1,8
PAK3,14
ATP5O,5
TMEM120B,8
LBR,5
AURKA,7
UTP14A,8
ARFGEF2,10
BUB3,13
SLC30A5,4
LRRC28,8
GFER,7
RPLP1,10
MRPL16,1
SDF4,10
NF2,10
ZNF227,2
MCM3,8
ZNF266,5
LTA4H,20
RNF11,16
CROT,17
ZNF707,14
WEE1,15
GNG2,17
NCKIPSD,6
B4GALT3,8
KIFC1,15
NXT2,19
H6PD,2
PA2G4,19
AIP,21
YIPF2,8
MRPS21,10
MIR137,10
CASP3,14
ALDH7A1,3
B3GALNT2,10
RCC1,16
ADH5,7
SIGMAR1,14
PUM2,4
IL10,7
ALS2,8
NUP43,10
ENG,7
GLO1,10
XRCC2,15
PHF8,16
LIMCH1,11
MAML1,2
NR2C2,7
TBC1D14,1
COL4A1,13
ATAD2,3
CHCHD4,16
TANK,7
CLOCK,7
GATAD2A,10
BRPF3,1
DDX20,20
CDC27,17
CTNNAL1,7
CLTB,8
PPP1R11,14
C6orf89,3
GTPBP2,9
RPL27,10
EXOC7,1
MOAP1,10
SMAP1,11
PPRC1,17
RBBP9,6
IQCE,17
AMACR,3
G6PD,7
HSPA5,7
GPD1L,11
IRF9,7
DBR1,4
MTMR14,3
KIF16B,17
ZNF224,10
KDM5A,5
ING2,7
RPF2,13
PDS5A,20
LATS1,11
EMC1,9
VTA1,16
ACOT2,6
UBE2H,15
GPD2,7
HK1,20
LDHA,18
MIR34A,8
MIRLET7B,20
ZSCAN25,16
FAM53C,17
WDFY1,1
UBQLN2,3
DNAJB1,1
CARHSP1,1
MSH2,7
VEZT,19
KIF2C,16
MTO1,14
SLC27A1,2
CAPN7,6
BRD1,17
KIAA0368,1
VASP,3
ABCB9,4
FBXL17,11
EIF2A,9
BHLHE40,7
ARF6,4
RNF149,18
POP4,10
ZFR,8
SSX2IP,17
OPTN,9
DCUN1D5,21
RBM6,17
TMEM161A,10
C2orf69,5
UGP2,3
OSBPL3,5
PBK,7
RHOB,7
PDE12,6
FAF1,19
ITGB1,9
NVL,20
KPNA6,17
TMED4,5
RAB31,2
KLF13,4
MALT1,11
ZSWIM8,21
RRN3,10
QTRT1,10
SLC33A1,10
TMOD3,13
TRMT2A,3
DDAH2,8
GFM2,20
TBL2,6
RIOK1,10
ETV6,2
UBE2I,7
TJP2,18
RBM28,10
RPL8,17
CSNK1G2,1
RSPRY1,11
PAIP1,10
STOML2,4
PRRC2A,3
ISCA2,6
CCDC88A,7
CHD3,20
TCERG1,13
RERE,19
CORO1C,19
KIF5B,10
GGCX,11
ECH1,3
C9orf89,9
PROSER1,8
STXBP1,10
PLXND1,16
C1orf43,17
C10orf32,3
EML4,2
PKN1,10
NCSTN,11
MELK,3
CASKIN2,17
NHLRC3,20
HAUS8,17
ANXA1,7
DVL2,17
PPP3CB,2
PRKACB,18
ST6GAL1,11
GNL1,4
YBX3,3
EPRS,3
UHRF2,17
SLC35B4,5
TMEM160,10
KCTD3,5
ABHD17C,19
PFKM,20
INTS7,21
DVL3,20
SYNGR1,21
WNK1,16
SLC27A4,3
SLC35F6,6
PSRC1,3
CRAT,1
SMCR8,2
N4BP2L2,13
GPI,8
SRC,18
FBXO34,5
GCA,3
USP46,15
ALDH9A1,2
MYO1C,8
FERMT2,19
MAVS,21
PPIL2,4
TIMM9,20
AKAP11,19
FAM3A,10
SMARCA5,10
NRN1,10
KLHDC8B,20
LSM7,10
MFSD3,20
C19orf53,20
PYCRL,20
GPATCH4,20
SYNE1,9
USP29,7
TNRC6B,4
FRMD4B,9
SPATS2,19
HLA-DRB1,7
WHSC1L1,18
PRR11,5
THOC5,20
OSBP,18
PPP1R12A,2
DDX17,1
MCCC2,3
SLC1A5,6
HSPA8,10
YIPF5,21
PFKP,3
RFX7,14
RPAIN,21
ASAH1,10
NID1,7
EVL,17
AP2A1,8
FASLG,7
ARL5A,1
ACAA2,9
IER5,2
PSEN1,7
NCAM1,7
NUP155,9
HNRNPA2B1,10
YWHAQ,6
RBCK1,8
UBFD1,3
TOMM5,2
HSD17B10,8
ATP6V1H,1
MIR193B,3
B2M,7
SUV420H1,11
WDR75,21
STX7,3
ENDOD1,9
RFC5,3
ZBTB22,10
ERRFI1,16
ERCC1,20
DHX37,3
ATF5,17
C9orf40,3
IPO11,20
ATP1B1,7
XYLT2,7
JOSD1,2
VPS72,10
UBR3,16
FKTN,2
GPCPD1,18
TMEM147,11
SEPHS1,3
INTS4,1
VDAC1,13
FKBP1C,5
IPO8,1
ANKIB1,10
USP5,5
COX7A2L,13
MYBL1,7
SOX2,7
FRA10AC1,5
VCL,8
BRD7,7
LTBP3,21
LMCD1,3
ETF1,14
TNFAIP2,1
PISD,14
DAZAP2,18
DNAJC8,21
SUPT7L,4
PDCD4,7
CYP51A1,7
TANGO2,21
R3HDM4,13
NT5C3A,19
ULK1,5
NR3C1,7
SRSF9,2
ECI1,1
KANK2,3
RARS2,19
ANAPC16,6
PFDN4,1
PANK3,17
RNMT,5
CTBP2,20
METAP1,5
TOMM34,11
RPL15,21
PPA2,3
BIN3,21
ERP44,11
PTS,10
STARD13,11
RNF123,1
ARHGDIA,10
STX6,9
SLC38A1,4
FAH,8
C16orf52,19
OGFR,10
EBNA1BP2,5
TTF1,1
MKKS,17
COLGALT1,1
DDX49,20
NOA1,21
GOT1,14
ZNF3,3
DENND5A,10
RTN4,15
FOXN2,10
TWIST1,7
MAP3K4,16
SERINC5,9
EXOC6,4
CNEP1R1,10
LRRC20,21
NETO2,18
PTCD2,16
TDP1,3
SUGT1,6
ZNF205,7
MIR181A1,5
TRAPPC11,10
FAM160A2,5
DHCR7,8
TMEM251,21
CPSF6,17
RPL14,5
MTF2,2
CCND3,7
TSN,8
C1GALT1,20
PAPD7,10
SHOC2,6
FAHD1,3
CIZ1,20
UBE4A,13
PTCD3,8
PCNT,1
MAPK9,18
SFXN1,4
SPR,20
TNS3,11
RNF219,15
FMNL3,5
ZNF268,18
MED22,21
ENAH,18
RPP38,20
CYB5R3,10
POLD3,13
TRIP11,6
IPP,10
NUPL1,5
AP2M1,4
KNSTRN,17
MRPL44,19
ACSL3,17
BRAP,18
SBNO1,17
SNTB1,16
SERP1,15
PLS3,3
EIF3D,20
ANAPC5,8
MAP2K5,6
SMS,21
FAM192A,5
RPL18A,21
E4F1,10
PCDH7,15
AVL9,6
CKB,20
CLIP4,11
C1D,6
PHC3,5
NAPG,2
SF3B3,17
RPP14,14
CNTRL,11
PGM1,20
SNRPB,3
PRELID1,10
DCTD,19
AGPAT5,10
DOCK5,11
PLXNB1,6
KXD1,3
EIF1,10
SMIM13,14
GDI1,8
ZNF346,21
APC,1
UBC,7
NME4,3
XPNPEP1,1
IFNAR1,3
HEATR5A,3
TCF20,14
CCDC77,21
MFN1,10
ZFP91,13
NPM3,5
TRAF3IP2,7
FOPNL,10
SLAIN2,18
TRNT1,18
FOXK1,18
CSF1,7
MIR200B,19
SLC17A5,11
RAB23,19
PSMB1,10
RAB13,6
SRI,20
CDC25A,7
ARPC2,21
RALGAPB,13
UBE4B,9
DGCR14,21
STK25,15
MRPL47,20
UBE2J2,1
CTBS,6
LDLR,7
TAOK1,4
ABL1,18
DOCK3,8
PUF60,7
ZFAND6,5
TOP3A,7
INPP4B,17
ELOF1,10
SPTLC1,10
DKK3,6
HNRNPF,6
ATXN7L3,3
SLC9A3R2,19
REST,13
DZIP1,20
NRBP1,2
TPM4,20
MECR,1
RBPJ,7
MYOF,8
SCYL1,20
SLC39A9,18
PEF1,3
RAB11FIP3,14
UQCRFS1,14
DNAJB12,10
G3BP1,19
LARS,11
SPC25,3
MIF,7
ROBO1,19
RDX,4
ZYG11B,11
CLPB,19
PPP2R4,7
TM9SF2,14
DNAJB9,10
MFF,10
PYURF,4
SNX19,21
MKNK2,10
VPS33A,16
SDE2,8
ATRX,11
PIH1D1,20
BCL7C,1
CLUH,20
ARRDC3,16
SLC38A7,6
PCNXL4,10
NRAS,10
BCS1L,10
CERS6,11
MIR21,11
CRTC3,13
CHAF1B,3
USP48,19
MAT2A,7
TACC3,21
UROS,13
RCC2,16
CTSC,16
HAT1,20
APIP,19
E2F7,9
RBM19,20
TMEM41B,21
DOT1L,10
THBS2,3
ATG9A,19
NT5DC2,17
NDUFS5,21
ZNF749,21
FYCO1,18
AMFR,13
CHMP3,9
ACVR1,15
RALB,8
FBXO11,5
HES1,7
ATXN7,9
AASDHPPT,16
TRAF3IP1,10
WDR26,13
BRMS1,17
DDX21,8
TNKS2,4
G3BP2,8
AEN,10
ADIPOR2,20
DNAJC21,10
ARID1B,10
NOP58,17
TPD52L1,18
HSPA2,6
ID4,7
CNN2,14
TRIM44,11
TRIO,1
CENPB,21
TMEM33,1
HIRIP3,8
BRD2,20
PDS5B,10
ABCF1,20
ATF7IP,10
OGFOD1,8
KLHL5,14
CMTR1,3
CMTM6,19
KAT2B,10
MFAP3,2
FASTKD1,1
LUC7L3,1
ATF4,7
NDUFS1,17
PHLDA1,5
TMEM170A,11
RPL35A,4
PSMD8,21
MT2A,7
LGALSL,5
RAB15,6
TIMP2,7
USP7,11
SNRPD1,10
ZBTB4,5
IGF1R,20
HAUS6,20
PDCD10,18
BICD2,19
MTAP,7
HSP90AA1,20
NKRF,21
SMARCD3,5
TACO1,6
NASP,13
CITED2,5
CXorf38,17
GTF3C6,17
MRPL37,20
AGPAT1,3
IFITM3,19
WDR83OS,10
ECHDC1,4
NDRG2,7
PCTP,20
MROH1,17
RAN,18
CDC42SE2,18
GUCD1,14
FAM120AOS,16
YTHDC1,6
EIF3F,21
IDI1,3
ATP5E,15
CYTH3,8
BROX,18
BDP1,14
GIT2,10
PSMG3,10
SERPINB1,8
RHOA,7
DEGS1,8
ANKRD11,19
MTMR3,5
HOXB7,7
TSC22D2,18
EIF4B,10
MCMBP,8
NAV2,21
IFI30,21
AKAP12,5
GAPVD1,11
COPS6,10
NUS1,4
NFIX,13
ZNF598,10
MIR18B,4
ESYT2,11
IMPDH1,13
ARL8B,6
AFF4,2
RRP1,21
BOD1L1,9
ANKRD52,4
XPOT,14
UTRN,7
MAP7D3,3
NAA15,16
TXNDC17,10
MXI1,1
RSBN1L,5
PPP3R1,9
RNF167,8
REV1,11
HNRNPA3,19
MUS81,1
DBNDD2,20
MTHFD1,9
PGRMC2,11
C1orf198,4
MRPS23,15
ZNF385A,21
FBXW7,18
AK2,8
RCAN1,20
TBCA,1
MAFG,7
WBP2,4
STK11,7
SKA1,3
SMEK1,2
GPT2,1
RPS16,21
TWF1,10
NUP62,8
FAM129B,10
RAD51AP1,4
HNRNPH1,2
NOP2,19
SRSF10,3
LSAMP,13
SSU72,1
CDK19,16
SLC37A3,5
SPIN1,1
PTPRZ1,7
BEST1,7
PUM1,13
CSDE1,10
SPTBN2,3
CCP110,3
KDM6B,19
C12orf4,20
TAF1,11
CTHRC1,20
TUFM,10
DNM2,20
PIGU,20
THAP5,19
AAGAB,10
GNA12,14
RNF121,10
KIFAP3,11
TFRC,5
TRRAP,9
FMNL2,18
PRPF31,3
LRR1,3
SMG1,15
MED28,2
CSTF1,16
TRMT5,18
LRRC41,21
NDOR1,10
S100A4,7
CD47,11
SCD,6
PLEKHH1,6
KLHL8,17
SREBF1,7
QRSL1,19
MINK1,21
C1orf52,16
CLDN12,20
BBS7,20
TMEM199,15
FGFRL1,11
HSF1,7
IL1B,7
NCAPG,14
ELK1,7
DARS2,19
MBNL2,19
CCNG1,9
TMEM106B,16
SMARCB1,15
INO80C,9
AHR,7
TRIM4,18
WDR33,19
PRPF19,3
SMEK2,4
EIF4E,7
DUSP23,20
SHMT2,3
PAFAH1B3,20
UQCR10,17
PSMD4,17
PEX2,6
TBPL1,6
DTD2,6
FADS1,1
ANP32E,10
UBXN2A,18
P4HA2,9
RNF111,4
RAD21,10
CDC34,20
RMND5A,18
PTTG1,7
ITGAV,7
BTD,16
NIPA1,9
GCC2,9
TRMT13,9
RANBP10,17
BLOC1S3,6
MZT1,2
NR1H3,7
TDG,13
EIF2AK1,17
TPST2,16
CCDC117,13
DHCR24,14
FKBP3,1
SAMD8,14
ARPC3,19
SNX18,3
C16orf62,1
TMEM209,21
CCT7,10
SPEN,3
CCNC,15
SMC5,10
TSFM,10
MYBL2,7
HCFC1,21
DPP7,1
FUBP1,7
RBBP4,14
UBE2C,3
C6orf62,20
USF1,7
YES1,14
ASPSCR1,20
ARGLU1,1
ORMDL2,9
AGO2,17
EIF2S3,10
UHMK1,7
ORC4,15
STOM,18
TRIM16L,3
ITSN2,21
PITPNM1,17
SERTAD3,10
MYBBP1A,3
IL6,7
PLAUR,7
ZNF195,16
KLF16,6
ACTA2,7
PDPK1,14
BTF3L4,8
DDX24,8
HINT1,21
SLC19A2,7
SACS,2
FAM193A,13
FANCD2,3
DENND5B,19
PRNP,17
HEXIM1,18
RBM12B,19
HNRNPD,17
IMMT,8
MIR199A2,16
ZNF532,11
AGGF1,11
HSP90AB1,3
TCEB2,17
GLCE,2
YTHDF3,10
RAB27A,4
SP110,10
PNO1,10
MED6,16
PHLDA2,3
KDELC2,1
ERAL1,21
SARS,13
FHL2,7
HDAC4,7
OSBPL1A,11
DHTKD1,20
GSTK1,3
CHD4,14
CHTOP,3
COG1,21
FLII,20
OCIAD1,20
VPS28,20
ATP13A1,1
FAM43A,20
ARFIP1,1
ICMT,14
LRRC47,15
TNFSF10,7
CNKSR3,15
SNHG16,9
SERTAD2,14
GTF2E1,10
THRA,13
PPFIBP1,1
UBE2J1,1
TMEM63B,20
MTFMT,1
EPG5,2
PNKD,5
MAP4,8
KANSL3,17
NUDT5,8
C17orf85,6
PLOD3,11
TTC9C,20
ELL,7
MPP1,10
AP1S1,20
XPC,7
CYCS,7
SLC9A3R1,20
CDKN3,19
DCUN1D1,2
ICAM1,7
NCAPG2,20
B4GALT6,14
RAB11A,10
NUCB1,2
PAFAH2,20
XIAP,19
ABCD3,11
KIF15,3
DSCR3,18
NOMO3,21
EIF3G,1
KIDINS220,20
SMC1A,11
EPB41L2,8
TXNL4A,3
C11orf54,17
RCOR1,9
CARM1,5
UBAC2,10
HECTD1,18
TMEM50A,21
SP2,7
PDK2,10
MLANA,7
PGM2,9
LAPTM4B,5
SPCS1,19
EGLN1,18
GTF3C3,8
KIAA0196,8
CKS2,19
RAB1A,15
GNB5,16
ADCY1,20
ZNF45,14
GZMB,7
SURF4,8
STAG3L3,8
ZDHHC18,15
CLASP1,11
CBX1,3
CHD7,1
AP3B1,9
SF3B1,20
RASA1,6
FOSB,7
AAAS,3
RRP7A,21
MAP4K2,3
RETSAT,1
BAG4,2
DNAJC19,21
FEM1C,15
RLIM,18
AZI2,14
GIGYF2,8
CKAP5,11
CYP20A1,18
C5orf22,3
TOPBP1,5
MPND,20
MIR206,15
ZNF800,19
TMCC1,17
GOLGA7,13
DUS1L,3
SYPL1,9
TRA2B,15
MIR338,15
FDX1,7
GMNN,3
C22orf29,3
PLEKHH3,10
TSPAN13,17
CLSPN,10
GRPEL1,1
RXRA,7
MYO10,18
LGALS1,7
INTS8,1
TPP2,1
KIF14,7
PIP4K2C,3
FAM69B,10
NUDCD3,21
TBC1D1,3
EPB41L3,20
CCNF,2
IGSF8,20
TMEM167A,19
UST,21
EEF2K,9
ANKRD28,11
AREL1,3
RHOG,5
LYSMD3,14
SOAT1,7
SPIRE1,5
ZNF121,5
NFKB1,7
NPRL3,14
ELP6,6
RNF6,5
NTHL1,10
TCEB1,19
CNPPD1,1
SMNDC1,14
PSMC4,17
BCAT2,10
SIRT1,7
POLR1A,20
NUSAP1,20
ZNF827,19
MIR221,17
COX18,21
RBM15B,5
UFSP2,10
TCOF1,8
NME6,20
FUT8,8
GLUL,21
SASH1,11
KIAA0556,10
ARPP19,15
NONO,20
TMED5,16
RTCA,20
NQO2,7
SRCAP,9
PTDSS2,6
KAT5,5
ZNF587,4
MGAT5B,21
VCAN,7
RFWD3,10
FAM111A,3
RNGTT,10
COX6B1,20
TOPORS,11
NCOA1,8
AIMP1,1
HMGB1,16
EEF1A1,7
DCTN2,21
IL1A,7
PSIP1,7
CDK4,7
BTBD1,2
BAG1,16
RPL11,10
SLFN12,10
ST14,12
KRCC1,1
FAM134C,4
HSPA1A,7
THBS1,7
NUF2,17
NDUFA7,6
CST3,16
TRAPPC10,3
NUFIP2,19
ATP11A,10
NDUFS2,16
ODC1,7
IRF2BP2,13
CSRNP2,13
BCL6,7
UROD,17
ELMOD2,20
RPL7L1,6
LTN1,19
AP3M1,11
RPL37A,4
C8orf33,17
TUSC3,10
BRI3BP,21
DYNC1H1,21
SUZ12,19
GNG5,20
GOLGA4,11
PAQR3,13
KCTD10,13
VPS54,11
RALA,5
CCNA2,7
EDC3,4
MGST2,1
ATP5J,10
ME2,7
SLC39A10,17
HOOK3,5
EIF1AX,15
NRGN,21
NUP98,4
RIC8A,21
FBXO31,17
GDPD5,6
MOSPD2,1
ZBTB17,7
DBN1,21
YEATS4,6
MARS2,21
RAB6A,1
GNL3L,1
C6orf47,19
KIAA1715,8
SLC25A37,4
BRF1,10
CYSTM1,20
SETD5,2
EIF2B3,20
SNX13,11
IMPAD1,14
TRAM2,10
PPIC,10
ARMC1,3
NOP14,20
CPD,1
IL6R,8
U2SURP,8
CHSY1,9
THEM6,20
RBBP5,3
SPG20,10
SOS2,16
ACTR1A,16
FAR1,1
ZWINT,15
MDN1,19
TGOLN2,19
OGG1,7
LRRC40,8
SART3,10
FAM126A,20
LZTS2,7
EIF3CL,1
PAFAH1B1,19
HAUS5,6
ACTL6A,15
ALYREF,21
PRPF39,11
BST2,7
MIRLET7A1,7
NFU1,20
NUP35,20
WBP1L,1
EGLN2,7
MKLN1,1
EDEM3,9
CMAS,8
CMBL,13
IL13RA1,1
LMNB2,17
SAR1A,17
SLC30A9,17
SGOL1,3
TSEN54,6
RNF138,13
YDJC,3
PSMB9,7
CORO7,10
NAA25,1
FLOT1,6
USP9X,17
MED7,10
CRKL,6
CD3EAP,21
CSNK1D,20
NAV1,9
PSMD3,10
TCEA1,1
INO80E,21
FASN,17
MID1IP1,10
TBX2,7
MSI2,15
NDC1,17
INTS5,3
ZC3H7B,3
MIR30D,2
GMPR2,3
IPO9,3
FAM107B,2
AP1AR,11
FAM127B,8
ARL8A,19
DOCK9,6
EARS2,10
ZKSCAN8,17
EIF5A,10
POLR2L,20
UBE2K,1
LRRFIP1,8
CDCA8,20
MORF4L1,13
SEC24B,1
TMEM237,13
C10orf76,6
CBS,7
USP24,3
XPO7,19
KLHDC10,10
ZNF282,10
ISG20L2,13
RAD23B,2
TXNDC5,4
MRI1,10
RAB22A,11
NRP1,7
AP5M1,5
LRP5,7
DDB1,21
DDT,14
MIR155,1
LONP2,1
RANBP6,20
TRAPPC13,10
BCL2L2,18
TYMS,7
SCRIB,3
AHSA2,13
ZNF622,10
DRG2,3
CDC73,19
VMP1,5
NDUFB5,13
MAZ,13
XRN1,8
ZNF639,19
SREK1,11
TFDP1,7
TBX3,10
GALNT11,20
LRP6,17
CYBRD1,11
STRADB,3
APLP2,2
DLEU2,3
CBLL1,18
TTLL12,16
MYO1E,1
ARHGAP31,21
FANCI,11
AP1M1,4
PRKRIR,8
TGFBRAP1,5
CSTF2,14
DENND4B,3
PTGES2,10
PPP2R5E,5
ACSL1,14
NCKAP1,4
ETV3,5
TJP1,1
KIAA0101,5
SPRY2,7
CCT6A,16
PRKCA,7
SOX12,4
ARIH1,20
ARMC10,21
ZMYND8,2
ABT1,19
FSTL3,9
CREBZF,17
SLC9A1,10
ARHGEF18,17
GATC,20
UGGT1,11
ABCB10,20
HMGXB4,21
SLC12A4,7
PVR,11
GCFC2,1
EAF1,20
NKIRAS2,13
RNF40,8
FAM20B,11
BLMH,7
TMEM168,19
RPS4X,20
GPATCH11,3
GNB4,11
COPRS,3
YAP1,7
SLC7A6OS,18
ARHGAP26,20
DSG2,20
ELK3,7
POLD2,17
WDR34,17
IL6ST,10
SLC35A2,17
TRAP1,10
PRDX3,5
NEK9,14
DCAF8,4
CABIN1,10
ARHGAP11A,3
SETD3,2
CDCA2,3
CAMSAP1,2
FADS2,20
KIF18B,10
S100A16,3
PRPF8,10
SLC25A51,17
LIF,16
EIF4A3,21
7-Sep,19
XRN2,9
TMEM201,14
ZER1,20
BLOC1S4,4
SAMD4B,2
STARD3,21
MACF1,2
SEC24A,9
SFT2D2,4
PHC2,14
NOLC1,7
C7orf26,3
KLF10,2
SLC35F5,19
AKR1B1,8
NR4A1,7
CCT4,13
ZNF326,11
MICAL1,21
KIAA1468,9
AIDA,20
RPL24,10
SLC18B1,4
PROS1,7
DUT,8
ADD1,17
MMS19,8
GPRC5A,15
PTPN13,10
PGGT1B,2
OAZ2,17
MECP2,16
ZNHIT6,21
BRCC3,3
KLHL18,10
SP3,7
METTL13,3
NACA,19
ETFA,10
SURF1,7
KLHL22,3
MED19,10
RNF19B,19
DUSP10,11
SOD2,7
ARL2BP,2
NUDT21,15
NOB1,1
SPTSSA,17
SPINT2,12
KRBOX4,5
PKD2,11
CDK5,1
NUDT3,4
VEZF1,1
MLH1,7
TAF1D,16
DNAJC24,21
PRPF40A,8
ENTPD6,20
CUL5,14
RBM27,10
DEK,7
TNRC18,8
RRM2B,7
HIBADH,8
TBC1D9,9
CPEB1,19
CPM,11
PPTC7,6
PHF14,19
MUT,1
RNF135,2
GTF2I,7
PPID,20
SMCHD1,18
RPL12,20
DNAJC2,1
CAV2,16
PCYT2,7
TOMM20,4
PLEKHA3,19
C15orf52,4
LRRC8D,2
CDH1,7
SRPK2,5
TBC1D10B,2
TPM3,10
CLINT1,1
KDELC1,1
APBB2,9
NCBP2,4
BSG,7
STK39,7
CDKN2B,7
SLC35A1,1
DAZAP1,3
ASB7,9
VAC14,19
CPSF3L,20
KRAS,15
C1orf109,5
KCTD7,10
CXXC5,9
PTPN9,3
PDK1,14
LIN37,3
MED14,20
PAN3,16
IBTK,10
EIF4G2,10
RAB32,11
FKBP14,5
SLC35A5,15
KIAA0930,20
MRPL42,19
SLC37A4,14
PDIA6,5
ZNF644,4
MAGEA2,8
RBM26,8
CDK6,13
LSM3,1
C14orf2,10
CEP55,16
COX4I1,10
POLR3A,3
CSRP2,16
IER2,7
BTG3,15
SATB2,4
FAF2,21
