"","name"
"1","HIST1H1C"
"2","KLHL36"
"3","NAP1L4"
"4","CENPO"
"5","HOXA4"
"6","CDK2"
"7","NT5DC3"
"8","KLHDC3"
"9","UQCRQ"
"10","SLC10A3"
"11","PEX11B"
"12","MBD1"
"13","WLS"
"14","POLR2A"
"15","SLC7A5"
"16","HLA-C"
"17","C2orf44"
"18","CAPNS1"
"19","ZBTB8OS"
"20","RPL10"
"21","ESRRA"
"22","NUBPL"
"23","PRRC2B"
"24","DDR2"
"25","S100PBP"
"26","UBE2N"
"27","DUSP7"
"28","AKIP1"
"29","PLEKHO1"
"30","EEF2"
"31","NECAB3"
"32","SRFBP1"
"33","DLX1"
"34","CASK"
"35","LARP1"
"36","BAZ2B"
"37","RPS6KA3"
"38","ARL2"
"39","NFE2L1"
"40","PAN2"
"41","UHRF1"
"42","HAX1"
"43","TES"
"44","COX10"
"45","GCDH"
"46","FADD"
"47","PKN2"
"48","RNF24"
"49","CAPRIN2"
"50","PAPSS1"
"51","TUG1"
"52","S100A6"
"53","YEATS2"
"54","CUTA"
"55","POLR2I"
"56","NAB1"
"57","SIN3A"
"58","SLC29A1"
"59","DIP2A"
"60","BUB1B"
"61","SYNE2"
"62","ABI2"
"63","CRLF3"
"64","BCL2L13"
"65","AKR1A1"
"66","PMAIP1"
"67","SPATA13"
"68","ATAD3B"
"69","GCLC"
"70","HNRNPLL"
"71","PBRM1"
"72","TPX2"
"73","FMN1"
"74","ETNK2"
"75","TGFB1"
"76","ARHGEF25"
"77","PHLPP1"
"78","GEMIN4"
"79","CNOT1"
"80","C18orf25"
"81","DR1"
"82","PLCB3"
"83","C1orf35"
"84","KLHL21"
"85","YIF1B"
"86","ACYP1"
"87","KMT2D"
"88","TTC5"
"89","PARL"
"90","TADA2B"
"91","CLN8"
"92","GALNT10"
"93","TEAD2"
"94","UCN2"
"95","OTUD4"
"96","PAX3"
"97","FOXO3"
"98","STX2"
"99","MED13"
"100","PPP5C"
"101","API5"
"102","FCGR2A"
"103","INPP5A"
"104","NAF1"
"105","PPP1R15B"
"106","ELMSAN1"
"107","CDKN2AIPNL"
"108","MYL6"
"109","ZNF507"
"110","NACC2"
"111","EFCAB14"
"112","WIBG"
"113","HGFAC"
"114","CSAG1"
"115","PRIM1"
"116","IREB2"
"117","VDAC2"
"118","SFN"
"119","SLC6A8"
"120","TNC"
"121","FAM50A"
"122","KLHL24"
"123","NLGN2"
"124","ALG14"
"125","METTL8"
"126","PSME4"
"127","GALK2"
"128","SLC39A1"
"129","TMEM101"
"130","RBMXL1"
"131","NFYC"
"132","CLCC1"
"133","ATP5J2-PTCD1"
"134","PPP1R7"
"135","PTPN4"
"136","S100A11"
"137","MAP3K2"
"138","SRSF6"
"139","HADHB"
"140","MRE11A"
"141","CTPS1"
"142","ASB1"
"143","XRCC1"
"144","PSMA4"
"145","PEG10"
"146","CNTROB"
"147","BCL2L11"
"148","CTBP1"
"149","H3F3AP6"
"150","SEPHS2"
"151","PDAP1"
"152","RPP25"
"153","ATL3"
"154","SHMT1"
"155","CBWD1"
"156","MAU2"
"157","UVRAG"
"158","SLC38A2"
"159","CDK18"
"160","NEDD9"
"161","SLC30A7"
"162","C7orf43"
"163","VAMP5"
"164","DCUN1D2"
"165","SH3BP5"
"166","TRADD"
"167","SNRPA1"
"168","BPGM"
"169","CDC23"
"170","ECD"
"171","RAB5A"
"172","SRRM2"
"173","FAM20C"
"174","CRCP"
"175","PAGR1"
"176","CTDNEP1"
"177","ABHD3"
"178","RAC1"
"179","CKS1B"
"180","ARCN1"
"181","SF3B2"
"182","UGDH"
"183","PRKD1"
"184","CHCHD10"
"185","ASXL1"
"186","MIR101-2"
"187","NGRN"
"188","AXIN2"
"189","EFHD2"
"190","RAE1"
"191","CSE1L"
"192","SNRK"
"193","WDR11"
"194","DNAJC7"
"195","C11orf24"
"196","RALBP1"
"197","OSBPL10"
"198","FKBP7"
"199","NFYB"
"200","SLC25A13"
"201","SNX9"
"202","BRWD1"
"203","CLIC1"
"204","NAT10"
"205","TREX1"
"206","PRR13"
"207","DNAJC30"
"208","PITRM1"
"209","HERPUD1"
"210","SCP2"
"211","ATXN2"
"212","ZDHHC8"
"213","FNBP1"
"214","BUD31"
"215","EVI5"
"216","SAP18"
"217","PSMB4"
"218","DGCR6L"
"219","D2HGDH"
"220","BMPR2"
"221","IRF4"
"222","E2F4"
"223","STAU1"
"224","CEP41"
"225","PAFAH1B2"
"226","NCAPD2"
"227","DHRS7B"
"228","FARP1"
"229","ZBTB2"
"230","SON"
"231","PTGS2"
"232","APH1A"
"233","CAT"
"234","MIR149"
"235","TEX10"
"236","SPRYD7"
"237","TMEM2"
"238","PRIM2"
"239","LMNB1"
"240","PRPF38B"
"241","CYC1"
"242","TMEM65"
"243","DHX38"
"244","ITGB8"
"245","RAB5B"
"246","KLHL12"
"247","VEGFB"
"248","SLC35B3"
"249","ZNF24"
"250","YBX1"
"251","PATL1"
"252","MIR205"
"253","ENOX2"
"254","RPL34"
"255","ST8SIA1"
"256","SLC35E2B"
"257","SENP5"
"258","LDLRAP1"
"259","WDR77"
"260","REXO1"
"261","SLC25A12"
"262","NACC1"
"263","C9orf142"
"264","RAB10"
"265","TIAL1"
"266","PRR12"
"267","ADAMTS1"
"268","UBAP2"
"269","PSMD1"
"270","HSPA4"
"271","TMEM109"
"272","FZD6"
"273","HIVEP3"
"274","RRP1B"
"275","ILK"
"276","ELAVL1"
"277","RBBP7"
"278","RRAGA"
"279","NCAPH2"
"280","MIDN"
"281","MPG"
"282","CLIC4"
"283","NUP37"
"284","UCK1"
"285","UBE2Z"
"286","MAPKAPK2"
"287","RFC4"
"288","ZFYVE16"
"289","NUDCD1"
"290","STK38"
"291","RSU1"
"292","AHSA1"
"293","TCF7L2"
"294","PLEKHA2"
"295","TOR1AIP2"
"296","TMEM64"
"297","FOXK2"
"298","ZFP36L2"
"299","VDR"
"300","GZF1"
"301","MRPS9"
"302","ZNF317"
"303","EOGT"
"304","GDAP1"
"305","RSL24D1"
"306","TRMT1"
"307","ELP2"
"308","RCN2"
"309","PAXBP1"
"310","RPS5"
"311","CBX3"
"312","AHNAK"
"313","ERLIN2"
"314","CSNK1A1"
"315","ABCC1"
"316","ECI2"
"317","MCTP1"
"318","DHRS3"
"319","ALCAM"
"320","E2F6"
"321","VPS45"
"322","HSPA14"
"323","ME1"
"324","WIPF2"
"325","SYNJ2"
"326","UAP1"
"327","CAPN15"
"328","CDC25B"
"329","AP1B1"
"330","KHNYN"
"331","CHRAC1"
"332","KIAA0100"
"333","RAD1"
"334","CCNL1"
"335","ZNF207"
"336","CAMLG"
"337","ZNF160"
"338","DENR"
"339","DDX52"
"340","PLA2G12A"
"341","SLC9A6"
"342","ACBD6"
"343","HMBOX1"
"344","NUP188"
"345","TAF9B"
"346","ZCCHC8"
"347","TGFBR1"
"348","POLD1"
"349","SHC1"
"350","SMG5"
"351","WDR55"
"352","CCNB2"
"353","MAT2B"
"354","CDC42EP4"
"355","GSS"
"356","GPHN"
"357","STIP1"
"358","C16orf72"
"359","TUBA1C"
"360","PLEKHA1"
"361","ASPH"
"362","SLC35G1"
"363","MYO5A"
"364","OSBPL8"
"365","MTUS1"
"366","AGFG2"
"367","PCOLCE2"
"368","CD2AP"
"369","MRPS27"
"370","REEP4"
"371","DLC1"
"372","NSD1"
"373","MIR214"
"374","SPRED1"
"375","NME2"
"376","SQSTM1"
"377","EEFSEC"
"378","GYG1"
"379","MAP2K1"
"380","RCN1"
"381","RNF213"
"382","PLEKHA5"
"383","ATP5G2"
"384","ESRP1"
"385","RPL3"
"386","MTA2"
"387","SIGIRR"
"388","DHODH"
"389","FLYWCH1"
"390","LITAF"
"391","FUNDC1"
"392","MICAL2"
"393","FXN"
"394","CXCL1"
"395","ETV5"
"396","GTF2A1"
"397","MFSD6"
"398","NUCB2"
"399","UBR5"
"400","KIAA0586"
"401","NCOA5"
"402","OSTM1"
"403","BTN2A2"
"404","TESK1"
"405","HOXC4"
"406","BAG5"
"407","RNF4"
"408","GBAS"
"409","STK17A"
"410","C8orf76"
"411","EIF4G1"
"412","CKAP4"
"413","SETD1B"
"414","OXSR1"
"415","GLG1"
"416","WSB1"
"417","CTNNB1"
"418","MCL1"
"419","TOP2A"
"420","OSBPL9"
"421","PKMYT1"
"422","ARL15"
"423","ABCF2"
"424","TIMM13"
"425","RBM42"
"426","EXOC3"
"427","PPCS"
"428","PRPF40B"
"429","CDKAL1"
"430","TNRC6A"
"431","MRPL41"
"432","LEMD3"
"433","MRPS33"
"434","CPEB2"
"435","WBSCR16"
"436","PRKCDBP"
"437","GGA3"
"438","MMAB"
"439","HRAS"
"440","EMP2"
"441","BAHD1"
"442","SH3TC2"
"443","SLC6A6"
"444","CTDSP2"
"445","SOX4"
"446","EIF4EBP1"
"447","RAPH1"
"448","RABL2B"
"449","FBXL18"
"450","ABHD16A"
"451","SUPT20H"
"452","CLNS1A"
"453","DNMT1"
"454","GLA"
"455","CRBN"
"456","TSR1"
"457","STAT1"
"458","PTK2"
"459","HIST1H2BK"
"460","NDRG1"
"461","MCAT"
"462","SLC16A4"
"463","LUZP1"
"464","SNRPD2"
"465","NTPCR"
"466","GNAI3"
"467","KRIT1"
"468","WDR82"
"469","MMP3"
"470","STRAP"
"471","DYNLT1"
"472","NHP2L1"
"473","ATG16L1"
"474","DCK"
"475","ATG4B"
"476","HNRNPR"
"477","UNC119B"
"478","MIR29A"
"479","FNDC3B"
"480","CCNT1"
"481","AAR2"
"482","TAPT1"
"483","CLUAP1"
"484","ZNF791"
"485","FAM168B"
"486","CUL1"
"487","PTRF"
"488","USO1"
"489","AARS2"
"490","EXOC2"
"491","DFFA"
"492","C1orf27"
"493","MIER3"
"494","FNTB"
"495","GSK3B"
"496","CBR1"
"497","ZNF28"
"498","C9orf3"
"499","CHD9"
"500","PGRMC1"
"501","RMDN3"
"502","SUCLG2"
"503","TBP"
"504","COL4A3BP"
"505","PPP4R2"
"506","APPBP2"
"507","FBXL5"
"508","SLC25A25"
"509","TSC22D1"
"510","PLIN3"
"511","IGFBP3"
"512","RTF1"
"513","PDLIM1"
"514","CPT1A"
"515","ESF1"
"516","SEC16A"
"517","PNPT1"
"518","RAVER1"
"519","TXNIP"
"520","HPN"
"521","SLC7A6"
"522","SFMBT1"
"523","TUSC2"
"524","STX1A"
"525","RBM10"
"526","FGF2"
"527","NUP50"
"528","PIGN"
"529","WHSC1"
"530","MTHFD2"
"531","SPTBN1"
"532","C9orf78"
"533","DAAM1"
"534","TBC1D25"
"535","EDF1"
"536","ZNF106"
"537","DDX6"
"538","MBNL1"
"539","C7orf55-LUC7L2"
"540","GOLGA1"
"541","POT1"
"542","BAD"
"543","GPKOW"
"544","FYTTD1"
"545","DAGLB"
"546","EXOSC1"
"547","SFPQ"
"548","SPATA2"
"549","LIG3"
"550","GM2A"
"551","TRIM2"
"552","CREB1"
"553","SLC25A36"
"554","PHRF1"
"555","TRIP13"
"556","PLEKHA8"
"557","LOXL4"
"558","MNT"
"559","IRAK1"
"560","WT1"
"561","MAP2K2"
"562","TIMM50"
"563","GAR1"
"564","PSMB5"
"565","ZNF131"
"566","PTPRK"
"567","TSG101"
"568","SESN2"
"569","STAT3"
"570","FAM213A"
"571","NOL10"
"572","HIP1R"
"573","MED12"
"574","PEA15"
"575","TMEM14A"
"576","SF3A1"
"577","NFKBIA"
"578","ENOPH1"
"579","FLCN"
"580","ZNF12"
"581","CBX4"
"582","SMC3"
"583","NHP2"
"584","RPS28"
"585","SNAI1"
"586","IPO5"
"587","BIRC5"
"588","SLFN5"
"589","IFFO2"
"590","IGF1"
"591","IFI44"
"592","RBM33"
"593","DDRGK1"
"594","TPCN2"
"595","WDR19"
"596","ZFYVE27"
"597","CHMP2B"
"598","TPRN"
"599","AGO1"
"600","BCL3"
"601","YARS"
"602","TPD52"
"603","RNU4-2"
"604","SUMO1"
"605","NIPA2"
"606","SMU1"
"607","DERA"
"608","UGT8"
"609","MBTPS2"
"610","CORO1B"
"611","SC5D"
"612","PEX19"
"613","SLC19A1"
"614","TWSG1"
"615","GPR180"
"616","TRIM21"
"617","NAA40"
"618","KIAA0391"
"619","HIST1H2AC"
"620","SPRY1"
"621","ACADSB"
"622","C12orf73"
"623","SLC7A11"
"624","CCDC137"
"625","NUPR1"
"626","ZNF367"
"627","SAFB"
"628","STK35"
"629","CUL4B"
"630","SUPV3L1"
"631","HADHA"
"632","WDR12"
"633","XPO6"
"634","PTPN23"
"635","SEMA4C"
"636","RFC1"
"637","ITGA5"
"638","NCKAP5L"
"639","POLR3K"
"640","DDIT4"
"641","POGK"
"642","ANKS1A"
"643","CD151"
"644","FSCN1"
"645","CDK17"
"646","KIAA0430"
"647","MTFR1L"
"648","RPLP0"
"649","CDC20"
"650","GIT1"
"651","PPIL3"
"652","TPI1"
"653","ZNF664"
"654","DCAF10"
"655","GPM6B"
"656","MARCKSL1"
"657","TMX4"
"658","DHX8"
"659","RYBP"
"660","MAN2B1"
"661","ASXL2"
"662","RAB8A"
"663","HYOU1"
"664","MAP3K6"
"665","ETV1"
"666","ACTG1"
"667","SLC2A1"
"668","RSF1"
"669","MMD"
"670","RPIA"
"671","GID8"
"672","USP42"
"673","RGP1"
"674","SLC5A6"
"675","WDR13"
"676","ATP13A2"
"677","EIF2B2"
"678","RNPS1"
"679","BUB1"
"680","CEBPB"
"681","THAP11"
"682","KREMEN1"
"683","ERAP1"
"684","C12orf10"
"685","TIAM1"
"686","GULP1"
"687","MCAM"
"688","FKBP10"
"689","IRF3"
"690","HTRA1"
"691","ATXN1"
"692","SUOX"
"693","POLRMT"
"694","IRGQ"
"695","RPL26"
"696","PCYOX1"
"697","DCTN6"
"698","CAMK4"
"699","RBFOX2"
"700","TSNAX"
"701","LOXL2"
"702","FXR2"
"703","B4GALT5"
"704","POU2F1"
"705","HP1BP3"
"706","ARHGAP1"
"707","PRPF38A"
"708","RAP1A"
"709","SDHC"
"710","TOE1"
"711","EIF3B"
"712","ABCB8"
"713","DHX9"
"714","HFE"
"715","ACAT2"
"716","AGRN"
"717","ISG15"
"718","MLF2"
"719","GTF2E2"
"720","EIF5"
"721","MOXD1"
"722","RB1CC1"
"723","NGFR"
"724","RRP8"
"725","CRIM1"
"726","NT5C2"
"727","PTEN"
"728","MARCH5"
"729","FAM131A"
"730","SIKE1"
"731","UTP18"
"732","AKT1"
"733","RPS21"
"734","ISCU"
"735","OVCA2"
"736","GCN1L1"
"737","PSMD2"
"738","ASF1B"
"739","GOT2"
"740","SLC25A28"
"741","PCGF3"
"742","TMTC1"
"743","AMOTL1"
"744","KIF22"
"745","NDUFAF3"
"746","FOXM1"
"747","TSC1"
"748","UBN1"
"749","GFPT1"
"750","AKAP9"
"751","ARID1A"
"752","IRF2"
"753","ANAPC1"
"754","LYPLAL1"
"755","PMEPA1"
"756","COL6A2"
"757","CHEK1"
"758","BHLHE41"
"759","DCTN1"
"760","PPP2R2A"
"761","VAPA"
"762","CMPK1"
"763","ZNF226"
"764","POLR2E"
"765","NTMT1"
"766","AP2A2"
"767","PIGP"
"768","NAMPT"
"769","NUDCD2"
"770","SCARB2"
"771","BCL2A1"
"772","OAF"
"773","FECH"
"774","ZFP36L1"
"775","OSBPL2"
"776","CYTH1"
"777","SCLY"
"778","MTFR1"
"779","ARRB1"
"780","TXLNG"
"781","TRIM28"
"782","EZH2"
"783","RND3"
"784","BRPF1"
"785","HCCS"
"786","DPM1"
"787","TMSB4X"
"788","SNX1"
"789","TNFRSF1B"
"790","PAIP2"
"791","PTRH2"
"792","RANBP2"
"793","KIF23"
"794","DIMT1"
"795","TRIB3"
"796","NOC2L"
"797","GTF3C5"
"798","CHD8"
"799","MLEC"
"800","PCBP2"
"801","EXOSC10"
"802","RPN2"
"803","RRM2"
"804","GRPEL2"
"805","KDM1A"
"806","PACSIN2"
"807","P2RX7"
"808","HEATR1"
"809","MICA"
"810","TMEM55B"
"811","CBL"
"812","C21orf91"
"813","BMI1"
"814","ZDHHC5"
"815","NRF1"
"816","SRSF1"
"817","CCNL2"
"818","CNOT11"
"819","FAM8A1"
"820","RAD17"
"821","SNRNP27"
"822","CXorf56"
"823","ELAC2"
"824","NSMCE4A"
"825","TRPV2"
"826","SLC25A10"
"827","PIGQ"
"828","SERGEF"
"829","DYRK2"
"830","ZNF217"
"831","EMD"
"832","RNF125"
"833","CAPN1"
"834","GLRX2"
"835","ADAM10"
"836","PPP1R2"
"837","LSM6"
"838","TMEM245"
"839","ALKBH5"
"840","MPP6"
"841","FAT1"
"842","TFG"
"843","CAPN5"
"844","LPCAT1"
"845","TMEM183A"
"846","CDKN2A"
"847","PDXP"
"848","MRGBP"
"849","NLE1"
"850","DDX18"
"851","HLCS"
"852","EEF1A2"
"853","HMGB2"
"854","ATL2"
"855","KDELR1"
"856","PTGFRN"
"857","EFTUD2"
"858","DCTN5"
"859","GTPBP3"
"860","DRAP1"
"861","TPRKB"
"862","RPL39"
"863","ERO1L"
"864","AGFG1"
"865","PTBP1"
"866","POLG"
"867","RECQL"
"868","MRPL32"
"869","TSC2"
"870","STK17B"
"871","SMAD4"
"872","SLC11A2"
"873","SNX10"
"874","DIP2C"
"875","DYRK3"
"876","PI4K2A"
"877","KLHL20"
"878","HECTD3"
"879","ZSWIM7"
"880","OBSL1"
"881","PCYT1A"
"882","KATNAL1"
"883","RPS3A"
"884","VPS36"
"885","LRRC42"
"886","C9orf41"
"887","DNAJB4"
"888","AKAP8L"
"889","WBP11"
"890","JMJD1C"
"891","SRSF2"
"892","TICAM1"
"893","CHD1"
"894","TUBB3"
"895","STRIP2"
"896","ID2"
"897","ATXN7L3B"
"898","UBE2Q1"
"899","MDH2"
"900","SLC1A4"
"901","PTPN14"
"902","BAG2"
"903","SCAF11"
"904","DTYMK"
"905","TMEM70"
"906","SDAD1"
"907","TCFL5"
"908","CREM"
"909","POLR2H"
"910","YWHAB"
"911","UQCRB"
"912","NECAP2"
"913","TOB2"
"914","PMPCA"
"915","CYGB"
"916","NOL12"
"917","TP53BP1"
"918","PPAP2B"
"919","IFT172"
"920","CBFB"
"921","PCBP1"
"922","PQBP1"
"923","OXR1"
"924","PTAR1"
"925","SLC25A15"
"926","SMARCC2"
"927","FN3K"
"928","EPB41L1"
"929","BNIP3"
"930","SEMA6A"
"931","RB1"
"932","RPL7A"
"933","CHCHD2"
"934","TOR1A"
"935","STK40"
"936","TMED7"
"937","DRAM1"
"938","SGPP1"
"939","SNAP23"
"940","TPD52L2"
"941","GDI2"
"942","KCTD5"
"943","MIR146A"
"944","NOL6"
"945","MED16"
"946","MGAT5"
"947","WDTC1"
"948","PPP1CB"
"949","PCGF5"
"950","UBA3"
"951","ARHGEF39"
"952","KMT2E"
"953","FAM98B"
"954","IL17RA"
"955","AFAP1"
"956","EHD2"
"957","FLOT2"
"958","KDM4A"
"959","ZBTB18"
"960","STAT6"
"961","GABPA"
"962","NAA50"
"963","HSD17B12"
"964","BTN3A3"
"965","TUBB"
"966","IGF2BP3"
"967","TGFBI"
"968","UTP15"
"969","C12orf65"
"970","STX5"
"971","CRTC2"
"972","SRPRB"
"973","UPF2"
"974","COX7C"
"975","TGFBR2"
"976","DDB2"
"977","NEIL2"
"978","CCNT2"
"979","INTS6"
"980","VIM"
"981","MRS2"
"982","TGFB3"
"983","URM1"
"984","EPHX1"
"985","MAPK14"
"986","CANX"
"987","CDK2AP1"
"988","IGFBP4"
"989","ATG3"
"990","GLTSCR2"
"991","AMOT"
"992","SLC16A3"
"993","HNRNPAB"
"994","ANP32B"
"995","ADO"
"996","CDC5L"
"997","TFDP2"
"998","IFIT5"
"999","TIMP3"
"1000","PCCA"
"1001","NDUFA12"
"1002","SRSF7"
"1003","AKT3"
"1004","IWS1"
"1005","PRAF2"
"1006","METTL2A"
"1007","CERK"
"1008","ATP6V0A1"
"1009","REEP3"
"1010","RGMB"
"1011","MIA"
"1012","MEPCE"
"1013","RNF187"
"1014","LIMA1"
"1015","BTBD3"
"1016","POMC"
"1017","TENM3"
"1018","MOSPD1"
"1019","TSPAN3"
"1020","ANXA2"
"1021","MAN2A1"
"1022","PGPEP1"
"1023","MYH9"
"1024","RACGAP1"
"1025","PARVB"
"1026","COBLL1"
"1027","ATP13A3"
"1028","CDK13"
"1029","KIT"
"1030","SLC25A4"
"1031","RAF1"
"1032","NUMB"
"1033","BMPR1A"
"1034","SH3GL1"
"1035","TTL"
"1036","NBPF1"
"1037","LHFPL2"
"1038","ALDOA"
"1039","AKAP17A"
"1040","ARL6IP6"
"1041","PIGS"
"1042","SLC25A38"
"1043","TRIM22"
"1044","TMEM248"
"1045","RAP2C"
"1046","GABARAP"
"1047","ASPM"
"1048","CENPJ"
"1049","EXOSC2"
"1050","RCE1"
"1051","C15orf40"
"1052","CRK"
"1053","APITD1"
"1054","CAPG"
"1055","TOR1B"
"1056","AFTPH"
"1057","LLGL1"
"1058","SLC25A5"
"1059","M6PR"
"1060","RHOQ"
"1061","FBXL7"
"1062","CCDC86"
"1063","C17orf49"
"1064","TRAK1"
"1065","PEAK1"
"1066","SRD5A1"
"1067","ARIH2"
"1068","BANP"
"1069","FMR1"
"1070","APRT"
"1071","RRP9"
"1072","UBAP2L"
"1073","HSPH1"
"1074","RELA"
"1075","EHD1"
"1076","TUBGCP3"
"1077","ST3GAL5"
"1078","SRP68"
"1079","ARHGEF12"
"1080","PUS1"
"1081","MINOS1"
"1082","PHC1"
"1083","DHX15"
"1084","RAB12"
"1085","LRP10"
"1086","ZNF561"
"1087","DMWD"
"1088","FAM103A1"
"1089","KIRREL"
"1090","MVK"
"1091","RARA"
"1092","ARHGAP21"
"1093","ITGA3"
"1094","SLC4A2"
"1095","PCCB"
"1096","LOH12CR1"
"1097","RTFDC1"
"1098","TMBIM6"
"1099","IFRD1"
"1100","FANCG"
"1101","RBM34"
"1102","RUFY3"
"1103","VPS41"
"1104","ATOX1"
"1105","VLDLR"
"1106","DESI1"
"1107","LLPH"
"1108","SLC25A1"
"1109","FTSJ1"
"1110","RAB5C"
"1111","ISOC2"
"1112","RAP2B"
"1113","ANAPC13"
"1114","POM121"
"1115","XPNPEP3"
"1116","MYO19"
"1117","TRAM1"
"1118","PLOD2"
"1119","ESCO2"
"1120","ZBTB10"
"1121","EIF3J"
"1122","MED25"
"1123","MRRF"
"1124","SUMO2"
"1125","HTT"
"1126","SAP30L"
"1127","TRIM38"
"1128","RBM38"
"1129","ARHGAP12"
"1130","PPP2CA"
"1131","MDM4"
"1132","NLGN1"
"1133","ACO1"
"1134","SPINT1"
"1135","CIAO1"
"1136","OLA1"
"1137","UBE2R2"
"1138","MTMR4"
"1139","ATXN3"
"1140","OSMR"
"1141","PLAT"
"1142","ACAP2"
"1143","GPR137B"
"1144","COL4A2"
"1145","DNAJB6"
"1146","EXOC8"
"1147","SKP2"
"1148","DMTF1"
"1149","CCDC14"
"1150","EXT2"
"1151","ZNF267"
"1152","CDCA5"
"1153","TFCP2"
"1154","CHST14"
"1155","MPPE1"
"1156","POLR3E"
"1157","HNRNPA1"
"1158","UBXN8"
"1159","TFAM"
"1160","CEP57L1"
"1161","XPO1"
"1162","NPM1"
"1163","SURF6"
"1164","SVIP"
"1165","TOM1L1"
"1166","RBX1"
"1167","OXNAD1"
"1168","XBP1"
"1169","RANGAP1"
"1170","KIF1B"
"1171","NFIC"
"1172","ITGB3BP"
"1173","VEGFA"
"1174","GGPS1"
"1175","CNOT10"
"1176","ROCK2"
"1177","SKI"
"1178","GRN"
"1179","MMP2"
"1180","PGM3"
"1181","TMEM194A"
"1182","ERCC2"
"1183","GSK3A"
"1184","SUCLG1"
"1185","TERF2IP"
"1186","EHD4"
"1187","AIFM2"
"1188","MIR9-3"
"1189","SH3BGRL3"
"1190","TRMT61A"
"1191","HMGN2"
"1192","CNBP"
"1193","NELFCD"
"1194","C12orf57"
"1195","CCSER2"
"1196","SH3PXD2A"
"1197","CBR4"
"1198","NT5E"
"1199","HERC2"
"1200","SLK"
"1201","HMGB3"
"1202","CDKN2AIP"
"1203","RASSF8"
"1204","ADRBK1"
"1205","DCAF7"
"1206","LGALS3BP"
"1207","DAG1"
"1208","MND1"
"1209","RRAGC"
"1210","EXT1"
"1211","PACS2"
"1212","PRDM4"
"1213","STX16"
"1214","CBFA2T2"
"1215","HSPB8"
"1216","CADM1"
"1217","ATG10"
"1218","BBX"
"1219","ERCC6L2"
"1220","PHF13"
"1221","DHDDS"
"1222","DIAPH3"
"1223","DDX28"
"1224","CCDC59"
"1225","CLPX"
"1226","MBP"
"1227","EMILIN2"
"1228","DNAJC11"
"1229","HIGD1A"
"1230","MC1R"
"1231","TBC1D15"
"1232","PITPNB"
"1233","RPL13A"
"1234","XRCC5"
"1235","PNPLA4"
"1236","CASP9"
"1237","NCALD"
"1238","C11orf30"
"1239","PPARA"
"1240","QSOX2"
"1241","PSMD11"
"1242","ATP6V1A"
"1243","MYLK"
"1244","GLI3"
"1245","DUSP12"
"1246","ACAT1"
"1247","KAT2A"
"1248","ANKZF1"
"1249","STRBP"
"1250","ATM"
"1251","MRM1"
"1252","PPP6R1"
"1253","NAP1L1"
"1254","CA8"
"1255","ORAI2"
"1256","NCAPH"
"1257","ZNF277"
"1258","EP300"
"1259","EIF6"
"1260","JARID2"
"1261","PIN1"
"1262","AGAP3"
"1263","SOCS2"
"1264","VPS8"
"1265","HLA-DPA1"
"1266","HDAC1"
"1267","MSL2"
"1268","PLEKHO2"
"1269","MIR31"
"1270","LAMC1"
"1271","RPS6KA4"
"1272","PCGF6"
"1273","ACTN1"
"1274","CMC1"
"1275","RNASEH1"
"1276","TRIOBP"
"1277","UBR4"
"1278","SRF"
"1279","POLR3D"
"1280","TP53"
"1281","OTUB1"
"1282","NCOA4"
"1283","KLF9"
"1284","BAZ2A"
"1285","TMX3"
"1286","CPS1"
"1287","UBE2V1"
"1288","RER1"
"1289","SRP72"
"1290","ATP6V0E1"
"1291","MAPK8IP1"
"1292","CCAR1"
"1293","COX17"
"1294","TM9SF3"
"1295","ORC6"
"1296","WDR1"
"1297","SAPCD2"
"1298","CNOT2"
"1299","NRD1"
"1300","ETS1"
"1301","ATP5A1"
"1302","NDRG3"
"1303","SHOX2"
"1304","S100A1"
"1305","TOM1"
"1306","RABGAP1"
"1307","FAM178A"
"1308","DEDD2"
"1309","TRAPPC1"
"1310","MBD6"
"1311","RFC2"
"1312","PLXNA1"
"1313","NUP54"
"1314","RPSA"
"1315","ATF2"
"1316","ZNF286A"
"1317","PSMG1"
"1318","GGA2"
"1319","EDC4"
"1320","QDPR"
"1321","PARK7"
"1322","AUP1"
"1323","PTPN3"
"1324","EN2"
"1325","CC2D2A"
"1326","ATAD3A"
"1327","STRN4"
"1328","ELF1"
"1329","UBL4A"
"1330","HMGCR"
"1331","RASSF3"
"1332","NMD3"
"1333","POLA1"
"1334","AIMP2"
"1335","SOX5"
"1336","PBXIP1"
"1337","EIF4H"
"1338","NAT8L"
"1339","GGCT"
"1340","KHDRBS1"
"1341","ENKD1"
"1342","FBXW2"
"1343","POR"
"1344","L1CAM"
"1345","RNMTL1"
"1346","INTS1"
"1347","APOLD1"
"1348","ACOT9"
"1349","EDNRB"
"1350","MSH6"
"1351","SPP1"
"1352","CCS"
"1353","ADAM9"
"1354","LSM14A"
"1355","KDM3B"
"1356","USP18"
"1357","FNTA"
"1358","TLN2"
"1359","COL18A1"
"1360","PLD2"
"1361","TSEN34"
"1362","CCBL2"
"1363","RRBP1"
"1364","ARNT"
"1365","IKBKAP"
"1366","BAX"
"1367","PARP1"
"1368","EPN1"
"1369","H1FX"
"1370","CLDND1"
"1371","CASP7"
"1372","RRAGD"
"1373","ATP6V0E2"
"1374","SCD5"
"1375","CDK12"
"1376","LPIN1"
"1377","PNMA1"
"1378","GXYLT1"
"1379","MAP7D1"
"1380","PPP6R2"
"1381","LIN54"
"1382","MCM3AP"
"1383","COPS8"
"1384","RECQL4"
"1385","GAB1"
"1386","PLEKHB2"
"1387","TUBB2B"
"1388","ZC3HAV1"
"1389","SPRYD3"
"1390","SUV39H2"
"1391","MPP5"
"1392","SPAG9"
"1393","WARS2"
"1394","BDH1"
"1395","KCTD20"
"1396","E2F1"
"1397","RTN3"
"1398","RPL5"
"1399","TMEM18"
"1400","TRIM32"
"1401","RNF34"
"1402","CUX1"
"1403","TCEAL1"
"1404","CTPS2"
"1405","RBM7"
"1406","BID"
"1407","XRCC6"
"1408","PITPNA"
"1409","SAP30BP"
"1410","CREB3L2"
"1411","PPAN"
"1412","EIF3K"
"1413","SIPA1L1"
"1414","STAG1"
"1415","MAPKAPK5"
"1416","ATAT1"
"1417","ACSL4"
"1418","NMT2"
"1419","HSPB1"
"1420","CENPM"
"1421","SMAD7"
"1422","SOX10"
"1423","ZBTB7B"
"1424","GREB1"
"1425","BCL9L"
"1426","PIK3C2A"
"1427","FXR1"
"1428","VPS37B"
"1429","RPAP1"
"1430","PIP5K1C"
"1431","CPSF1"
"1432","RFT1"
"1433","THYN1"
"1434","SRRT"
"1435","ELOVL1"
"1436","BACE1"
"1437","EGFR"
"1438","AP3D1"
"1439","ATG12"
"1440","RPA2"
"1441","GALNT1"
"1442","DYNLL2"
"1443","TUBG1"
"1444","PAM16"
"1445","FKBP8"
"1446","SENP1"
"1447","GNAS"
"1448","CNIH1"
"1449","C1orf123"
"1450","DUSP14"
"1451","ZDHHC20"
"1452","FBXW8"
"1453","SCAF8"
"1454","CCNB1"
"1455","PTK7"
"1456","NAPEPLD"
"1457","YIPF4"
"1458","MRPL9"
"1459","CDK1"
"1460","KITLG"
"1461","GRWD1"
"1462","ZNF687"
"1463","PELP1"
"1464","PLP2"
"1465","SMARCC1"
"1466","NKTR"
"1467","ESD"
"1468","UBE2E2"
"1469","MTSS1L"
"1470","CYBA"
"1471","TNFRSF12A"
"1472","HEY2"
"1473","C5orf45"
"1474","WDR74"
"1475","HMBS"
"1476","POLR2F"
"1477","ZNF318"
"1478","PGAM4"
"1479","GTF3C4"
"1480","ANKRD13C"
"1481","TNFAIP3"
"1482","KCTD2"
"1483","PTPN1"
"1484","RAP1B"
"1485","TNPO1"
"1486","SMARCAD1"
"1487","HNRNPA0"
"1488","PSMC3"
"1489","SPATS2L"
"1490","PXN"
"1491","PIAS1"
"1492","CTGF"
"1493","SNX6"
"1494","SMARCE1"
"1495","UBE3C"
"1496","ABCC10"
"1497","CFDP1"
"1498","MED1"
"1499","COPS3"
"1500","SAT1"
"1501","CYR61"
"1502","SZRD1"
"1503","SDC4"
"1504","IFNAR2"
"1505","SP100"
"1506","TRIM24"
"1507","HPS5"
"1508","NR2F2"
"1509","USP16"
"1510","DCP2"
"1511","HIF1A"
"1512","ELOVL6"
"1513","AHCTF1"
"1514","RNF41"
"1515","LRRC57"
"1516","NMT1"
"1517","SETD8"
"1518","USP4"
"1519","SLC39A11"
"1520","CLTA"
"1521","DDX41"
"1522","GLTSCR1"
"1523","COQ10B"
"1524","CD99"
"1525","AKR7A2"
"1526","PROSC"
"1527","RAB2A"
"1528","MCM10"
"1529","IER3IP1"
"1530","DEAF1"
"1531","MARVELD1"
"1532","SDCBP"
"1533","CALCOCO2"
"1534","LAMB1"
"1535","METTL2B"
"1536","ST13"
"1537","PI4K2B"
"1538","DYNLL1"
"1539","CDIPT"
"1540","PIGT"
"1541","GPR143"
"1542","ACTN4"
"1543","ELMO2"
"1544","SPRY4"
"1545","YARS2"
"1546","CD44"
"1547","CISD2"
"1548","MYH14"
"1549","FAM217B"
"1550","NOTCH1"
"1551","SF3A3"
"1552","DHX57"
"1553","FOSL1"
"1554","TNPO3"
"1555","RASAL2"
"1556","SUGP1"
"1557","AMMECR1"
"1558","TAF11"
"1559","ACTB"
"1560","MEGF9"
"1561","NSUN2"
"1562","UCK2"
"1563","DICER1"
"1564","HPS4"
"1565","C19orf47"
"1566","ZNF83"
"1567","RAB38"
"1568","MYLIP"
"1569","ACVR1B"
"1570","APOL2"
"1571","MPRIP"
"1572","PABPC1"
"1573","ANXA4"
"1574","MITF"
"1575","PRR14L"
"1576","KIF20A"
"1577","HSD17B7"
"1578","PPIF"
"1579","PIM3"
"1580","SH3BGRL"
"1581","MAGEA12"
"1582","PRMT5"
"1583","ARID5B"
"1584","ATXN10"
"1585","RUVBL2"
"1586","MCM2"
"1587","PCMTD1"
"1588","ACTR2"
"1589","PPP1R9B"
"1590","CCAR2"
"1591","VANGL1"
"1592","RNF10"
"1593","ACBD5"
"1594","KIAA1109"
"1595","GADD45B"
"1596","CDK11A"
"1597","CDT1"
"1598","PRKAR2A"
"1599","ANKRD17"
"1600","AMMECR1L"
"1601","DOCK7"
"1602","RPS10"
"1603","PDIA3"
"1604","ST8SIA2"
"1605","AZIN1"
"1606","PHF6"
"1607","HNRNPK"
"1608","TBC1D20"
"1609","MEF2A"
"1610","ERGIC3"
"1611","TANC2"
"1612","TFAP4"
"1613","ERLIN1"
"1614","DSCC1"
"1615","FAM189B"
"1616","KLF3"
"1617","HAUS1"
"1618","CYFIP1"
"1619","RNF220"
"1620","RUNX1"
"1621","ATP2B4"
"1622","PYCR1"
"1623","MARS"
"1624","TNPO2"
"1625","PML"
"1626","TMEM214"
"1627","VPS4B"
"1628","USP15"
"1629","FZR1"
"1630","MRPL17"
"1631","SKIV2L"
"1632","NPC2"
"1633","ZCCHC24"
"1634","BIRC3"
"1635","EIF4A1"
"1636","RAP2A"
"1637","SSR2"
"1638","MOB1B"
"1639","PLOD1"
"1640","RPS3"
"1641","SMG7"
"1642","EIF3E"
"1643","FAM13B"
"1644","MAN1A2"
"1645","FLYWCH2"
"1646","ATOH8"
"1647","UNC13B"
"1648","CELF2"
"1649","GLB1"
"1650","TMED2"
"1651","PYGB"
"1652","CALR"
"1653","KIF2A"
"1654","SGK1"
"1655","COG6"
"1656","THOC2"
"1657","RHOT2"
"1658","DIS3L"
"1659","RPS20"
"1660","ASAP1"
"1661","MRPS35"
"1662","EXOSC5"
"1663","IMPDH2"
"1664","ESYT1"
"1665","CAMTA1"
"1666","PRPF4B"
"1667","RPS23"
"1668","CCSAP"
"1669","PHTF1"
"1670","RUVBL1"
"1671","DOCK10"
"1672","GSTM2"
"1673","ZNF174"
"1674","RAPGEF1"
"1675","GEMIN2"
"1676","FOSL2"
"1677","TTC37"
"1678","BAG6"
"1679","SLC20A1"
"1680","CHN1"
"1681","PRKAA1"
"1682","CHCHD5"
"1683","DDX19A"
"1684","IFNGR1"
"1685","CCDC28A"
"1686","POLR2D"
"1687","RAB3GAP2"
"1688","PRR3"
"1689","LMAN1"
"1690","AATF"
"1691","CAPRIN1"
"1692","PSAT1"
"1693","DERL2"
"1694","SYNJ2BP"
"1695","KANSL2"
"1696","NPLOC4"
"1697","TAF2"
"1698","VCP"
"1699","MYO6"
"1700","S100B"
"1701","ZNF503"
"1702","SH3BP4"
"1703","NQO1"
"1704","RPRD1A"
"1705","TYR"
"1706","LSG1"
"1707","BAMBI"
"1708","LYN"
"1709","COG2"
"1710","VPS37C"
"1711","MIB1"
"1712","GBF1"
"1713","KHSRP"
"1714","EMP1"
"1715","MRPS11"
"1716","GUF1"
"1717","TBRG4"
"1718","LDHB"
"1719","SRPR"
"1720","CTDSPL"
"1721","AIFM1"
"1722","MAP4K4"
"1723","ADARB1"
"1724","RPS9"
"1725","UMPS"
"1726","FAM195A"
"1727","PFKFB3"
"1728","VPS18"
"1729","POLK"
"1730","ADCY9"
"1731","PEX5"
"1732","SMURF2"
"1733","SLC16A1"
"1734","STAT2"
"1735","LPXN"
"1736","CSNK2A1"
"1737","DONSON"
"1738","TIMM8A"
"1739","AP3M2"
"1740","RAB11FIP2"
"1741","CHST12"
"1742","CCDC134"
"1743","PHLDA3"
"1744","PSME3"
"1745","TBL3"
"1746","PUS7"
"1747","ZMYM2"
"1748","DDI2"
"1749","DUSP11"
"1750","CHKA"
"1751","EBAG9"
"1752","SETDB1"
"1753","ZNF480"
"1754","CIAPIN1"
"1755","RNASEH2A"
"1756","FAM84B"
"1757","CUL2"
"1758","SCO1"
"1759","KIAA0195"
"1760","DNMT3A"
"1761","IGSF11"
"1762","CFL2"
"1763","BNIP3L"
"1764","ZFYVE21"
"1765","WASF2"
"1766","PEBP1"
"1767","MLXIP"
"1768","YIPF3"
"1769","SEPT11"
"1770","QSOX1"
"1771","VMA21"
"1772","FGFR1OP"
"1773","POLR3G"
"1774","SLC41A1"
"1775","DTX3L"
"1776","ATP6V1F"
"1777","DTL"
"1778","DCTN4"
"1779","BCL7B"
"1780","MAP2K4"
"1781","CAMTA2"
"1782","SYF2"
"1783","AHCYL2"
"1784","CFLAR"
"1785","LUC7L2"
"1786","CTSB"
"1787","MIR182"
"1788","MEA1"
"1789","TXNRD1"
"1790","TCHP"
"1791","SEC23A"
"1792","PRPS1"
"1793","GLYR1"
"1794","WDR73"
"1795","LMAN2"
"1796","HDAC2"
"1797","PITHD1"
"1798","ERBB2IP"
"1799","QARS"
"1800","GRB2"
"1801","EXOC5"
"1802","CNNM3"
"1803","CDC14B"
"1804","INSIG1"
"1805","HEATR3"
"1806","RPS27"
"1807","HES6"
"1808","F2"
"1809","UBXN4"
"1810","DDHD2"
"1811","HSPA1B"
"1812","NCOA3"
"1813","DDX27"
"1814","APPL1"
"1815","C1QBP"
"1816","GAPDH"
"1817","SEC23IP"
"1818","EXOSC6"
"1819","GTDC1"
"1820","HSPB11"
"1821","ETS2"
"1822","DPH7"
"1823","CHEK2"
"1824","FAM73B"
"1825","OPA3"
"1826","MTDH"
"1827","SSNA1"
"1828","CDC40"
"1829","C1orf21"
"1830","LUC7L"
"1831","AXIN1"
"1832","TGM2"
"1833","COPS2"
"1834","RPL27A"
"1835","DLG1"
"1836","PELO"
"1837","YWHAG"
"1838","PSMB6"
"1839","TMEM45A"
"1840","RAI1"
"1841","RAB18"
"1842","SESN1"
"1843","GALNT7"
"1844","SECISBP2L"
"1845","DLL4"
"1846","SF1"
"1847","FDFT1"
"1848","NLK"
"1849","BNIP2"
"1850","MBD4"
"1851","RNF8"
"1852","MSH3"
"1853","SYNRG"
"1854","CHCHD3"
"1855","AHCYL1"
"1856","PAAF1"
"1857","PHF19"
"1858","RAB14"
"1859","SLC2A3"
"1860","UBE2B"
"1861","SFRP1"
"1862","H2AFY"
"1863","EEF1E1"
"1864","DKK1"
"1865","NABP2"
"1866","SENP2"
"1867","RPS26"
"1868","SEL1L"
"1869","DPYSL2"
"1870","ASRGL1"
"1871","TUT1"
"1872","FAU"
"1873","TMEM11"
"1874","NCOA2"
"1875","SGPL1"
"1876","POLE2"
"1877","CHMP4B"
"1878","RNH1"
"1879","KDM3A"
"1880","MED29"
"1881","LPCAT3"
"1882","RNF185"
"1883","FAM104A"
"1884","RPL37"
"1885","TAB3"
"1886","HBS1L"
"1887","PNPLA8"
"1888","PURA"
"1889","ACP1"
"1890","POFUT1"
"1891","SUB1"
"1892","DECR1"
"1893","HERC1"
"1894","AGAP1"
"1895","LYRM7"
"1896","MTMR2"
"1897","BLVRA"
"1898","ERMP1"
"1899","RBBP8"
"1900","CHURC1"
"1901","PNRC2"
"1902","BBC3"
"1903","LASP1"
"1904","MAX"
"1905","NREP"
"1906","POLR1B"
"1907","PYGO2"
"1908","FAM35A"
"1909","FEN1"
"1910","MIR92A2"
"1911","METTL16"
"1912","MYO1D"
"1913","IGHMBP2"
"1914","MEN1"
"1915","XPO5"
"1916","DPF2"
"1917","FOXRED2"
"1918","RBM12"
"1919","MDFIC"
"1920","POLR3H"
"1921","MIR29B2"
"1922","FTH1"
"1923","SAP30"
"1924","ACIN1"
"1925","KIAA1429"
"1926","ASH1L"
"1927","HIPK2"
"1928","CYB5B"
"1929","GNPNAT1"
"1930","MRPL34"
"1931","TYRP1"
"1932","MED9"
"1933","SOX13"
"1934","LETM1"
"1935","ZNRF1"
"1936","RPS2"
"1937","EEF1B2"
"1938","BMP1"
"1939","HMGA2"
"1940","PIK3C3"
"1941","VPS37A"
"1942","DDX39A"
"1943","B4GALT1"
"1944","NDUFAF7"
"1945","STK3"
"1946","CHAF1A"
"1947","CD82"
"1948","MYD88"
"1949","FGD4"
"1950","NUP205"
"1951","HERC3"
"1952","ZNF703"
"1953","MIR203A"
"1954","SYMPK"
"1955","TVP23C"
"1956","SERPINA3"
"1957","PDCD6IP"
"1958","POM121C"
"1959","ITGB3"
"1960","COPG1"
"1961","MGAT4B"
"1962","CCDC71L"
"1963","SETD2"
"1964","QKI"
"1965","FRS2"
"1966","TTC8"
"1967","LRRC59"
"1968","STK38L"
"1969","USP47"
"1970","MRPL19"
"1971","PICALM"
"1972","MMP14"
"1973","NDC80"
"1974","ZFC3H1"
"1975","FAM136A"
"1976","UBA1"
"1977","RNF103"
"1978","BCOR"
"1979","CPOX"
"1980","STAMBP"
"1981","USP34"
"1982","NCL"
"1983","ARL4C"
"1984","HSPE1-MOB4"
"1985","HIPK3"
"1986","SNAP29"
"1987","TRUB2"
"1988","MRPL35"
"1989","PYROXD1"
"1990","NEDD4"
"1991","URB2"
"1992","POLL"
"1993","STMN1"
"1994","DDX5"
"1995","REEP5"
"1996","ATR"
"1997","MAGEA3"
"1998","YAE1D1"
"1999","SMAD2"
"2000","UBE2S"
"2001","MRPS10"
"2002","RREB1"
"2003","DHX40"
"2004","SERBP1"
"2005","MRPS24"
"2006","CTSK"
"2007","ZNF281"
"2008","SRSF11"
"2009","NBPF10"
"2010","PFDN6"
"2011","ILVBL"
"2012","MMS22L"
"2013","AXL"
"2014","EIF3A"
"2015","DDX39B"
"2016","ATP5B"
"2017","FAM46A"
"2018","PALB2"
"2019","TIMP1"
"2020","WDYHV1"
"2021","CDC42"
"2022","SEC24C"
"2023","NDUFA10"
"2024","ANTXR1"
"2025","TSPAN14"
"2026","CALM3"
"2027","C16orf58"
"2028","CNRIP1"
"2029","MSANTD3"
"2030","BSCL2"
"2031","TMEM54"
"2032","PLXNB2"
"2033","CSGALNACT2"
"2034","RAD18"
"2035","TLN1"
"2036","PSMD7"
"2037","UBL3"
"2038","BECN1"
"2039","CDCA4"
"2040","AUH"
"2041","ATN1"
"2042","ZNF84"
"2043","DNAJA1"
"2044","ADD3"
"2045","EPDR1"
"2046","TNFAIP1"
"2047","PDK3"
"2048","YLPM1"
"2049","DAXX"
"2050","TEP1"
"2051","MAD1L1"
"2052","MTFR2"
"2053","OIP5"
"2054","RTCB"
"2055","RSRC1"
"2056","CISD1"
"2057","ITPRIPL2"
"2058","HEMK1"
"2059","SGCB"
"2060","ZBTB7A"
"2061","SNRNP70"
"2062","DUSP4"
"2063","ZKSCAN5"
"2064","PSMF1"
"2065","CUL3"
"2066","VPS51"
"2067","GNA13"
"2068","COQ7"
"2069","UTP6"
"2070","CDKN1A"
"2071","COPS7A"
"2072","STAT5B"
"2073","RANBP9"
"2074","UBE2D3"
"2075","SLC25A3"
"2076","G2E3"
"2077","MYL12B"
"2078","SPAG5"
"2079","P4HB"
"2080","CAPN2"
"2081","PRRC2C"
"2082","B4GALT7"
"2083","ITPR2"
"2084","SLCO3A1"
"2085","SLC25A32"
"2086","PIK3R3"
"2087","LCORL"
"2088","ZBTB33"
"2089","CUL4A"
"2090","TMEM59"
"2091","RIF1"
"2092","ANO6"
"2093","PHB"
"2094","TTF2"
"2095","SMAD5"
"2096","FAM91A1"
"2097","PQLC3"
"2098","HNRNPA1L2"
"2099","HSPBP1"
"2100","EZH1"
"2101","PCMTD2"
"2102","GABPB1"
"2103","CENPQ"
"2104","C11orf74"
"2105","WDR81"
"2106","SMAD3"
"2107","CPNE2"
"2108","HAGH"
"2109","VGLL4"
"2110","ZMAT3"
"2111","DSN1"
"2112","INPPL1"
"2113","MMP16"
"2114","CD200"
"2115","ZKSCAN1"
"2116","KDSR"
"2117","ANKFY1"
"2118","PDZD8"
"2119","ZC3H18"
"2120","PSMA7"
"2121","CES2"
"2122","FEM1B"
"2123","BACH1"
"2124","HOMER2"
"2125","PDLIM5"
"2126","RPL21"
"2127","MEF2C"
"2128","MED23"
"2129","ERGIC1"
"2130","PTMS"
"2131","FUS"
"2132","C7orf60"
"2133","GAS2L3"
"2134","HMOX1"
"2135","FRMD6"
"2136","AK4"
"2137","NDNL2"
"2138","HSPD1"
"2139","PHF12"
"2140","PRRC1"
"2141","RPL23A"
"2142","AKAP13"
"2143","MYADM"
"2144","YTHDF1"
"2145","PSMD10"
"2146","ZNF276"
"2147","SPECC1"
"2148","RDH11"
"2149","MAP3K1"
"2150","TUBGCP6"
"2151","MSL3"
"2152","PPP2R1B"
"2153","CCNY"
"2154","TMEM173"
"2155","MARCH9"
"2156","POLR2C"
"2157","FARSA"
"2158","HM13"
"2159","USF2"
"2160","HLA-E"
"2161","COG5"
"2162","STRN"
"2163","POLE3"
"2164","C1orf112"
"2165","PPP1R12C"
"2166","TROVE2"
"2167","MAPK8"
"2168","SLC5A3"
"2169","SPRTN"
"2170","TSPYL1"
"2171","STX12"
"2172","TAOK3"
"2173","MAK16"
"2174","ADAR"
"2175","PPT1"
"2176","CBX6"
"2177","NAGA"
"2178","RASSF1"
"2179","SRXN1"
"2180","ASB6"
"2181","NOC3L"
"2182","SLC35C1"
"2183","IPO7"
"2184","SLC3A2"
"2185","DERL1"
"2186","GRB10"
"2187","ATP2A2"
"2188","FAM96B"
"2189","HNRNPDL"
"2190","ALDH1A3"
"2191","MED15"
"2192","DIRAS1"
"2193","DIAPH1"
"2194","PSMD9"
"2195","CHORDC1"
"2196","RPUSD4"
"2197","YWHAE"
"2198","ARHGAP17"
"2199","ATG4D"
"2200","ERC1"
"2201","PDHX"
"2202","MORC4"
"2203","FRAT2"
"2204","TOB1"
"2205","CDC6"
"2206","TP53BP2"
"2207","BAK1"
"2208","TAB2"
"2209","RPL36"
"2210","TWISTNB"
"2211","VTI1A"
"2212","PPAP2A"
"2213","C6orf106"
"2214","SLC4A7"
"2215","NAT9"
"2216","ADCY5"
"2217","TNFRSF21"
"2218","TMEM192"
"2219","LIMK1"
"2220","SMC6"
"2221","TNFSF12"
"2222","ACADVL"
"2223","ZFP62"
"2224","ABCC4"
"2225","RBMS1"
"2226","RNF115"
"2227","ABHD2"
"2228","MSRB3"
"2229","MTHFSD"
"2230","VPS39"
"2231","BZW2"
"2232","ACOT7"
"2233","GTF3C1"
"2234","PDXDC1"
"2235","OTUD7B"
"2236","IPPK"
"2237","FAM58A"
"2238","CASP8"
"2239","MMP1"
"2240","PSMC5"
"2241","TRAF4"
"2242","PNPLA6"
"2243","HELZ"
"2244","GLOD4"
"2245","PPP1CC"
"2246","SBF1"
"2247","SLC35F2"
"2248","C17orf80"
"2249","DDX56"
"2250","POLE4"
"2251","HTRA2"
"2252","ZFAND1"
"2253","GNB1"
"2254","PPDPF"
"2255","PPP6R3"
"2256","NUTF2"
"2257","NDUFB2"
"2258","FAM57A"
"2259","DNAJC9"
"2260","PTMA"
"2261","PLEKHG2"
"2262","NARF"
"2263","KPNB1"
"2264","HGS"
"2265","NKAP"
"2266","RPS17"
"2267","ATP6V1C1"
"2268","DCTPP1"
"2269","DROSHA"
"2270","PDCL3"
"2271","DCPS"
"2272","PTPN11"
"2273","CRIPT"
"2274","CHL1"
"2275","FBXL3"
"2276","CCDC82"
"2277","BPTF"
"2278","SIRT7"
"2279","EPAS1"
"2280","YKT6"
"2281","FBXO3"
"2282","MPDU1"
"2283","EBP"
"2284","SIN3B"
"2285","DNAJC1"
"2286","ERH"
"2287","GSPT1"
"2288","SAE1"
"2289","SNRPA"
"2290","FANCC"
"2291","TPR"
"2292","THUMPD1"
"2293","MTFP1"
"2294","RHEB"
"2295","MBD2"
"2296","PPIL4"
"2297","USP8"
"2298","MPST"
"2299","SLC30A1"
"2300","SCAMP1"
"2301","CSNK1E"
"2302","LAMP2"
"2303","RPL18"
"2304","ANKLE2"
"2305","LMNA"
"2306","ALG9"
"2307","TRIM13"
"2308","IRS1"
"2309","IMP3"
"2310","NDFIP2"
"2311","RAB34"
"2312","OPHN1"
"2313","JUND"
"2314","EIF4EBP2"
"2315","MIA3"
"2316","PPIB"
"2317","CDV3"
"2318","PDGFRA"
"2319","APP"
"2320","AARSD1"
"2321","UBIAD1"
"2322","CALD1"
"2323","MRPS25"
"2324","FUT11"
"2325","ZNF394"
"2326","SUN1"
"2327","GORASP2"
"2328","UNKL"
"2329","POLR2J3"
"2330","IARS2"
"2331","MSANTD4"
"2332","CASC5"
"2333","CDK5RAP2"
"2334","PLK1"
"2335","NFATC2"
"2336","PSENEN"
"2337","SNRPD3"
"2338","CRTAP"
"2339","HLA-B"
"2340","MAP3K3"
"2341","VHL"
"2342","MAPK7"
"2343","PDCD11"
"2344","SNTB2"
"2345","SNX17"
"2346","BOLA3"
"2347","MET"
"2348","MYC"
"2349","MESDC1"
"2350","TRIP6"
"2351","KATNB1"
"2352","RPS6KA1"
"2353","ACSS1"
"2354","C18orf32"
"2355","GOLGA8A"
"2356","ZFX"
"2357","ING4"
"2358","HDLBP"
"2359","VWA8"
"2360","RPS25"
"2361","NUP214"
"2362","SCAMP2"
"2363","MAP3K11"
"2364","CHML"
"2365","TYSND1"
"2366","SRSF5"
"2367","AAED1"
"2368","ADA"
"2369","RPS14"
"2370","FOXP4"
"2371","DPH1"
"2372","CHAMP1"
"2373","CTCF"
"2374","RNF44"
"2375","MRPL18"
"2376","ZADH2"
"2377","PRKCD"
"2378","WDR6"
"2379","ZNF623"
"2380","TRIM65"
"2381","SPARC"
"2382","DEFB103A"
"2383","LYPLA1"
"2384","CCT2"
"2385","AKIRIN1"
"2386","PHGDH"
"2387","CD109"
"2388","MAP3K7"
"2389","H3F3A"
"2390","FBXO21"
"2391","VWA9"
"2392","ZC3H4"
"2393","HSPA13"
"2394","SHCBP1"
"2395","ADCY6"
"2396","PWP2"
"2397","MIER1"
"2398","FBXO28"
"2399","KIAA0907"
"2400","PRC1"
"2401","EIF3I"
"2402","HNRNPUL1"
"2403","UBE2M"
"2404","GANAB"
"2405","SORT1"
"2406","DCAF4"
"2407","STK4"
"2408","CTNND1"
"2409","SCARB1"
"2410","BTF3"
"2411","GINS4"
"2412","SEC31A"
"2413","SLC25A14"
"2414","MLLT10"
"2415","NARS2"
"2416","AGTRAP"
"2417","TMEM43"
"2418","RMI1"
"2419","IGF2R"
"2420","MXRA7"
"2421","PAK1"
"2422","RPS15A"
"2423","HIGD2A"
"2424","LAMTOR5"
"2425","NPTN"
"2426","ZDHHC16"
"2427","ATP6V1G1"
"2428","ZRANB1"
"2429","KLC1"
"2430","TPT1"
"2431","EIF4G3"
"2432","ZNF260"
"2433","HMGA1"
"2434","RDH10"
"2435","THAP7"
"2436","ATXN2L"
"2437","ITPR3"
"2438","IL17RC"
"2439","SNAPIN"
"2440","FAM210A"
"2441","TMEM189"
"2442","TYRO3"
"2443","NRG1"
"2444","DGUOK"
"2445","FITM2"
"2446","DCAF12"
"2447","MPZL1"
"2448","TBK1"
"2449","C9orf156"
"2450","PSEN2"
"2451","TMUB1"
"2452","SACM1L"
"2453","HDHD3"
"2454","ZFYVE26"
"2455","WWC2"
"2456","INPP5F"
"2457","HOXA10"
"2458","KRT8"
"2459","TRABD"
"2460","FAM177A1"
"2461","MCM5"
"2462","PACS1"
"2463","FAM73A"
"2464","UBA6"
"2465","ADAM17"
"2466","SNX4"
"2467","SARS2"
"2468","PHF20L1"
"2469","STEAP3"
"2470","NFKB2"
"2471","TMEM30A"
"2472","GMPPB"
"2473","ZEB2"
"2474","NCDN"
"2475","HLA-DRA"
"2476","CECR5"
"2477","USP14"
"2478","EIF4A2"
"2479","TRIM14"
"2480","RNF141"
"2481","NCOR1"
"2482","ASCC3"
"2483","EIF2S1"
"2484","CDKN1B"
"2485","KIAA1841"
"2486","FKBPL"
"2487","CD46"
"2488","KPNA3"
"2489","UXT"
"2490","BACE2"
"2491","FHOD1"
"2492","SNX24"
"2493","CALM2"
"2494","LPP"
"2495","CDADC1"
"2496","HEATR6"
"2497","FBXL19"
"2498","RDH13"
"2499","NSF"
"2500","MADD"
"2501","RCN3"
"2502","RNF157"
"2503","OGT"
"2504","KIF4A"
"2505","TUBB4B"
"2506","ARMCX3"
"2507","AP5B1"
"2508","C11orf57"
"2509","CCDC57"
"2510","TMEM123"
"2511","MRPL2"
"2512","BCKDHA"
"2513","NF1"
"2514","L2HGDH"
"2515","ATP2B1"
"2516","DENND6A"
"2517","PLA2G4A"
"2518","RAB1B"
"2519","PGAM1"
"2520","ATF1"
"2521","STAT5A"
"2522","MTR"
"2523","VKORC1L1"
"2524","GDF11"
"2525","HSDL1"
"2526","UBR7"
"2527","FKBP15"
"2528","NCOA7"
"2529","ID1"
"2530","MARK2"
"2531","SSR3"
"2532","NUP93"
"2533","XPA"
"2534","MANEAL"
"2535","PES1"
"2536","BRCA1"
"2537","WDR62"
"2538","ARF1"
"2539","PRR4"
"2540","COMMD9"
"2541","BTBD7"
"2542","BRAF"
"2543","TANGO6"
"2544","DSTYK"
"2545","SPG11"
"2546","HDAC6"
"2547","MRPS34"
"2548","STX3"
"2549","HERC4"
"2550","SDC1"
"2551","SEC11A"
"2552","SH3GLB1"
"2553","HOXC10"
"2554","MRPL45"
"2555","TECR"
"2556","USP10"
"2557","E2F3"
"2558","KMT2A"
"2559","NOM1"
"2560","MOB4"
"2561","MOV10"
"2562","RRP36"
"2563","HS2ST1"
"2564","CALM1"
"2565","YWHAH"
"2566","C5orf15"
"2567","HIPK1"
"2568","DNAJA3"
"2569","FAM222B"
"2570","NSUN5"
"2571","RPS8"
"2572","FAM49B"
"2573","PPP4R1"
"2574","ORC5"
"2575","ATF3"
"2576","SOX6"
"2577","IGF2BP2"
"2578","AP1S3"
"2579","NHSL1"
"2580","REL"
"2581","DPAGT1"
"2582","HMGCS1"
"2583","KPNA4"
"2584","ANKRD49"
"2585","PHAX"
"2586","UBE2D1"
"2587","SMAP2"
"2588","SSRP1"
"2589","EEF1D"
"2590","LMBR1"
"2591","AURKB"
"2592","DAB2IP"
"2593","SLC25A24"
"2594","GSR"
"2595","C1orf174"
"2596","MTA1"
"2597","MAP1B"
"2598","MCM8"
"2599","SFRP2"
"2600","ZDHHC24"
"2601","SIPA1L2"
"2602","RFWD2"
"2603","RAB2B"
"2604","FARSB"
"2605","DYNLT3"
"2606","CHCHD7"
"2607","GATAD2B"
"2608","CYLD"
"2609","OBFC1"
"2610","DNPH1"
"2611","SPCS3"
"2612","POLA2"
"2613","CPEB4"
"2614","KIF13A"
"2615","RABGGTB"
"2616","CDK5RAP3"
"2617","FH"
"2618","TRAFD1"
"2619","AP2B1"
"2620","RPL22"
"2621","GPATCH8"
"2622","NSA2"
"2623","DBNL"
"2624","RAD51B"
"2625","RASA3"
"2626","CELSR2"
"2627","CCNE2"
"2628","ERGIC2"
"2629","SDHAF2"
"2630","BDH2"
"2631","RP2"
"2632","PPARG"
"2633","IKBIP"
"2634","TAF9"
"2635","BORA"
"2636","APEX1"
"2637","PLCG1"
"2638","DHFRP1"
"2639","SERINC1"
"2640","ASNA1"
"2641","USP22"
"2642","MATR3"
"2643","FYN"
"2644","PPWD1"
"2645","PPP2R5C"
"2646","CHUK"
"2647","UBR1"
"2648","CAND1"
"2649","PLSCR1"
"2650","BCLAF1"
"2651","ATP1A1"
"2652","DOCK1"
"2653","PHF3"
"2654","PPP2R1A"
"2655","TMEM161B"
"2656","HDAC3"
"2657","CALU"
"2658","HIST2H2AA4"
"2659","ZDHHC9"
"2660","NFYA"
"2661","CPSF2"
"2662","TUBGCP5"
"2663","CARS2"
"2664","DNAJB2"
"2665","TRPM7"
"2666","PEX26"
"2667","PABPN1"
"2668","GPX8"
"2669","CCDC43"
"2670","CBX5"
"2671","SLC7A1"
"2672","GALNT2"
"2673","SARM1"
"2674","ARID4B"
"2675","WDFY2"
"2676","C19orf12"
"2677","PTPN12"
"2678","IPO4"
"2679","GEMIN5"
"2680","CARD8"
"2681","PDPR"
"2682","UBXN1"
"2683","QPCTL"
"2684","IKBKG"
"2685","FAM96A"
"2686","TMA16"
"2687","LRP1"
"2688","RGS12"
"2689","TAF8"
"2690","TFAP2A"
"2691","CYP4V2"
"2692","WDR61"
"2693","INCENP"
"2694","EEA1"
"2695","CDKN2D"
"2696","SUMF2"
"2697","CASP2"
"2698","CSGALNACT1"
"2699","ZCCHC11"
"2700","LIN7C"
"2701","MORC3"
"2702","SEPT2"
"2703","TAB1"
"2704","THOC7"
"2705","HLA-DPB1"
"2706","SMN1"
"2707","CTNNBL1"
"2708","PIK3R1"
"2709","RQCD1"
"2710","MIR3916"
"2711","MRPL12"
"2712","YME1L1"
"2713","LZIC"
"2714","TST"
"2715","CCT3"
"2716","LPGAT1"
"2717","MEX3C"
"2718","LZTS1"
"2719","RNF146"
"2720","TIPARP"
"2721","FAM208A"
"2722","ATP5G3"
"2723","SIPA1"
"2724","MGME1"
"2725","DEDD"
"2726","FAM21C"
"2727","ITGA6"
"2728","GHITM"
"2729","REXO2"
"2730","UBE2A"
"2731","HBP1"
"2732","RNFT1"
"2733","PRKAB2"
"2734","KPNA2"
"2735","DPYSL3"
"2736","TCF12"
"2737","MCRS1"
"2738","ESPL1"
"2739","RTKN"
"2740","MSRB1"
"2741","KIAA0226"
"2742","FAS"
"2743","MFN2"
"2744","RILPL1"
"2745","MTMR10"
"2746","POMGNT1"
"2747","TAF5L"
"2748","KLHL42"
"2749","VAMP3"
"2750","DDX55"
"2751","CTDSPL2"
"2752","RPP30"
"2753","SCNM1"
"2754","MDM2"
"2755","SERPINH1"
"2756","TUBB2A"
"2757","PPM1D"
"2758","LCLAT1"
"2759","CTNNBIP1"
"2760","NME1"
"2761","JUN"
"2762","MEGF8"
"2763","COMMD3-BMI1"
"2764","TAP1"
"2765","CHMP1B"
"2766","MAPKBP1"
"2767","ORMDL3"
"2768","CCND1"
"2769","MKRN2"
"2770","LSM4"
"2771","ANKRD40"
"2772","FGFR1"
"2773","GPATCH3"
"2774","NDUFB10"
"2775","ATP2C1"
"2776","MORF4L2"
"2777","CAB39"
"2778","SND1"
"2779","EIF2B5"
"2780","HDAC8"
"2781","RNF215"
"2782","GNS"
"2783","SDHA"
"2784","PHIP"
"2785","CEP85"
"2786","TRIM63"
"2787","MON1B"
"2788","NOP16"
"2789","CARS"
"2790","RPS19"
"2791","PTBP3"
"2792","MVP"
"2793","DRG1"
"2794","MLLT1"
"2795","SMARCA2"
"2796","RABL6"
"2797","OPA1"
"2798","BCL9"
"2799","ITGB5"
"2800","NDFIP1"
"2801","TBC1D9B"
"2802","SLC25A40"
"2803","CEP170B"
"2804","COL16A1"
"2805","ILF3"
"2806","AP3S2"
"2807","POLR3B"
"2808","ERBB3"
"2809","ZNF428"
"2810","EYA4"
"2811","NUP153"
"2812","TVP23B"
"2813","EDEM1"
"2814","COTL1"
"2815","MSMO1"
"2816","TGFA"
"2817","PRKAR1A"
"2818","CD276"
"2819","MRPS26"
"2820","NUCKS1"
"2821","MIEN1"
"2822","PPIA"
"2823","CERS2"
"2824","LDB1"
"2825","NR2C2AP"
"2826","TSKU"
"2827","EIF3C"
"2828","RAD51"
"2829","CAV1"
"2830","DHX30"
"2831","ATF6"
"2832","NES"
"2833","PSMD5"
"2834","ANKH"
"2835","CUEDC1"
"2836","EZR"
"2837","KIF3B"
"2838","DCAF16"
"2839","CEP170"
"2840","MAP2K7"
"2841","ICK"
"2842","FAM208B"
"2843","PIAS3"
"2844","AGPAT3"
"2845","C5orf51"
"2846","UNG"
"2847","TLE3"
"2848","FBRS"
"2849","UBE2D4"
"2850","SECISBP2"
"2851","MIR148A"
"2852","VPS26A"
"2853","NFKBIZ"
"2854","ATPAF1"
"2855","ERBB2"
"2856","DDX19B"
"2857","CD68"
"2858","PPP6C"
"2859","KIAA0141"
"2860","PIGB"
"2861","MOB1A"
"2862","GTF3C2"
"2863","TK1"
"2864","PNISR"
"2865","NARS"
"2866","NADK"
"2867","MID1"
"2868","CNOT6"
"2869","THOC1"
"2870","COG3"
"2871","ACOX1"
"2872","SNAPC3"
"2873","HNRNPL"
"2874","DPH2"
"2875","AP1G1"
"2876","VAMP2"
"2877","DEPTOR"
"2878","AKT2"
"2879","C16orf59"
"2880","PPARD"
"2881","FKBP5"
"2882","DUSP6"
"2883","HIST1H4J"
"2884","NFS1"
"2885","NDUFV3"
"2886","PPFIA3"
"2887","CERS1"
"2888","KBTBD6"
"2889","DAPK1"
"2890","MIOS"
"2891","TMEM184B"
"2892","CASC3"
"2893","IMPA1"
"2894","SHISA5"
"2895","RBBP6"
"2896","TXNL1"
"2897","HBEGF"
"2898","MAP2K3"
"2899","EPS8"
"2900","CIT"
"2901","TMEM9B"
"2902","ELP3"
"2903","TALDO1"
"2904","USP25"
"2905","ZMYND11"
"2906","MAPK3"
"2907","COMMD2"
"2908","TEAD4"
"2909","RCAN3"
"2910","RAB8B"
"2911","HSP90B1"
"2912","SELT"
"2913","IQGAP1"
"2914","NDEL1"
"2915","CLPP"
"2916","GOSR1"
"2917","SYNM"
"2918","CIC"
"2919","SNRNP48"
"2920","PPP3CA"
"2921","GINS3"
"2922","FSTL1"
"2923","ZNF512B"
"2924","ELOVL5"
"2925","SKIL"
"2926","ISY1"
"2927","TXLNA"
"2928","BLOC1S6"
"2929","ALDH3A2"
"2930","PHTF2"
"2931","BCAP31"
"2932","ZMIZ1"
"2933","PRDX4"
"2934","PAPD4"
"2935","TMED9"
"2936","HNRNPU"
"2937","RAPGEF2"
"2938","KLC2"
"2939","TMEM115"
"2940","DDX3X"
"2941","ARPC5L"
"2942","SYNCRIP"
"2943","CREG1"
"2944","GSKIP"
"2945","PAK2"
"2946","SESTD1"
"2947","FKBP4"
"2948","SNN"
"2949","ERI1"
"2950","SREK1IP1"
"2951","CDC37"
"2952","IARS"
"2953","KNTC1"
"2954","SNRPE"
"2955","TKT"
"2956","B3GAT3"
"2957","KANSL1"
"2958","PBX2"
"2959","NUPL2"
"2960","BAZ1A"
"2961","RPL7"
"2962","STMN3"
"2963","FAM101B"
"2964","CDK8"
"2965","GNAT2"
"2966","MTRF1L"
"2967","PSMC3IP"
"2968","DNAL1"
"2969","TRIP12"
"2970","LYRM2"
"2971","YY1AP1"
"2972","RUNX3"
"2973","CACUL1"
"2974","MIPEP"
"2975","DUS2"
"2976","ETV4"
"2977","SNX3"
"2978","WIZ"
"2979","C9orf114"
"2980","APOBEC3C"
"2981","PEX6"
"2982","GINS2"
"2983","TNKS1BP1"
"2984","AFF1"
"2985","RAD9A"
"2986","UFL1"
"2987","GMPS"
"2988","TAPBP"
"2989","SLC39A14"
"2990","SNAI2"
"2991","CERS4"
"2992","BCL7A"
"2993","PPP1R10"
"2994","MBTPS1"
"2995","HUWE1"
"2996","USP13"
"2997","CREBBP"
"2998","BIRC6"
"2999","WASF1"
"3000","PDXK"
"3001","QTRTD1"
"3002","DNAJB11"
"3003","FPGS"
"3004","CENPT"
"3005","VGF"
"3006","TNFRSF10B"
"3007","RPS7"
"3008","FBXO45"
"3009","EXO1"
"3010","C5orf24"
"3011","PAPOLA"
"3012","PMEL"
"3013","SEC63"
"3014","CEP350"
"3015","ZNF652"
"3016","ACADS"
"3017","OXA1L"
"3018","SEC23B"
"3019","SNX12"
"3020","LMBR1L"
"3021","CLSTN1"
"3022","PYGL"
"3023","WDR70"
"3024","ZCCHC9"
"3025","OXCT1"
"3026","KIF1C"
"3027","IRF2BPL"
"3028","BTG2"
"3029","DPM2"
"3030","SPRYD4"
"3031","KCTD15"
"3032","TBC1D7"
"3033","CDKN2C"
"3034","ATE1"
"3035","TAOK2"
"3036","ABL2"
"3037","ZNF384"
"3038","MCTS1"
"3039","NEK6"
"3040","GOLT1B"
"3041","GYS1"
"3042","CTTN"
"3043","SP1"
"3044","NOL7"
"3045","WARS"
"3046","GPR89A"
"3047","MRPL4"
"3048","OAZ1"
"3049","TPM1"
"3050","TMEM41A"
"3051","FANCL"
"3052","IP6K1"
"3053","SSR1"
"3054","LONRF1"
"3055","WFS1"
"3056","RBM4B"
"3057","SBNO2"
"3058","BCL2L1"
"3059","WDR18"
"3060","CDC7"
"3061","FLNA"
"3062","EMC3"
"3063","ABLIM3"
"3064","MON2"
"3065","SYAP1"
"3066","NBR1"
"3067","ESR1"
"3068","ATP6V1E1"
"3069","COIL"
"3070","RPS6"
"3071","EXTL3"
"3072","PPP1R37"
"3073","CCDC47"
"3074","CDC42BPB"
"3075","PCNA"
"3076","POP1"
"3077","C9orf64"
"3078","TICRR"
"3079","ATP5G1"
"3080","MCM7"
"3081","PHB2"
"3082","ANKRD50"
"3083","ACLY"
"3084","SOS1"
"3085","SLC39A6"
"3086","CRAMP1L"
"3087","FN1"
"3088","FAM3C"
"3089","MFSD1"
"3090","TOLLIP"
"3091","SMCO4"
"3092","UBE2D2"
"3093","NEK7"
"3094","COPZ1"
"3095","BTG1"
"3096","LRIF1"
"3097","IRS2"
"3098","BLM"
"3099","VARS"
"3100","MKI67"
"3101","HNF4A"
"3102","RARS"
"3103","DNM1L"
"3104","DMXL2"
"3105","NUDT19"
"3106","SLC30A6"
"3107","PYCARD"
"3108","EHBP1"
"3109","TAF15"
"3110","SUPT5H"
"3111","SMO"
"3112","SREBF2"
"3113","MTMR1"
"3114","APOE"
"3115","NDUFS6"
"3116","SKA3"
"3117","TAF1C"
"3118","RPS6KA5"
"3119","SEC61A1"
"3120","PIGX"
"3121","MRPS14"
"3122","SEPN1"
"3123","GAA"
"3124","B4GALT2"
"3125","ZBTB38"
"3126","PTP4A2"
"3127","ADM"
"3128","AHI1"
"3129","MAPRE1"
"3130","MCM6"
"3131","EIF3M"
"3132","MOB3A"
"3133","LAMA4"
"3134","MYCBP2"
"3135","APOPT1"
"3136","FKBP1A"
"3137","DYNC1LI2"
"3138","DCAF13"
"3139","TP53I3"
"3140","GTPBP10"
"3141","C2CD5"
"3142","TCF3"
"3143","CTR9"
"3144","MYO9A"
"3145","PTPRF"
"3146","ADRM1"
"3147","CDC42SE1"
"3148","SERINC3"
"3149","RING1"
"3150","IKBKB"
"3151","FAM60A"
"3152","DIABLO"
"3153","ASNS"
"3154","ATG5"
"3155","PSMG4"
"3156","ZC3H11A"
"3157","TAF7"
"3158","STXBP5"
"3159","QRICH1"
"3160","TLDC1"
"3161","ARHGEF10"
"3162","SEMA5A"
"3163","ADCK2"
"3164","PTPRJ"
"3165","TTC33"
"3166","SPTAN1"
"3167","PHF21A"
"3168","RAB35"
"3169","ATXN1L"
"3170","TNIP1"
"3171","C12orf49"
"3172","YTHDC2"
"3173","PAG1"
"3174","AARS"
"3175","GEMIN6"
"3176","TOMM40"
"3177","KTN1"
"3178","GINM1"
"3179","PFKL"
"3180","IVNS1ABP"
"3181","GSTP1"
"3182","SOCS4"
"3183","PSKH1"
"3184","ZNF395"
"3185","FUNDC2"
"3186","CPT2"
"3187","ZNF148"
"3188","HHAT"
"3189","TUBGCP2"
"3190","MTRR"
"3191","ITM2B"
"3192","SLFN11"
"3193","CAD"
"3194","UBLCP1"
"3195","NDE1"
"3196","WASL"
"3197","BAZ1B"
"3198","ANKRD12"
"3199","UBA2"
"3200","FTO"
"3201","DCP1A"
"3202","IL1RAP"
"3203","STAM2"
"3204","PKM"
"3205","PRKCI"
"3206","CMSS1"
"3207","ZNF770"
"3208","TPRG1L"
"3209","PTPRG"
"3210","THRAP3"
"3211","ZDHHC6"
"3212","CDC123"
"3213","VAV2"
"3214","ARRB2"
"3215","TMEM8A"
"3216","FOS"
"3217","NSFL1C"
"3218","ARL6IP1"
"3219","FNDC3A"
"3220","CDCA7"
"3221","NPHP3"
"3222","METTL14"
"3223","LATS2"
"3224","GEMIN7"
"3225","HPRT1"
"3226","SCAMP3"
"3227","RPS24"
"3228","MTOR"
"3229","RNF2"
"3230","GNB2L1"
"3231","PANK2"
"3232","FTSJ3"
"3233","CTDP1"
"3234","DNAJC10"
"3235","GABARAPL1"
"3236","PARP9"
"3237","NOSIP"
"3238","PHF20"
"3239","CNOT4"
"3240","HN1L"
"3241","FAM216A"
"3242","TMEM164"
"3243","RPS15"
"3244","DNLZ"
"3245","SLMAP"
"3246","ZSCAN29"
"3247","PTP4A1"
"3248","ROCK1"
"3249","JTB"
"3250","SOCS5"
"3251","ATP11B"
"3252","EGR1"
"3253","PIGG"
"3254","CDK16"
"3255","VBP1"
"3256","ITM2C"
"3257","CBX2"
"3258","TAX1BP3"
"3259","EPB41"
"3260","PSPC1"
"3261","MRPS30"
"3262","HSF2"
"3263","FANCA"
"3264","ZNF544"
"3265","MAP3K10"
"3266","SLC31A1"
"3267","XPR1"
"3268","ARL6IP5"
"3269","MRPL10"
"3270","FOXN3"
"3271","IFI16"
"3272","GPBP1L1"
"3273","VPS35"
"3274","FXYD5"
"3275","RPL9"
"3276","CDK9"
"3277","FAM129A"
"3278","COPA"
"3279","SNX30"
"3280","PURB"
"3281","NAA20"
"3282","JUNB"
"3283","KIAA1586"
"3284","SMARCA1"
"3285","LIMD2"
"3286","CDKN1C"
"3287","GOLIM4"
"3288","SPPL3"
"3289","MAGEF1"
"3290","RPL41"
"3291","ALKBH4"
"3292","VPS52"
"3293","ACACA"
"3294","SSH2"
"3295","TRAIP"
"3296","PNRC1"
"3297","ZNF609"
"3298","PRKD3"
"3299","PDIA4"
"3300","MSN"
"3301","ZNF704"
"3302","TRAF1"
"3303","USP36"
"3304","KIF3A"
"3305","TM4SF1"
"3306","ADI1"
"3307","KAT6A"
"3308","SCAF4"
"3309","NCS1"
"3310","EPHA2"
"3311","BIRC7"
"3312","CEP104"
"3313","ETNK1"
"3314","PMF1"
"3315","PGAM5"
"3316","ZNF562"
"3317","HDGF"
"3318","MCM4"
"3319","CCDC6"
"3320","KIF11"
"3321","CLIP1"
"3322","DHX33"
"3323","PGK1"
"3324","FLAD1"
"3325","MCC"
"3326","STRN3"
"3327","SPHK2"
"3328","TRAK2"
"3329","SART1"
"3330","CHTF18"
"3331","SH2B3"
"3332","NOL9"
"3333","DPP8"
"3334","PIP5K1A"
"3335","DDX23"
"3336","FAIM"
"3337","CHMP2A"
"3338","CLTC"
"3339","HGF"
"3340","DCT"
"3341","SIRT2"
"3342","AEBP2"
"3343","CD81"
"3344","SMARCA4"
"3345","SLC25A19"
"3346","SSSCA1"
"3347","MIEF1"
"3348","ATP5F1"
"3349","NEU1"
"3350","LIMS1"
"3351","AKAP8"
"3352","INTS10"
"3353","UBXN2B"
"3354","ID3"
"3355","LACTB2"
"3356","NIN"
"3357","ARMC7"
"3358","PPIL1"
"3359","PON2"
"3360","CTNNA1"
"3361","SCAMP4"
"3362","COX15"
"3363","GAS5"
"3364","RPF1"
"3365","IGSF3"
"3366","AMD1"
"3367","PFAS"
"3368","CDH2"
"3369","WWP1"
"3370","SLC35D2"
"3371","MCPH1"
"3372","MMP15"
"3373","EMC2"
"3374","PRKCE"
"3375","TSEN15"
"3376","SUPT16H"
"3377","NAA10"
"3378","RIOK3"
"3379","GMPPA"
"3380","ZNF146"
"3381","ZNF134"
"3382","CTSA"
"3383","MIR222"
"3384","CCNDBP1"
"3385","KPTN"
"3386","JAG1"
"3387","APEH"
"3388","TTC7B"
"3389","UBQLN1"
"3390","RPTOR"
"3391","EPS15"
"3392","RICTOR"
"3393","TXN"
"3394","SLC35C2"
"3395","IQCB1"
"3396","RBM23"
"3397","RGL2"
"3398","STK24"
"3399","EIF5A2"
"3400","BTRC"
"3401","RAB11B"
"3402","ING1"
"3403","TXNDC12"
"3404","SMDT1"
"3405","POLE"
"3406","HABP4"
"3407","PACSIN3"
"3408","NDUFA4"
"3409","BZW1"
"3410","PFN1"
"3411","NUBP2"
"3412","GNAI2"
"3413","MIR25"
"3414","MAPK6"
"3415","WNT7B"
"3416","WDR3"
"3417","C11orf58"
"3418","RPS18"
"3419","ANP32A"
"3420","HDAC7"
"3421","GOLM1"
"3422","SSBP2"
"3423","SPC24"
"3424","VPS13D"
"3425","TOR1AIP1"
"3426","SMARCD1"
"3427","MASTL"
"3428","PDE4DIP"
"3429","TJAP1"
"3430","KPNA1"
"3431","UBTD2"
"3432","REV3L"
"3433","GRAMD4"
"3434","PIP4K2A"
"3435","RARG"
"3436","ALG3"
"3437","IDS"
"3438","NSDHL"
"3439","KLF6"
"3440","PALLD"
"3441","ARID3A"
"3442","MTHFD1L"
"3443","RIOK2"
"3444","SPDL1"
"3445","ABCF3"
"3446","DLAT"
"3447","SNF8"
"3448","CLU"
"3449","U2AF2"
"3450","SGTA"
"3451","TMEM97"
"3452","CHPF2"
"3453","LIG1"
"3454","CCDC25"
"3455","NUP210"
"3456","RPL4"
"3457","TRIM33"
"3458","FAM134A"
"3459","IK"
"3460","MGLL"
"3461","DNAJC5"
"3462","CAMSAP2"
"3463","BAG3"
"3464","F2R"
"3465","SRP19"
"3466","HERPUD2"
"3467","NDUFA5"
"3468","SNRNP200"
"3469","CNDP2"
"3470","HK2"
"3471","DNPEP"
"3472","MLLT4"
"3473","TFAP2C"
"3474","CCDC71"
"3475","ECT2"
"3476","PTPRM"
"3477","NBPF15"
"3478","CDK14"
"3479","LAPTM4A"
"3480","RAB4A"
"3481","WASH3P"
"3482","RPA1"
"3483","MYB"
"3484","APOBEC3B"
"3485","PEX1"
"3486","HARS"
"3487","PPA1"
"3488","N4BP1"
"3489","TUBA1B"
"3490","RAB7A"
"3491","EWSR1"
"3492","NIPBL"
"3493","GAK"
"3494","FNIP1"
"3495","TTPAL"
"3496","RSL1D1"
"3497","NOP56"
"3498","DHX16"
"3499","ABCE1"
"3500","GIGYF1"
"3501","STIM1"
"3502","CKAP2"
"3503","MAGEA2B"
"3504","FAM160B2"
"3505","SYNGR2"
"3506","XAF1"
"3507","WWTR1"
"3508","TACC1"
"3509","PREPL"
"3510","MARCH6"
"3511","LIX1L"
"3512","HIF1AN"
"3513","RUSC1"
"3514","LEPROTL1"
"3515","WRNIP1"
"3516","TMBIM1"
"3517","MGMT"
"3518","MYO18A"
"3519","FOXRED1"
"3520","MRPL3"
"3521","SLC25A44"
"3522","GRINA"
"3523","PAWR"
"3524","TUBGCP4"
"3525","LEF1"
"3526","USP28"
"3527","TBC1D4"
"3528","STYX"
"3529","CREBL2"
"3530","DDX10"
"3531","SRGAP2"
"3532","TRIM56"
"3533","BTAF1"
"3534","NBPF14"
"3535","TEX261"
"3536","SMARCD2"
"3537","NELFB"
"3538","DDX46"
"3539","USP54"
"3540","AGBL5"
"3541","MAPK1"
"3542","RBL1"
"3543","CHERP"
"3544","LRRC16A"
"3545","THOP1"
"3546","TMEM241"
"3547","C15orf38-AP3S2"
"3548","ZHX1"
"3549","GOLGA8B"
"3550","POGZ"
"3551","SUN2"
"3552","ENO1"
"3553","CFL1"
"3554","CCNI"
"3555","FLNB"
"3556","STX4"
"3557","ZBTB21"
"3558","GNAI1"
"3559","PGD"
"3560","STARD7"
"3561","PFDN2"
"3562","NFATC3"
"3563","SS18"
"3564","FBXO5"
"3565","AAMP"
"3566","SSFA2"
"3567","ZNF584"
"3568","DBF4"
"3569","FAM120A"
"3570","PLGRKT"
"3571","EED"
"3572","MAP3K14"
"3573","GOLGA3"
"3574","TBL1XR1"
"3575","LDOC1L"
"3576","H3F3B"
"3577","MOCS3"
"3578","CD2BP2"
"3579","NOTCH2"
"3580","NT5C3B"
"3581","TYW3"
"3582","LCOR"
"3583","TERF2"
"3584","RRAS"
"3585","CCNE1"
"3586","MYCBP"
"3587","CSTF2T"
"3588","COX7B"
"3589","METAP2"
"3590","BAP1"
"3591","C2orf68"
"3592","DMXL1"
"3593","ZW10"
"3594","RWDD1"
"3595","POLR3F"
"3596","ZFAND5"
"3597","CCDC34"
"3598","FOXD3"
"3599","STAG2"
"3600","RBL2"
"3601","LRRC8A"
"3602","ELK4"
"3603","DNASE2"
"3604","CD59"
"3605","DDR1"
"3606","GLRX5"
"3607","TBC1D13"
"3608","CCNK"
"3609","MESDC2"
"3610","APAF1"
"3611","SRRD"
"3612","VPS53"
"3613","CAST"
"3614","C12orf29"
"3615","UBE2G1"
"3616","RRM1"
"3617","GNE"
"3618","GLUD1"
"3619","SLC44A1"
"3620","ANXA11"
"3621","H1F0"
"3622","CYFIP2"
"3623","SV2A"
"3624","MARCKS"
"3625","GJB1"
"3626","MALAT1"
"3627","SLC25A30"
"3628","RHOBTB3"
"3629","STRIP1"
"3630","JAZF1"
"3631","UFM1"
"3632","PHPT1"
"3633","NAA30"
"3634","WAC"
"3635","NSMF"
"3636","FN3KRP"
"3637","EXOC6B"
"3638","QSER1"
"3639","TATDN2"
"3640","HELLS"
"3641","ACAA1"
"3642","HLA-A"
"3643","GADD45A"
"3644","KBTBD2"
"3645","ZYX"
"3646","TCF7"
"3647","SEC14L1"
"3648","TMEM185B"
"3649","FEZ2"
"3650","RBM8A"
"3651","NNT"
"3652","MAPK1IP1L"
"3653","SKIV2L2"
"3654","MIER2"
"3655","RALGPS2"
"3656","TRIM23"
"3657","ILF2"
"3658","FIP1L1"
"3659","MTMR12"
"3660","REPS1"
"3661","IFIT3"
"3662","PPM1G"
"3663","AAK1"
"3664","YY1"
"3665","DPY19L1"
"3666","MED21"
"3667","MAGEA6"
"3668","JAK1"
"3669","CELF1"
"3670","PSAP"
"3671","RBM22"
"3672","BCL2"
"3673","RAB21"
"3674","FKBP9"
"3675","LIMD1"
"3676","TMF1"
"3677","ARFIP2"
"3678","C20orf24"
"3679","RBM39"
"3680","CS"
"3681","WDR36"
"3682","SNX27"
"3683","NRBF2"
"3684","SQLE"
"3685","PPAPDC1A"
"3686","YWHAZ"
"3687","BLOC1S2"
"3688","RNF20"
"3689","GNAQ"
"3690","GPC1"
"3691","CSNK1G1"
"3692","POC1A"
"3693","CAPZB"
"3694","NFATC2IP"
"3695","TOX4"
"3696","ZCRB1"
"3697","RPRD2"
"3698","SNX7"
"3699","CAPZA1"
"3700","GDF15"
"3701","TIMM23"
"3702","TONSL"
"3703","SMC2"
"3704","BFAR"
"3705","SGK3"
"3706","WAPAL"
"3707","MAP3K13"
"3708","C15orf57"
"3709","HAUS3"
"3710","FZD1"
"3711","DIDO1"
"3712","PLD1"
"3713","CLPTM1L"
"3714","MRPS16"
"3715","TCEB3"
"3716","ATMIN"
"3717","COX20"
"3718","NCOR2"
"3719","DDA1"
"3720","GPBP1"
"3721","NINJ1"
"3722","DYRK1A"
"3723","FUCA1"
"3724","PHACTR4"
"3725","AKAP10"
"3726","GABARAPL2"
"3727","TNF"
"3728","AP5Z1"
"3729","GPN2"
"3730","SLC26A2"
"3731","SORD"
"3732","ARMCX6"
"3733","COPB2"
"3734","NECAP1"
"3735","SET"
"3736","SCRN1"
"3737","SLC12A7"
"3738","HNRNPM"
"3739","SOCS6"
"3740","CCDC115"
"3741","EIF4E2"
"3742","ARPC5"
"3743","JMJD6"
"3744","CEP250"
"3745","RAI14"
"3746","GPR107"
"3747","PPP4C"
"3748","PIK3CA"
"3749","ENTPD4"
"3750","WDR4"
"3751","CDC25C"
"3752","WRB"
"3753","NSMAF"
"3754","ADNP"
"3755","GOLPH3"
"3756","ZNF721"
"3757","NDUFB6"
"3758","DNTTIP2"
"3759","ZNF451"
"3760","BCL10"
"3761","PRKCQ"
"3762","NR1D1"
"3763","TMEM184C"
"3764","FUBP3"
"3765","HMGXB3"
"3766","NEK2"
"3767","PRPF6"
"3768","AGPAT6"
"3769","FAM199X"
"3770","CKAP2L"
"3771","RBM25"
"3772","HIST3H2A"
"3773","EMC6"
"3774","BET1"
"3775","GMFB"
"3776","NDST1"
"3777","PRUNE"
"3778","SCYL2"
"3779","GDE1"
"3780","MTPN"
"3781","USP39"
"3782","GNPDA1"
"3783","PAK3"
"3784","ATP5O"
"3785","TMEM120B"
"3786","LBR"
"3787","AURKA"
"3788","UTP14A"
"3789","ARFGEF2"
"3790","BUB3"
"3791","SLC30A5"
"3792","LRRC28"
"3793","GFER"
"3794","RPLP1"
"3795","MRPL16"
"3796","SDF4"
"3797","NF2"
"3798","ZNF227"
"3799","MCM3"
"3800","ZNF266"
"3801","LTA4H"
"3802","RNF11"
"3803","CROT"
"3804","ZNF707"
"3805","WEE1"
"3806","GNG2"
"3807","NCKIPSD"
"3808","B4GALT3"
"3809","KIFC1"
"3810","NXT2"
"3811","H6PD"
"3812","PA2G4"
"3813","AIP"
"3814","YIPF2"
"3815","MRPS21"
"3816","MIR137"
"3817","CASP3"
"3818","ALDH7A1"
"3819","B3GALNT2"
"3820","RCC1"
"3821","ADH5"
"3822","SIGMAR1"
"3823","PUM2"
"3824","IL10"
"3825","ALS2"
"3826","NUP43"
"3827","ENG"
"3828","GLO1"
"3829","XRCC2"
"3830","PHF8"
"3831","LIMCH1"
"3832","MAML1"
"3833","NR2C2"
"3834","TBC1D14"
"3835","COL4A1"
"3836","ATAD2"
"3837","CHCHD4"
"3838","TANK"
"3839","CLOCK"
"3840","GATAD2A"
"3841","BRPF3"
"3842","DDX20"
"3843","CDC27"
"3844","CTNNAL1"
"3845","CLTB"
"3846","PPP1R11"
"3847","C6orf89"
"3848","GTPBP2"
"3849","RPL27"
"3850","EXOC7"
"3851","MOAP1"
"3852","SMAP1"
"3853","PPRC1"
"3854","RBBP9"
"3855","IQCE"
"3856","AMACR"
"3857","G6PD"
"3858","HSPA5"
"3859","GPD1L"
"3860","IRF9"
"3861","DBR1"
"3862","MTMR14"
"3863","KIF16B"
"3864","ZNF224"
"3865","KDM5A"
"3866","ING2"
"3867","RPF2"
"3868","PDS5A"
"3869","LATS1"
"3870","EMC1"
"3871","VTA1"
"3872","ACOT2"
"3873","UBE2H"
"3874","GPD2"
"3875","HK1"
"3876","LDHA"
"3877","MIR34A"
"3878","MIRLET7B"
"3879","ZSCAN25"
"3880","FAM53C"
"3881","WDFY1"
"3882","UBQLN2"
"3883","DNAJB1"
"3884","CARHSP1"
"3885","MSH2"
"3886","VEZT"
"3887","KIF2C"
"3888","MTO1"
"3889","SLC27A1"
"3890","CAPN7"
"3891","BRD1"
"3892","KIAA0368"
"3893","VASP"
"3894","ABCB9"
"3895","FBXL17"
"3896","EIF2A"
"3897","BHLHE40"
"3898","ARF6"
"3899","RNF149"
"3900","POP4"
"3901","ZFR"
"3902","SSX2IP"
"3903","OPTN"
"3904","DCUN1D5"
"3905","RBM6"
"3906","TMEM161A"
"3907","C2orf69"
"3908","UGP2"
"3909","OSBPL3"
"3910","PBK"
"3911","RHOB"
"3912","PDE12"
"3913","FAF1"
"3914","ITGB1"
"3915","NVL"
"3916","KPNA6"
"3917","TMED4"
"3918","RAB31"
"3919","KLF13"
"3920","MALT1"
"3921","ZSWIM8"
"3922","RRN3"
"3923","QTRT1"
"3924","SLC33A1"
"3925","TMOD3"
"3926","TRMT2A"
"3927","DDAH2"
"3928","GFM2"
"3929","TBL2"
"3930","RIOK1"
"3931","ETV6"
"3932","UBE2I"
"3933","TJP2"
"3934","RBM28"
"3935","RPL8"
"3936","CSNK1G2"
"3937","RSPRY1"
"3938","PAIP1"
"3939","STOML2"
"3940","PRRC2A"
"3941","ISCA2"
"3942","CCDC88A"
"3943","CHD3"
"3944","TCERG1"
"3945","RERE"
"3946","CORO1C"
"3947","KIF5B"
"3948","GGCX"
"3949","ECH1"
"3950","C9orf89"
"3951","PROSER1"
"3952","STXBP1"
"3953","PLXND1"
"3954","C1orf43"
"3955","C10orf32"
"3956","EML4"
"3957","PKN1"
"3958","NCSTN"
"3959","MELK"
"3960","CASKIN2"
"3961","NHLRC3"
"3962","HAUS8"
"3963","ANXA1"
"3964","DVL2"
"3965","PPP3CB"
"3966","PRKACB"
"3967","ST6GAL1"
"3968","GNL1"
"3969","YBX3"
"3970","EPRS"
"3971","UHRF2"
"3972","SLC35B4"
"3973","TMEM160"
"3974","KCTD3"
"3975","ABHD17C"
"3976","PFKM"
"3977","INTS7"
"3978","DVL3"
"3979","SYNGR1"
"3980","WNK1"
"3981","SLC27A4"
"3982","SLC35F6"
"3983","PSRC1"
"3984","CRAT"
"3985","SMCR8"
"3986","N4BP2L2"
"3987","GPI"
"3988","SRC"
"3989","FBXO34"
"3990","GCA"
"3991","USP46"
"3992","ALDH9A1"
"3993","MYO1C"
"3994","FERMT2"
"3995","MAVS"
"3996","PPIL2"
"3997","TIMM9"
"3998","AKAP11"
"3999","FAM3A"
"4000","SMARCA5"
"4001","NRN1"
"4002","KLHDC8B"
"4003","LSM7"
"4004","MFSD3"
"4005","C19orf53"
"4006","PYCRL"
"4007","GPATCH4"
"4008","SYNE1"
"4009","USP29"
"4010","TNRC6B"
"4011","FRMD4B"
"4012","SPATS2"
"4013","HLA-DRB1"
"4014","WHSC1L1"
"4015","PRR11"
"4016","THOC5"
"4017","OSBP"
"4018","PPP1R12A"
"4019","DDX17"
"4020","MCCC2"
"4021","SLC1A5"
"4022","HSPA8"
"4023","YIPF5"
"4024","PFKP"
"4025","RFX7"
"4026","RPAIN"
"4027","ASAH1"
"4028","NID1"
"4029","EVL"
"4030","AP2A1"
"4031","FASLG"
"4032","ARL5A"
"4033","ACAA2"
"4034","IER5"
"4035","PSEN1"
"4036","NCAM1"
"4037","NUP155"
"4038","HNRNPA2B1"
"4039","YWHAQ"
"4040","RBCK1"
"4041","UBFD1"
"4042","TOMM5"
"4043","HSD17B10"
"4044","ATP6V1H"
"4045","MIR193B"
"4046","B2M"
"4047","SUV420H1"
"4048","WDR75"
"4049","STX7"
"4050","ENDOD1"
"4051","RFC5"
"4052","ZBTB22"
"4053","ERRFI1"
"4054","ERCC1"
"4055","DHX37"
"4056","ATF5"
"4057","C9orf40"
"4058","IPO11"
"4059","ATP1B1"
"4060","XYLT2"
"4061","JOSD1"
"4062","VPS72"
"4063","UBR3"
"4064","FKTN"
"4065","GPCPD1"
"4066","TMEM147"
"4067","SEPHS1"
"4068","INTS4"
"4069","VDAC1"
"4070","FKBP1C"
"4071","IPO8"
"4072","ANKIB1"
"4073","USP5"
"4074","COX7A2L"
"4075","MYBL1"
"4076","SOX2"
"4077","FRA10AC1"
"4078","VCL"
"4079","BRD7"
"4080","LTBP3"
"4081","LMCD1"
"4082","ETF1"
"4083","TNFAIP2"
"4084","PISD"
"4085","DAZAP2"
"4086","DNAJC8"
"4087","SUPT7L"
"4088","PDCD4"
"4089","CYP51A1"
"4090","TANGO2"
"4091","R3HDM4"
"4092","NT5C3A"
"4093","ULK1"
"4094","NR3C1"
"4095","SRSF9"
"4096","ECI1"
"4097","KANK2"
"4098","RARS2"
"4099","ANAPC16"
"4100","PFDN4"
"4101","PANK3"
"4102","RNMT"
"4103","CTBP2"
"4104","METAP1"
"4105","TOMM34"
"4106","RPL15"
"4107","PPA2"
"4108","BIN3"
"4109","ERP44"
"4110","PTS"
"4111","STARD13"
"4112","RNF123"
"4113","ARHGDIA"
"4114","STX6"
"4115","SLC38A1"
"4116","FAH"
"4117","C16orf52"
"4118","OGFR"
"4119","EBNA1BP2"
"4120","TTF1"
"4121","MKKS"
"4122","COLGALT1"
"4123","DDX49"
"4124","NOA1"
"4125","GOT1"
"4126","ZNF3"
"4127","DENND5A"
"4128","RTN4"
"4129","FOXN2"
"4130","TWIST1"
"4131","MAP3K4"
"4132","SERINC5"
"4133","EXOC6"
"4134","CNEP1R1"
"4135","LRRC20"
"4136","NETO2"
"4137","PTCD2"
"4138","TDP1"
"4139","SUGT1"
"4140","ZNF205"
"4141","MIR181A1"
"4142","TRAPPC11"
"4143","FAM160A2"
"4144","DHCR7"
"4145","TMEM251"
"4146","CPSF6"
"4147","RPL14"
"4148","MTF2"
"4149","CCND3"
"4150","TSN"
"4151","C1GALT1"
"4152","PAPD7"
"4153","SHOC2"
"4154","FAHD1"
"4155","CIZ1"
"4156","UBE4A"
"4157","PTCD3"
"4158","PCNT"
"4159","MAPK9"
"4160","SFXN1"
"4161","SPR"
"4162","TNS3"
"4163","RNF219"
"4164","FMNL3"
"4165","ZNF268"
"4166","MED22"
"4167","ENAH"
"4168","RPP38"
"4169","CYB5R3"
"4170","POLD3"
"4171","TRIP11"
"4172","IPP"
"4173","NUPL1"
"4174","AP2M1"
"4175","KNSTRN"
"4176","MRPL44"
"4177","ACSL3"
"4178","BRAP"
"4179","SBNO1"
"4180","SNTB1"
"4181","SERP1"
"4182","PLS3"
"4183","EIF3D"
"4184","ANAPC5"
"4185","MAP2K5"
"4186","SMS"
"4187","FAM192A"
"4188","RPL18A"
"4189","E4F1"
"4190","PCDH7"
"4191","AVL9"
"4192","CKB"
"4193","CLIP4"
"4194","C1D"
"4195","PHC3"
"4196","NAPG"
"4197","SF3B3"
"4198","RPP14"
"4199","CNTRL"
"4200","PGM1"
"4201","SNRPB"
"4202","PRELID1"
"4203","DCTD"
"4204","AGPAT5"
"4205","DOCK5"
"4206","PLXNB1"
"4207","KXD1"
"4208","EIF1"
"4209","SMIM13"
"4210","GDI1"
"4211","ZNF346"
"4212","APC"
"4213","UBC"
"4214","NME4"
"4215","XPNPEP1"
"4216","IFNAR1"
"4217","HEATR5A"
"4218","TCF20"
"4219","CCDC77"
"4220","MFN1"
"4221","ZFP91"
"4222","NPM3"
"4223","TRAF3IP2"
"4224","FOPNL"
"4225","SLAIN2"
"4226","TRNT1"
"4227","FOXK1"
"4228","CSF1"
"4229","MIR200B"
"4230","SLC17A5"
"4231","RAB23"
"4232","PSMB1"
"4233","RAB13"
"4234","SRI"
"4235","CDC25A"
"4236","ARPC2"
"4237","RALGAPB"
"4238","UBE4B"
"4239","DGCR14"
"4240","STK25"
"4241","MRPL47"
"4242","UBE2J2"
"4243","CTBS"
"4244","LDLR"
"4245","TAOK1"
"4246","ABL1"
"4247","DOCK3"
"4248","PUF60"
"4249","ZFAND6"
"4250","TOP3A"
"4251","INPP4B"
"4252","ELOF1"
"4253","SPTLC1"
"4254","DKK3"
"4255","HNRNPF"
"4256","ATXN7L3"
"4257","SLC9A3R2"
"4258","REST"
"4259","DZIP1"
"4260","NRBP1"
"4261","TPM4"
"4262","MECR"
"4263","RBPJ"
"4264","MYOF"
"4265","SCYL1"
"4266","SLC39A9"
"4267","PEF1"
"4268","RAB11FIP3"
"4269","UQCRFS1"
"4270","DNAJB12"
"4271","G3BP1"
"4272","LARS"
"4273","SPC25"
"4274","MIF"
"4275","ROBO1"
"4276","RDX"
"4277","ZYG11B"
"4278","CLPB"
"4279","PPP2R4"
"4280","TM9SF2"
"4281","DNAJB9"
"4282","MFF"
"4283","PYURF"
"4284","SNX19"
"4285","MKNK2"
"4286","VPS33A"
"4287","SDE2"
"4288","ATRX"
"4289","PIH1D1"
"4290","BCL7C"
"4291","CLUH"
"4292","ARRDC3"
"4293","SLC38A7"
"4294","PCNXL4"
"4295","NRAS"
"4296","BCS1L"
"4297","CERS6"
"4298","MIR21"
"4299","CRTC3"
"4300","CHAF1B"
"4301","USP48"
"4302","MAT2A"
"4303","TACC3"
"4304","UROS"
"4305","RCC2"
"4306","CTSC"
"4307","HAT1"
"4308","APIP"
"4309","E2F7"
"4310","RBM19"
"4311","TMEM41B"
"4312","DOT1L"
"4313","THBS2"
"4314","ATG9A"
"4315","NT5DC2"
"4316","NDUFS5"
"4317","ZNF749"
"4318","FYCO1"
"4319","AMFR"
"4320","CHMP3"
"4321","ACVR1"
"4322","RALB"
"4323","FBXO11"
"4324","HES1"
"4325","ATXN7"
"4326","AASDHPPT"
"4327","TRAF3IP1"
"4328","WDR26"
"4329","BRMS1"
"4330","DDX21"
"4331","TNKS2"
"4332","G3BP2"
"4333","AEN"
"4334","ADIPOR2"
"4335","DNAJC21"
"4336","ARID1B"
"4337","NOP58"
"4338","TPD52L1"
"4339","HSPA2"
"4340","ID4"
"4341","CNN2"
"4342","TRIM44"
"4343","TRIO"
"4344","CENPB"
"4345","TMEM33"
"4346","HIRIP3"
"4347","BRD2"
"4348","PDS5B"
"4349","ABCF1"
"4350","ATF7IP"
"4351","OGFOD1"
"4352","KLHL5"
"4353","CMTR1"
"4354","CMTM6"
"4355","KAT2B"
"4356","MFAP3"
"4357","FASTKD1"
"4358","LUC7L3"
"4359","ATF4"
"4360","NDUFS1"
"4361","PHLDA1"
"4362","TMEM170A"
"4363","RPL35A"
"4364","PSMD8"
"4365","MT2A"
"4366","LGALSL"
"4367","RAB15"
"4368","TIMP2"
"4369","USP7"
"4370","SNRPD1"
"4371","ZBTB4"
"4372","IGF1R"
"4373","HAUS6"
"4374","PDCD10"
"4375","BICD2"
"4376","MTAP"
"4377","HSP90AA1"
"4378","NKRF"
"4379","SMARCD3"
"4380","TACO1"
"4381","NASP"
"4382","CITED2"
"4383","CXorf38"
"4384","GTF3C6"
"4385","MRPL37"
"4386","AGPAT1"
"4387","IFITM3"
"4388","WDR83OS"
"4389","ECHDC1"
"4390","NDRG2"
"4391","PCTP"
"4392","MROH1"
"4393","RAN"
"4394","CDC42SE2"
"4395","GUCD1"
"4396","FAM120AOS"
"4397","YTHDC1"
"4398","EIF3F"
"4399","IDI1"
"4400","ATP5E"
"4401","CYTH3"
"4402","BROX"
"4403","BDP1"
"4404","GIT2"
"4405","PSMG3"
"4406","SERPINB1"
"4407","RHOA"
"4408","DEGS1"
"4409","ANKRD11"
"4410","MTMR3"
"4411","HOXB7"
"4412","TSC22D2"
"4413","EIF4B"
"4414","MCMBP"
"4415","NAV2"
"4416","IFI30"
"4417","AKAP12"
"4418","GAPVD1"
"4419","COPS6"
"4420","NUS1"
"4421","NFIX"
"4422","ZNF598"
"4423","MIR18B"
"4424","ESYT2"
"4425","IMPDH1"
"4426","ARL8B"
"4427","AFF4"
"4428","RRP1"
"4429","BOD1L1"
"4430","ANKRD52"
"4431","XPOT"
"4432","UTRN"
"4433","MAP7D3"
"4434","NAA15"
"4435","TXNDC17"
"4436","MXI1"
"4437","RSBN1L"
"4438","PPP3R1"
"4439","RNF167"
"4440","REV1"
"4441","HNRNPA3"
"4442","MUS81"
"4443","DBNDD2"
"4444","MTHFD1"
"4445","PGRMC2"
"4446","C1orf198"
"4447","MRPS23"
"4448","ZNF385A"
"4449","FBXW7"
"4450","AK2"
"4451","RCAN1"
"4452","TBCA"
"4453","MAFG"
"4454","WBP2"
"4455","STK11"
"4456","SKA1"
"4457","SMEK1"
"4458","GPT2"
"4459","RPS16"
"4460","TWF1"
"4461","NUP62"
"4462","FAM129B"
"4463","RAD51AP1"
"4464","HNRNPH1"
"4465","NOP2"
"4466","SRSF10"
"4467","LSAMP"
"4468","SSU72"
"4469","CDK19"
"4470","SLC37A3"
"4471","SPIN1"
"4472","PTPRZ1"
"4473","BEST1"
"4474","PUM1"
"4475","CSDE1"
"4476","SPTBN2"
"4477","CCP110"
"4478","KDM6B"
"4479","C12orf4"
"4480","TAF1"
"4481","CTHRC1"
"4482","TUFM"
"4483","DNM2"
"4484","PIGU"
"4485","THAP5"
"4486","AAGAB"
"4487","GNA12"
"4488","RNF121"
"4489","KIFAP3"
"4490","TFRC"
"4491","TRRAP"
"4492","FMNL2"
"4493","PRPF31"
"4494","LRR1"
"4495","SMG1"
"4496","MED28"
"4497","CSTF1"
"4498","TRMT5"
"4499","LRRC41"
"4500","NDOR1"
"4501","S100A4"
"4502","CD47"
"4503","SCD"
"4504","PLEKHH1"
"4505","KLHL8"
"4506","SREBF1"
"4507","QRSL1"
"4508","MINK1"
"4509","C1orf52"
"4510","CLDN12"
"4511","BBS7"
"4512","TMEM199"
"4513","FGFRL1"
"4514","HSF1"
"4515","IL1B"
"4516","NCAPG"
"4517","ELK1"
"4518","DARS2"
"4519","MBNL2"
"4520","CCNG1"
"4521","TMEM106B"
"4522","SMARCB1"
"4523","INO80C"
"4524","AHR"
"4525","TRIM4"
"4526","WDR33"
"4527","PRPF19"
"4528","SMEK2"
"4529","EIF4E"
"4530","DUSP23"
"4531","SHMT2"
"4532","PAFAH1B3"
"4533","UQCR10"
"4534","PSMD4"
"4535","PEX2"
"4536","TBPL1"
"4537","DTD2"
"4538","FADS1"
"4539","ANP32E"
"4540","UBXN2A"
"4541","P4HA2"
"4542","RNF111"
"4543","RAD21"
"4544","CDC34"
"4545","RMND5A"
"4546","PTTG1"
"4547","ITGAV"
"4548","BTD"
"4549","NIPA1"
"4550","GCC2"
"4551","TRMT13"
"4552","RANBP10"
"4553","BLOC1S3"
"4554","MZT1"
"4555","NR1H3"
"4556","TDG"
"4557","EIF2AK1"
"4558","TPST2"
"4559","CCDC117"
"4560","DHCR24"
"4561","FKBP3"
"4562","SAMD8"
"4563","ARPC3"
"4564","SNX18"
"4565","C16orf62"
"4566","TMEM209"
"4567","CCT7"
"4568","SPEN"
"4569","CCNC"
"4570","SMC5"
"4571","TSFM"
"4572","MYBL2"
"4573","HCFC1"
"4574","DPP7"
"4575","FUBP1"
"4576","RBBP4"
"4577","UBE2C"
"4578","C6orf62"
"4579","USF1"
"4580","YES1"
"4581","ASPSCR1"
"4582","ARGLU1"
"4583","ORMDL2"
"4584","AGO2"
"4585","EIF2S3"
"4586","UHMK1"
"4587","ORC4"
"4588","STOM"
"4589","TRIM16L"
"4590","ITSN2"
"4591","PITPNM1"
"4592","SERTAD3"
"4593","MYBBP1A"
"4594","IL6"
"4595","PLAUR"
"4596","ZNF195"
"4597","KLF16"
"4598","ACTA2"
"4599","PDPK1"
"4600","BTF3L4"
"4601","DDX24"
"4602","HINT1"
"4603","SLC19A2"
"4604","SACS"
"4605","FAM193A"
"4606","FANCD2"
"4607","DENND5B"
"4608","PRNP"
"4609","HEXIM1"
"4610","RBM12B"
"4611","HNRNPD"
"4612","IMMT"
"4613","MIR199A2"
"4614","ZNF532"
"4615","AGGF1"
"4616","HSP90AB1"
"4617","TCEB2"
"4618","GLCE"
"4619","YTHDF3"
"4620","RAB27A"
"4621","SP110"
"4622","PNO1"
"4623","MED6"
"4624","PHLDA2"
"4625","KDELC2"
"4626","ERAL1"
"4627","SARS"
"4628","FHL2"
"4629","HDAC4"
"4630","OSBPL1A"
"4631","DHTKD1"
"4632","GSTK1"
"4633","CHD4"
"4634","CHTOP"
"4635","COG1"
"4636","FLII"
"4637","OCIAD1"
"4638","VPS28"
"4639","ATP13A1"
"4640","FAM43A"
"4641","ARFIP1"
"4642","ICMT"
"4643","LRRC47"
"4644","TNFSF10"
"4645","CNKSR3"
"4646","SNHG16"
"4647","SERTAD2"
"4648","GTF2E1"
"4649","THRA"
"4650","PPFIBP1"
"4651","UBE2J1"
"4652","TMEM63B"
"4653","MTFMT"
"4654","EPG5"
"4655","PNKD"
"4656","MAP4"
"4657","KANSL3"
"4658","NUDT5"
"4659","C17orf85"
"4660","PLOD3"
"4661","TTC9C"
"4662","ELL"
"4663","MPP1"
"4664","AP1S1"
"4665","XPC"
"4666","CYCS"
"4667","SLC9A3R1"
"4668","CDKN3"
"4669","DCUN1D1"
"4670","ICAM1"
"4671","NCAPG2"
"4672","B4GALT6"
"4673","RAB11A"
"4674","NUCB1"
"4675","PAFAH2"
"4676","XIAP"
"4677","ABCD3"
"4678","KIF15"
"4679","DSCR3"
"4680","NOMO3"
"4681","EIF3G"
"4682","KIDINS220"
"4683","SMC1A"
"4684","EPB41L2"
"4685","TXNL4A"
"4686","C11orf54"
"4687","RCOR1"
"4688","CARM1"
"4689","UBAC2"
"4690","HECTD1"
"4691","TMEM50A"
"4692","SP2"
"4693","PDK2"
"4694","MLANA"
"4695","PGM2"
"4696","LAPTM4B"
"4697","SPCS1"
"4698","EGLN1"
"4699","GTF3C3"
"4700","KIAA0196"
"4701","CKS2"
"4702","RAB1A"
"4703","GNB5"
"4704","ADCY1"
"4705","ZNF45"
"4706","GZMB"
"4707","SURF4"
"4708","STAG3L3"
"4709","ZDHHC18"
"4710","CLASP1"
"4711","CBX1"
"4712","CHD7"
"4713","AP3B1"
"4714","SF3B1"
"4715","RASA1"
"4716","FOSB"
"4717","AAAS"
"4718","RRP7A"
"4719","MAP4K2"
"4720","RETSAT"
"4721","BAG4"
"4722","DNAJC19"
"4723","FEM1C"
"4724","RLIM"
"4725","AZI2"
"4726","GIGYF2"
"4727","CKAP5"
"4728","CYP20A1"
"4729","C5orf22"
"4730","TOPBP1"
"4731","MPND"
"4732","MIR206"
"4733","ZNF800"
"4734","TMCC1"
"4735","GOLGA7"
"4736","DUS1L"
"4737","SYPL1"
"4738","TRA2B"
"4739","MIR338"
"4740","FDX1"
"4741","GMNN"
"4742","C22orf29"
"4743","PLEKHH3"
"4744","TSPAN13"
"4745","CLSPN"
"4746","GRPEL1"
"4747","RXRA"
"4748","MYO10"
"4749","LGALS1"
"4750","INTS8"
"4751","TPP2"
"4752","KIF14"
"4753","PIP4K2C"
"4754","FAM69B"
"4755","NUDCD3"
"4756","TBC1D1"
"4757","EPB41L3"
"4758","CCNF"
"4759","IGSF8"
"4760","TMEM167A"
"4761","UST"
"4762","EEF2K"
"4763","ANKRD28"
"4764","AREL1"
"4765","RHOG"
"4766","LYSMD3"
"4767","SOAT1"
"4768","SPIRE1"
"4769","ZNF121"
"4770","NFKB1"
"4771","NPRL3"
"4772","ELP6"
"4773","RNF6"
"4774","NTHL1"
"4775","TCEB1"
"4776","CNPPD1"
"4777","SMNDC1"
"4778","PSMC4"
"4779","BCAT2"
"4780","SIRT1"
"4781","POLR1A"
"4782","NUSAP1"
"4783","ZNF827"
"4784","MIR221"
"4785","COX18"
"4786","RBM15B"
"4787","UFSP2"
"4788","TCOF1"
"4789","NME6"
"4790","FUT8"
"4791","GLUL"
"4792","SASH1"
"4793","KIAA0556"
"4794","ARPP19"
"4795","NONO"
"4796","TMED5"
"4797","RTCA"
"4798","NQO2"
"4799","SRCAP"
"4800","PTDSS2"
"4801","KAT5"
"4802","ZNF587"
"4803","MGAT5B"
"4804","VCAN"
"4805","RFWD3"
"4806","FAM111A"
"4807","RNGTT"
"4808","COX6B1"
"4809","TOPORS"
"4810","NCOA1"
"4811","AIMP1"
"4812","HMGB1"
"4813","EEF1A1"
"4814","DCTN2"
"4815","IL1A"
"4816","PSIP1"
"4817","CDK4"
"4818","BTBD1"
"4819","BAG1"
"4820","RPL11"
"4821","SLFN12"
"4822","ST14"
"4823","KRCC1"
"4824","FAM134C"
"4825","HSPA1A"
"4826","THBS1"
"4827","NUF2"
"4828","NDUFA7"
"4829","CST3"
"4830","TRAPPC10"
"4831","NUFIP2"
"4832","ATP11A"
"4833","NDUFS2"
"4834","ODC1"
"4835","IRF2BP2"
"4836","CSRNP2"
"4837","BCL6"
"4838","UROD"
"4839","ELMOD2"
"4840","RPL7L1"
"4841","LTN1"
"4842","AP3M1"
"4843","RPL37A"
"4844","C8orf33"
"4845","TUSC3"
"4846","BRI3BP"
"4847","DYNC1H1"
"4848","SUZ12"
"4849","GNG5"
"4850","GOLGA4"
"4851","PAQR3"
"4852","KCTD10"
"4853","VPS54"
"4854","RALA"
"4855","CCNA2"
"4856","EDC3"
"4857","MGST2"
"4858","ATP5J"
"4859","ME2"
"4860","SLC39A10"
"4861","HOOK3"
"4862","EIF1AX"
"4863","NRGN"
"4864","NUP98"
"4865","RIC8A"
"4866","FBXO31"
"4867","GDPD5"
"4868","MOSPD2"
"4869","ZBTB17"
"4870","DBN1"
"4871","YEATS4"
"4872","MARS2"
"4873","RAB6A"
"4874","GNL3L"
"4875","C6orf47"
"4876","KIAA1715"
"4877","SLC25A37"
"4878","BRF1"
"4879","CYSTM1"
"4880","SETD5"
"4881","EIF2B3"
"4882","SNX13"
"4883","IMPAD1"
"4884","TRAM2"
"4885","PPIC"
"4886","ARMC1"
"4887","NOP14"
"4888","CPD"
"4889","IL6R"
"4890","U2SURP"
"4891","CHSY1"
"4892","THEM6"
"4893","RBBP5"
"4894","SPG20"
"4895","SOS2"
"4896","ACTR1A"
"4897","FAR1"
"4898","ZWINT"
"4899","MDN1"
"4900","TGOLN2"
"4901","OGG1"
"4902","LRRC40"
"4903","SART3"
"4904","FAM126A"
"4905","LZTS2"
"4906","EIF3CL"
"4907","PAFAH1B1"
"4908","HAUS5"
"4909","ACTL6A"
"4910","ALYREF"
"4911","PRPF39"
"4912","BST2"
"4913","MIRLET7A1"
"4914","NFU1"
"4915","NUP35"
"4916","WBP1L"
"4917","EGLN2"
"4918","MKLN1"
"4919","EDEM3"
"4920","CMAS"
"4921","CMBL"
"4922","IL13RA1"
"4923","LMNB2"
"4924","SAR1A"
"4925","SLC30A9"
"4926","SGOL1"
"4927","TSEN54"
"4928","RNF138"
"4929","YDJC"
"4930","PSMB9"
"4931","CORO7"
"4932","NAA25"
"4933","FLOT1"
"4934","USP9X"
"4935","MED7"
"4936","CRKL"
"4937","CD3EAP"
"4938","CSNK1D"
"4939","NAV1"
"4940","PSMD3"
"4941","TCEA1"
"4942","INO80E"
"4943","FASN"
"4944","MID1IP1"
"4945","TBX2"
"4946","MSI2"
"4947","NDC1"
"4948","INTS5"
"4949","ZC3H7B"
"4950","MIR30D"
"4951","GMPR2"
"4952","IPO9"
"4953","FAM107B"
"4954","AP1AR"
"4955","FAM127B"
"4956","ARL8A"
"4957","DOCK9"
"4958","EARS2"
"4959","ZKSCAN8"
"4960","EIF5A"
"4961","POLR2L"
"4962","UBE2K"
"4963","LRRFIP1"
"4964","CDCA8"
"4965","MORF4L1"
"4966","SEC24B"
"4967","TMEM237"
"4968","C10orf76"
"4969","CBS"
"4970","USP24"
"4971","XPO7"
"4972","KLHDC10"
"4973","ZNF282"
"4974","ISG20L2"
"4975","RAD23B"
"4976","TXNDC5"
"4977","MRI1"
"4978","RAB22A"
"4979","NRP1"
"4980","AP5M1"
"4981","LRP5"
"4982","DDB1"
"4983","DDT"
"4984","MIR155"
"4985","LONP2"
"4986","RANBP6"
"4987","TRAPPC13"
"4988","BCL2L2"
"4989","TYMS"
"4990","SCRIB"
"4991","AHSA2"
"4992","ZNF622"
"4993","DRG2"
"4994","CDC73"
"4995","VMP1"
"4996","NDUFB5"
"4997","MAZ"
"4998","XRN1"
"4999","ZNF639"
"5000","SREK1"
"5001","TFDP1"
"5002","TBX3"
"5003","GALNT11"
"5004","LRP6"
"5005","CYBRD1"
"5006","STRADB"
"5007","APLP2"
"5008","DLEU2"
"5009","CBLL1"
"5010","TTLL12"
"5011","MYO1E"
"5012","ARHGAP31"
"5013","FANCI"
"5014","AP1M1"
"5015","PRKRIR"
"5016","TGFBRAP1"
"5017","CSTF2"
"5018","DENND4B"
"5019","PTGES2"
"5020","PPP2R5E"
"5021","ACSL1"
"5022","NCKAP1"
"5023","ETV3"
"5024","TJP1"
"5025","KIAA0101"
"5026","SPRY2"
"5027","CCT6A"
"5028","PRKCA"
"5029","SOX12"
"5030","ARIH1"
"5031","ARMC10"
"5032","ZMYND8"
"5033","ABT1"
"5034","FSTL3"
"5035","CREBZF"
"5036","SLC9A1"
"5037","ARHGEF18"
"5038","GATC"
"5039","UGGT1"
"5040","ABCB10"
"5041","HMGXB4"
"5042","SLC12A4"
"5043","PVR"
"5044","GCFC2"
"5045","EAF1"
"5046","NKIRAS2"
"5047","RNF40"
"5048","FAM20B"
"5049","BLMH"
"5050","TMEM168"
"5051","RPS4X"
"5052","GPATCH11"
"5053","GNB4"
"5054","COPRS"
"5055","YAP1"
"5056","SLC7A6OS"
"5057","ARHGAP26"
"5058","DSG2"
"5059","ELK3"
"5060","POLD2"
"5061","WDR34"
"5062","IL6ST"
"5063","SLC35A2"
"5064","TRAP1"
"5065","PRDX3"
"5066","NEK9"
"5067","DCAF8"
"5068","CABIN1"
"5069","ARHGAP11A"
"5070","SETD3"
"5071","CDCA2"
"5072","CAMSAP1"
"5073","FADS2"
"5074","KIF18B"
"5075","S100A16"
"5076","PRPF8"
"5077","SLC25A51"
"5078","LIF"
"5079","EIF4A3"
"5080","SEPT7"
"5081","XRN2"
"5082","TMEM201"
"5083","ZER1"
"5084","BLOC1S4"
"5085","SAMD4B"
"5086","STARD3"
"5087","MACF1"
"5088","SEC24A"
"5089","SFT2D2"
"5090","PHC2"
"5091","NOLC1"
"5092","C7orf26"
"5093","KLF10"
"5094","SLC35F5"
"5095","AKR1B1"
"5096","NR4A1"
"5097","CCT4"
"5098","ZNF326"
"5099","MICAL1"
"5100","KIAA1468"
"5101","AIDA"
"5102","RPL24"
"5103","SLC18B1"
"5104","PROS1"
"5105","DUT"
"5106","ADD1"
"5107","MMS19"
"5108","GPRC5A"
"5109","PTPN13"
"5110","PGGT1B"
"5111","OAZ2"
"5112","MECP2"
"5113","ZNHIT6"
"5114","BRCC3"
"5115","KLHL18"
"5116","SP3"
"5117","METTL13"
"5118","NACA"
"5119","ETFA"
"5120","SURF1"
"5121","KLHL22"
"5122","MED19"
"5123","RNF19B"
"5124","DUSP10"
"5125","SOD2"
"5126","ARL2BP"
"5127","NUDT21"
"5128","NOB1"
"5129","SPTSSA"
"5130","SPINT2"
"5131","KRBOX4"
"5132","PKD2"
"5133","CDK5"
"5134","NUDT3"
"5135","VEZF1"
"5136","MLH1"
"5137","TAF1D"
"5138","DNAJC24"
"5139","PRPF40A"
"5140","ENTPD6"
"5141","CUL5"
"5142","RBM27"
"5143","DEK"
"5144","TNRC18"
"5145","RRM2B"
"5146","HIBADH"
"5147","TBC1D9"
"5148","CPEB1"
"5149","CPM"
"5150","PPTC7"
"5151","PHF14"
"5152","MUT"
"5153","RNF135"
"5154","GTF2I"
"5155","PPID"
"5156","SMCHD1"
"5157","RPL12"
"5158","DNAJC2"
"5159","CAV2"
"5160","PCYT2"
"5161","TOMM20"
"5162","PLEKHA3"
"5163","C15orf52"
"5164","LRRC8D"
"5165","CDH1"
"5166","SRPK2"
"5167","TBC1D10B"
"5168","TPM3"
"5169","CLINT1"
"5170","KDELC1"
"5171","APBB2"
"5172","NCBP2"
"5173","BSG"
"5174","STK39"
"5175","CDKN2B"
"5176","SLC35A1"
"5177","DAZAP1"
"5178","ASB7"
"5179","VAC14"
"5180","CPSF3L"
"5181","KRAS"
"5182","C1orf109"
"5183","KCTD7"
"5184","CXXC5"
"5185","PTPN9"
"5186","PDK1"
"5187","LIN37"
"5188","MED14"
"5189","PAN3"
"5190","IBTK"
"5191","EIF4G2"
"5192","RAB32"
"5193","FKBP14"
"5194","SLC35A5"
"5195","KIAA0930"
"5196","MRPL42"
"5197","SLC37A4"
"5198","PDIA6"
"5199","ZNF644"
"5200","MAGEA2"
"5201","RBM26"
"5202","CDK6"
"5203","LSM3"
"5204","C14orf2"
"5205","CEP55"
"5206","COX4I1"
"5207","POLR3A"
"5208","CSRP2"
"5209","IER2"
"5210","BTG3"
"5211","SATB2"
"5212","FAF2"
