"","hgnc_symbol"
"1","HIST1H1C"
"2","KLHL36"
"3","NAP1L4"
"4","CENPO"
"5","HOXA4"
"6","CDK2"
"7","NT5DC3"
"8","KLHDC3"
"9","UQCRQ"
"10","SLC10A3"
"11","PEX11B"
"12","MBD1"
"13","WLS"
"14","POLR2A"
"15","SLC7A5"
"16","HLA-C"
"17","C2orf44"
"18","CAPNS1"
"19","ZBTB8OS"
"20","RPL10"
"21","ESRRA"
"22","NUBPL"
"23","PRRC2B"
"24","DDR2"
"25","S100PBP"
"26","UBE2N"
"27","DUSP7"
"28","AKIP1"
"29","PLEKHO1"
"30","EEF2"
"31","NECAB3"
"32","SRFBP1"
"33","DLX1"
"34","CASK"
"35","LARP1"
"36","BAZ2B"
"37","RPS6KA3"
"38","ARL2"
"39","NFE2L1"
"40","PAN2"
"41","UHRF1"
"42","HAX1"
"43","TES"
"44","COX10"
"45","GCDH"
"46","FADD"
"47","PKN2"
"48","RNF24"
"49","CAPRIN2"
"50","PAPSS1"
"51","TUG1"
"52","S100A6"
"53","YEATS2"
"54","CUTA"
"55","POLR2I"
"56","NAB1"
"57","SIN3A"
"58","SLC29A1"
"59","DIP2A"
"60","BUB1B"
"61","SYNE2"
"62","RXRB"
"63","ABI2"
"64","CRLF3"
"65","BCL2L13"
"66","AKR1A1"
"67","PMAIP1"
"68","SPATA13"
"69","ATAD3B"
"70","GCLC"
"71","HNRNPLL"
"72","PBRM1"
"73","TPX2"
"74","FMN1"
"75","ETNK2"
"76","TGFB1"
"77","ARHGEF25"
"78","PHLPP1"
"79","GEMIN4"
"80","CNOT1"
"81","C18orf25"
"82","DR1"
"83","PLCB3"
"84","C1orf35"
"85","KLHL21"
"86","YIF1B"
"87","ACYP1"
"88","KMT2D"
"89","TTC5"
"90","PARL"
"91","TADA2B"
"92","CLN8"
"93","GALNT10"
"94","TEAD2"
"95","UCN2"
"96","OTUD4"
"97","PAX3"
"98","FOXO3"
"99","STX2"
"100","MED13"
"101","PPP5C"
"102","API5"
"103","FCGR2A"
"104","INPP5A"
"105","NAF1"
"106","PPP1R15B"
"107","ELMSAN1"
"108","CDKN2AIPNL"
"109","MYL6"
"110","ZNF507"
"111","NACC2"
"112","EFCAB14"
"113","WIBG"
"114","HGFAC"
"115","CSAG1"
"116","PRIM1"
"117","IREB2"
"118","VDAC2"
"119","SFN"
"120","SLC6A8"
"121","TNC"
"122","FAM50A"
"123","KLHL24"
"125","NLGN2"
"126","ALG14"
"127","METTL8"
"128","PSME4"
"129","GALK2"
"130","SLC39A1"
"131","TMEM101"
"132","RBMXL1"
"133","NFYC"
"134","CLCC1"
"135","ATP5J2-PTCD1"
"136","PPP1R7"
"137","PTPN4"
"138","S100A11"
"139","MAP3K2"
"140","SRSF6"
"141","HADHB"
"142","MRE11A"
"143","CTPS1"
"144","ASB1"
"145","XRCC1"
"146","PSMA4"
"147","PEG10"
"148","CNTROB"
"149","BCL2L11"
"150","CTBP1"
"151","H3F3AP6"
"152","SEPHS2"
"153","PDAP1"
"154","RPP25"
"155","ATL3"
"156","SHMT1"
"157","CBWD1"
"158","MAU2"
"159","UVRAG"
"160","SLC38A2"
"161","CDK18"
"162","NEDD9"
"163","SLC30A7"
"164","C7orf43"
"165","VAMP5"
"166","DCUN1D2"
"167","SH3BP5"
"168","TRADD"
"169","SNRPA1"
"170","BPGM"
"171","CDC23"
"172","ECD"
"173","RAB5A"
"174","SRRM2"
"175","FAM20C"
"176","CRCP"
"177","PAGR1"
"178","CTDNEP1"
"179","ABHD3"
"180","RAC1"
"181","CKS1B"
"182","ARCN1"
"183","SF3B2"
"184","UGDH"
"185","PRKD1"
"186","CHCHD10"
"187","ASXL1"
"188","MIR101-2"
"189","NGRN"
"190","AXIN2"
"191","EFHD2"
"192","RAE1"
"193","CSE1L"
"194","SNRK"
"195","WDR11"
"196","DNAJC7"
"197","C11orf24"
"198","RALBP1"
"199","OSBPL10"
"200","FKBP7"
"201","NFYB"
"202","SLC25A13"
"203","SNX9"
"204","BRWD1"
"205","CLIC1"
"206","NAT10"
"207","TREX1"
"208","PRR13"
"209","DNAJC30"
"210","PITRM1"
"211","HERPUD1"
"212","SCP2"
"213","ATXN2"
"214","ZDHHC8"
"215","FNBP1"
"216","BUD31"
"217","EVI5"
"218","SAP18"
"219","PSMB4"
"220","DGCR6L"
"221","D2HGDH"
"222","BMPR2"
"223","IRF4"
"224","E2F4"
"225","STAU1"
"226","CEP41"
"227","PAFAH1B2"
"228","NCAPD2"
"229","DHRS7B"
"230","FARP1"
"231","ZBTB2"
"232","SON"
"233","PTGS2"
"234","APH1A"
"235","CAT"
"236","MIR149"
"237","TEX10"
"238","SPRYD7"
"239","TMEM2"
"240","PRIM2"
"241","LMNB1"
"242","PRPF38B"
"243","CYC1"
"244","TMEM65"
"245","DHX38"
"246","ITGB8"
"247","RAB5B"
"248","KLHL12"
"249","VEGFB"
"250","SLC35B3"
"251","ZNF24"
"252","YBX1"
"253","PATL1"
"254","MIR205"
"255","ENOX2"
"256","RPL34"
"257","ST8SIA1"
"258","SLC35E2B"
"259","SENP5"
"260","LDLRAP1"
"261","WDR77"
"262","REXO1"
"263","SLC25A12"
"264","NACC1"
"265","C9orf142"
"266","RAB10"
"267","TIAL1"
"268","PRR12"
"269","ADAMTS1"
"270","UBAP2"
"271","PSMD1"
"272","HSPA4"
"273","TMEM109"
"274","FZD6"
"275","HIVEP3"
"276","RRP1B"
"277","ILK"
"278","ELAVL1"
"279","RBBP7"
"280","RRAGA"
"281","NCAPH2"
"282","MIDN"
"283","MPG"
"284","CLIC4"
"285","NUP37"
"286","UCK1"
"287","UBE2Z"
"288","MAPKAPK2"
"289","RFC4"
"290","ZFYVE16"
"291","NUDCD1"
"292","STK38"
"293","RSU1"
"294","AHSA1"
"295","TCF7L2"
"296","PLEKHA2"
"297","TOR1AIP2"
"298","TMEM64"
"299","FOXK2"
"300","ZFP36L2"
"301","VDR"
"302","GZF1"
"303","MRPS9"
"304","ZNF317"
"305","EOGT"
"306","GDAP1"
"307","RSL24D1"
"308","TRMT1"
"309","ELP2"
"310","RCN2"
"311","PAXBP1"
"312","RPS5"
"313","CBX3"
"314","AHNAK"
"315","ERLIN2"
"316","CSNK1A1"
"317","ABCC1"
"318","ECI2"
"319","MCTP1"
"320","DHRS3"
"321","ALCAM"
"322","E2F6"
"323","VPS45"
"324","HSPA14"
"325","ME1"
"326","WIPF2"
"327","SYNJ2"
"328","UAP1"
"329","CAPN15"
"330","CDC25B"
"331","AP1B1"
"332","KHNYN"
"333","CHRAC1"
"334","KIAA0100"
"335","RAD1"
"336","CCNL1"
"337","ZNF207"
"338","CAMLG"
"339","ZNF160"
"340","DENR"
"341","DDX52"
"342","PLA2G12A"
"343","SLC9A6"
"344","ACBD6"
"345","HMBOX1"
"346","NUP188"
"347","TAF9B"
"348","ZCCHC8"
"349","TGFBR1"
"350","POLD1"
"351","SHC1"
"352","SMG5"
"353","WDR55"
"354","CCNB2"
"355","MAT2B"
"356","CDC42EP4"
"357","GSS"
"358","GPHN"
"359","STIP1"
"360","C16orf72"
"361","TUBA1C"
"362","PLEKHA1"
"363","ASPH"
"364","SLC35G1"
"365","MYO5A"
"366","MAFK"
"367","OSBPL8"
"368","MTUS1"
"369","AGFG2"
"370","PCOLCE2"
"371","CD2AP"
"372","MRPS27"
"373","REEP4"
"374","DLC1"
"375","NSD1"
"376","MIR214"
"377","SPRED1"
"378","NME2"
"379","SQSTM1"
"380","EEFSEC"
"381","GYG1"
"382","MAP2K1"
"383","RCN1"
"384","RNF213"
"385","PLEKHA5"
"386","ATP5G2"
"387","ESRP1"
"388","RPL3"
"389","MTA2"
"390","SIGIRR"
"391","DHODH"
"392","ASIP"
"393","FLYWCH1"
"394","LITAF"
"395","FUNDC1"
"396","MICAL2"
"397","FXN"
"398","CXCL1"
"399","ETV5"
"400","GTF2A1"
"401","MFSD6"
"402","NUCB2"
"403","UBR5"
"404","KIAA0586"
"405","NCOA5"
"406","OSTM1"
"407","BTN2A2"
"408","TESK1"
"409","HOXC4"
"410","BAG5"
"411","RNF4"
"412","GBAS"
"413","STK17A"
"414","C8orf76"
"415","EIF4G1"
"416","CKAP4"
"417","SETD1B"
"418","OXSR1"
"419","GLG1"
"420","WSB1"
"421","CTNNB1"
"422","MCL1"
"423","TOP2A"
"424","OSBPL9"
"425","PKMYT1"
"426","ARL15"
"427","ABCF2"
"428","TIMM13"
"429","RBM42"
"430","EXOC3"
"431","PPCS"
"432","PRPF40B"
"433","CDKAL1"
"434","TNRC6A"
"435","MRPL41"
"436","LEMD3"
"437","MRPS33"
"438","CPEB2"
"439","WBSCR16"
"440","PRKCDBP"
"441","GGA3"
"442","MMAB"
"443","HRAS"
"444","EMP2"
"445","BAHD1"
"446","SH3TC2"
"447","SLC6A6"
"448","CTDSP2"
"449","SOX4"
"450","EIF4EBP1"
"451","RAPH1"
"453","RABL2B"
"454","FBXL18"
"455","ABHD16A"
"456","SUPT20H"
"457","CLNS1A"
"458","DNMT1"
"459","GLA"
"460","CRBN"
"461","TSR1"
"462","STAT1"
"463","PTK2"
"464","HIST1H2BK"
"465","NDRG1"
"466","MCAT"
"467","SLC16A4"
"468","LUZP1"
"470","SNRPD2"
"471","NTPCR"
"472","GNAI3"
"473","KRIT1"
"474","WDR82"
"475","MMP3"
"476","STRAP"
"477","DYNLT1"
"478","NHP2L1"
"479","ATG16L1"
"480","DCK"
"481","ATG4B"
"482","HNRNPR"
"483","UNC119B"
"484","MIR29A"
"485","FNDC3B"
"486","CCNT1"
"487","AAR2"
"488","TAPT1"
"489","CLUAP1"
"490","ZNF791"
"491","FAM168B"
"492","CUL1"
"493","PTRF"
"494","USO1"
"495","AARS2"
"496","EXOC2"
"497","DFFA"
"498","TGIF1"
"499","C1orf27"
"500","MIER3"
"501","FNTB"
"502","GSK3B"
"503","CBR1"
"504","ZNF28"
"505","C9orf3"
"506","CHD9"
"507","PGRMC1"
"508","RMDN3"
"509","SUCLG2"
"510","TBP"
"511","COL4A3BP"
"512","PPP4R2"
"513","APPBP2"
"514","FBXL5"
"515","SLC25A25"
"516","TSC22D1"
"517","PLIN3"
"518","IGFBP3"
"519","RTF1"
"520","PDLIM1"
"521","CPT1A"
"522","ESF1"
"523","SEC16A"
"524","PNPT1"
"525","RAVER1"
"526","TXNIP"
"527","HPN"
"528","SLC7A6"
"529","SFMBT1"
"530","TUSC2"
"531","STX1A"
"532","RBM10"
"533","FGF2"
"534","NUP50"
"535","PIGN"
"536","WHSC1"
"537","MTHFD2"
"538","SPTBN1"
"539","C9orf78"
"540","DAAM1"
"541","TBC1D25"
"542","EDF1"
"543","ZNF106"
"544","DDX6"
"545","MBNL1"
"546","C7orf55-LUC7L2"
"547","GOLGA1"
"548","POT1"
"549","BAD"
"550","GPKOW"
"551","FYTTD1"
"552","DAGLB"
"553","EXOSC1"
"554","SFPQ"
"555","SPATA2"
"556","LIG3"
"557","GM2A"
"558","TRIM2"
"559","CREB1"
"560","SLC25A36"
"561","PHRF1"
"562","TRIP13"
"563","PLEKHA8"
"564","LOXL4"
"565","MNT"
"566","IRAK1"
"567","WT1"
"568","MAP2K2"
"570","TIMM50"
"571","GAR1"
"572","PSMB5"
"573","ZNF131"
"574","PTPRK"
"575","TSG101"
"576","SESN2"
"577","STAT3"
"578","FAM213A"
"579","NOL10"
"580","HIP1R"
"581","MED12"
"582","PEA15"
"583","TMEM14A"
"584","SF3A1"
"585","NFKBIA"
"586","ENOPH1"
"587","FLCN"
"588","ZNF12"
"589","CBX4"
"590","SMC3"
"591","NHP2"
"592","RPS28"
"593","SNAI1"
"594","IPO5"
"595","BIRC5"
"596","SLFN5"
"597","IFFO2"
"598","IGF1"
"599","IFI44"
"600","RBM33"
"601","DDRGK1"
"602","TPCN2"
"603","WDR19"
"604","ZFYVE27"
"605","CHMP2B"
"606","TPRN"
"607","MKL1"
"608","AGO1"
"609","BCL3"
"610","YARS"
"611","TPD52"
"612","RNU4-2"
"613","SUMO1"
"614","NIPA2"
"615","SMU1"
"616","DERA"
"617","UGT8"
"618","MBTPS2"
"619","CORO1B"
"620","SC5D"
"621","PEX19"
"622","SLC19A1"
"623","TWSG1"
"624","GPR180"
"625","TRIM21"
"626","NAA40"
"627","KIAA0391"
"628","HIST1H2AC"
"629","SPRY1"
"630","ACADSB"
"631","C12orf73"
"632","SLC7A11"
"633","IGHG1"
"634","CCDC137"
"635","NUPR1"
"636","ZNF367"
"637","SAFB"
"638","STK35"
"639","CUL4B"
"640","SUPV3L1"
"642","HADHA"
"643","WDR12"
"644","XPO6"
"645","PTPN23"
"646","SEMA4C"
"647","RFC1"
"648","ITGA5"
"649","NCKAP5L"
"650","POLR3K"
"651","DDIT4"
"652","POGK"
"653","ANKS1A"
"655","CD151"
"656","FSCN1"
"657","MEF2D"
"658","CDK17"
"659","KIAA0430"
"660","MTFR1L"
"661","RPLP0"
"662","CDC20"
"663","GIT1"
"664","PPIL3"
"665","TPI1"
"666","ZNF664"
"667","DCAF10"
"668","GPM6B"
"669","MARCKSL1"
"670","TMX4"
"671","DHX8"
"672","RYBP"
"673","MAN2B1"
"674","ASXL2"
"675","RAB8A"
"676","HYOU1"
"677","MAP3K6"
"678","ETV1"
"679","ACTG1"
"680","SLC2A1"
"681","RSF1"
"682","MMD"
"683","CEBPG"
"684","RPIA"
"685","GID8"
"686","USP42"
"687","RGP1"
"688","SLC5A6"
"689","WDR13"
"690","ATP13A2"
"691","EIF2B2"
"692","RNPS1"
"693","BUB1"
"694","CEBPB"
"695","THAP11"
"696","KREMEN1"
"697","ERAP1"
"698","C12orf10"
"699","TIAM1"
"700","GULP1"
"701","MCAM"
"702","FKBP10"
"703","IRF3"
"704","HTRA1"
"705","ATXN1"
"706","SUOX"
"707","POLRMT"
"708","IRGQ"
"709","RPL26"
"710","PCYOX1"
"711","DCTN6"
"712","CAMK4"
"713","RBFOX2"
"714","TSNAX"
"715","LOXL2"
"716","FXR2"
"717","B4GALT5"
"718","POU2F1"
"719","HP1BP3"
"720","ARHGAP1"
"721","PRPF38A"
"722","RAP1A"
"723","SDHC"
"724","TOE1"
"725","EIF3B"
"726","ABCB8"
"727","DHX9"
"728","HFE"
"729","ACAT2"
"730","AGRN"
"731","ISG15"
"732","MLF2"
"733","GTF2E2"
"734","EIF5"
"735","MOXD1"
"736","RB1CC1"
"737","NGFR"
"738","RRP8"
"739","CRIM1"
"740","NT5C2"
"741","PTEN"
"742","MARCH5"
"743","FAM131A"
"744","SIKE1"
"745","UTP18"
"746","AKT1"
"747","RPS21"
"748","ISCU"
"749","OVCA2"
"750","GCN1L1"
"751","PSMD2"
"752","ASF1B"
"753","GOT2"
"754","SLC25A28"
"755","PCGF3"
"756","TMTC1"
"757","AMOTL1"
"758","KIF22"
"759","NDUFAF3"
"760","FOXM1"
"761","TSC1"
"762","UBN1"
"763","GFPT1"
"764","AKAP9"
"765","ARID1A"
"766","IRF2"
"767","ANAPC1"
"768","LYPLAL1"
"769","PMEPA1"
"770","COL6A2"
"771","CHEK1"
"772","BHLHE41"
"773","DCTN1"
"774","PPP2R2A"
"775","VAPA"
"776","CMPK1"
"777","ZNF226"
"778","POLR2E"
"779","NTMT1"
"780","AP2A2"
"781","PIGP"
"782","NAMPT"
"783","NUDCD2"
"784","SCARB2"
"785","BCL2A1"
"786","OAF"
"787","FECH"
"788","RIPK3"
"789","ZFP36L1"
"790","OSBPL2"
"791","CYTH1"
"792","SCLY"
"793","MTFR1"
"794","ARRB1"
"795","TXLNG"
"796","TRIM28"
"797","EZH2"
"798","RND3"
"799","BRPF1"
"800","HCCS"
"801","DPM1"
"802","TMSB4X"
"803","SNX1"
"804","TNFRSF1B"
"805","PAIP2"
"806","PTRH2"
"807","RANBP2"
"808","KIF23"
"809","MLST8"
"810","DIMT1"
"811","TRIB3"
"812","NOC2L"
"813","GTF3C5"
"814","CHD8"
"815","MLEC"
"816","PCBP2"
"817","EXOSC10"
"818","RPN2"
"819","RRM2"
"820","GRPEL2"
"821","KDM1A"
"822","PACSIN2"
"823","P2RX7"
"824","HEATR1"
"825","MICA"
"826","TMEM55B"
"827","CBL"
"828","C21orf91"
"829","BMI1"
"830","ZDHHC5"
"831","NRF1"
"832","SRSF1"
"833","CCNL2"
"834","CNOT11"
"835","FAM8A1"
"836","RAD17"
"837","SNRNP27"
"838","CXorf56"
"839","ELAC2"
"840","NSMCE4A"
"841","TRPV2"
"842","SLC25A10"
"843","PIGQ"
"844","SERGEF"
"845","DYRK2"
"846","ZNF217"
"847","EMD"
"848","RNF125"
"849","CAPN1"
"850","GLRX2"
"851","ADAM10"
"852","PPP1R2"
"853","LSM6"
"854","TMEM245"
"855","ALKBH5"
"856","MPP6"
"857","FAT1"
"858","TFG"
"859","CAPN5"
"860","LPCAT1"
"861","TMEM183A"
"862","CDKN2A"
"863","PDXP"
"864","MRGBP"
"865","NLE1"
"866","DDX18"
"867","HLCS"
"868","EEF1A2"
"869","HMGB2"
"870","ATL2"
"871","KDELR1"
"872","PTGFRN"
"873","EFTUD2"
"874","DCTN5"
"875","GTPBP3"
"876","DRAP1"
"877","TPRKB"
"878","RPL39"
"879","ERO1L"
"880","AGFG1"
"881","PTBP1"
"882","POLG"
"883","RECQL"
"884","MRPL32"
"885","TSC2"
"886","STK17B"
"887","SMAD4"
"888","SLC11A2"
"889","SNX10"
"890","DIP2C"
"891","DYRK3"
"892","PI4K2A"
"893","KLHL20"
"894","HECTD3"
"895","ZSWIM7"
"896","OBSL1"
"897","PCYT1A"
"898","KATNAL1"
"899","RPS3A"
"900","VPS36"
"901","LRRC42"
"902","C9orf41"
"903","DNAJB4"
"904","AKAP8L"
"905","WBP11"
"906","JMJD1C"
"907","SRSF2"
"908","TICAM1"
"909","CHD1"
"910","TUBB3"
"911","STRIP2"
"912","ID2"
"913","ATXN7L3B"
"914","UBE2Q1"
"915","MDH2"
"916","SLC1A4"
"917","PTPN14"
"918","BAG2"
"919","SCAF11"
"920","DTYMK"
"921","TMEM70"
"922","SDAD1"
"923","TCFL5"
"924","CREM"
"925","POLR2H"
"926","YWHAB"
"928","UQCRB"
"929","NECAP2"
"930","TOB2"
"931","PMPCA"
"932","CYGB"
"933","NOL12"
"934","TP53BP1"
"935","PPAP2B"
"936","IFT172"
"937","CBFB"
"938","PCBP1"
"939","PQBP1"
"940","OXR1"
"941","PTAR1"
"942","SLC25A15"
"943","SMARCC2"
"944","FN3K"
"945","EPB41L1"
"946","BNIP3"
"947","SEMA6A"
"948","RB1"
"949","RPL7A"
"950","CHCHD2"
"951","TOR1A"
"952","STK40"
"953","TMED7"
"954","DRAM1"
"955","SGPP1"
"956","SNAP23"
"957","TPD52L2"
"958","GDI2"
"959","KCTD5"
"960","MIR146A"
"961","NOL6"
"962","MED16"
"963","MGAT5"
"964","WDTC1"
"965","PPP1CB"
"966","PCGF5"
"967","UBA3"
"968","ARHGEF39"
"969","KMT2E"
"970","FAM98B"
"971","IL17RA"
"972","AFAP1"
"973","EHD2"
"974","FLOT2"
"975","KDM4A"
"976","ZBTB18"
"977","STAT6"
"978","GABPA"
"979","NAA50"
"980","HSD17B12"
"981","BTN3A3"
"982","TUBB"
"983","IGF2BP3"
"984","TGFBI"
"985","UTP15"
"986","C12orf65"
"987","STX5"
"988","CRTC2"
"989","SRPRB"
"990","UPF2"
"991","COX7C"
"992","TGFBR2"
"993","DDB2"
"994","NEIL2"
"995","CCNT2"
"996","INTS6"
"997","VIM"
"998","MRS2"
"999","TGFB3"
"1000","URM1"
"1001","EPHX1"
"1002","MAPK14"
"1003","CANX"
"1004","CDK2AP1"
"1005","IGFBP4"
"1006","ATG3"
"1007","GLTSCR2"
"1008","AMOT"
"1009","SLC16A3"
"1010","HNRNPAB"
"1011","ANP32B"
"1012","ADO"
"1013","CDC5L"
"1014","TFDP2"
"1015","IFIT5"
"1016","TIMP3"
"1017","PCCA"
"1018","NDUFA12"
"1019","SRSF7"
"1020","AKT3"
"1021","IWS1"
"1022","PRAF2"
"1023","METTL2A"
"1024","CERK"
"1025","ATP6V0A1"
"1026","REEP3"
"1027","RGMB"
"1028","MIA"
"1029","MEPCE"
"1030","RNF187"
"1031","LIMA1"
"1032","BTBD3"
"1033","POMC"
"1034","TENM3"
"1035","MOSPD1"
"1036","TSPAN3"
"1037","ANXA2"
"1038","MAN2A1"
"1039","PGPEP1"
"1040","MYH9"
"1041","RACGAP1"
"1042","PARVB"
"1043","COBLL1"
"1044","ATP13A3"
"1045","CDK13"
"1046","KIT"
"1047","SLC25A4"
"1048","RAF1"
"1049","NUMB"
"1050","BMPR1A"
"1051","SH3GL1"
"1052","TTL"
"1053","NBPF1"
"1054","LHFPL2"
"1055","ALDOA"
"1056","AKAP17A"
"1057","ARL6IP6"
"1058","PIGS"
"1059","SLC25A38"
"1060","TRIM22"
"1061","TMEM248"
"1062","RAP2C"
"1063","GABARAP"
"1064","ASPM"
"1065","CENPJ"
"1066","EXOSC2"
"1067","RCE1"
"1068","C15orf40"
"1069","CRK"
"1070","APITD1"
"1071","CAPG"
"1072","TOR1B"
"1073","AFTPH"
"1074","LLGL1"
"1075","SLC25A5"
"1076","M6PR"
"1077","RHOQ"
"1078","PRR5"
"1079","FBXL7"
"1080","CCDC86"
"1081","C17orf49"
"1082","TRAK1"
"1083","PEAK1"
"1084","SRD5A1"
"1085","ARIH2"
"1086","BANP"
"1087","FMR1"
"1088","APRT"
"1089","RRP9"
"1090","UBAP2L"
"1091","HSPH1"
"1092","RELA"
"1093","EHD1"
"1094","TUBGCP3"
"1095","ST3GAL5"
"1096","SRP68"
"1097","ARHGEF12"
"1098","PUS1"
"1099","MINOS1"
"1100","PHC1"
"1101","DHX15"
"1102","RAB12"
"1103","LRP10"
"1104","ZNF561"
"1105","DMWD"
"1106","FAM103A1"
"1107","KIRREL"
"1108","MVK"
"1109","RARA"
"1110","ARHGAP21"
"1111","ITGA3"
"1112","SLC4A2"
"1113","MAPKAP1"
"1114","PCCB"
"1115","LOH12CR1"
"1116","RTFDC1"
"1117","TMBIM6"
"1118","IFRD1"
"1119","FANCG"
"1120","RBM34"
"1121","RUFY3"
"1122","VPS41"
"1123","ATOX1"
"1124","VLDLR"
"1125","DESI1"
"1126","LLPH"
"1127","SLC25A1"
"1128","FTSJ1"
"1129","RAB5C"
"1130","ISOC2"
"1131","RAP2B"
"1132","ANAPC13"
"1133","POM121"
"1134","XPNPEP3"
"1135","MYO19"
"1136","TRAM1"
"1137","PLOD2"
"1138","ESCO2"
"1139","ZBTB10"
"1140","EIF3J"
"1141","MED25"
"1142","MRRF"
"1143","SUMO2"
"1144","HTT"
"1145","SAP30L"
"1146","TRIM38"
"1147","RBM38"
"1148","ARHGAP12"
"1149","PPP2CA"
"1150","MDM4"
"1151","NLGN1"
"1152","ACO1"
"1153","SPINT1"
"1154","CIAO1"
"1155","OLA1"
"1156","UBE2R2"
"1157","MTMR4"
"1158","ATXN3"
"1159","OSMR"
"1160","PLAT"
"1161","ACAP2"
"1162","GPR137B"
"1163","COL4A2"
"1164","DNAJB6"
"1165","EXOC8"
"1166","SKP2"
"1167","DMTF1"
"1168","CCDC14"
"1169","EXT2"
"1170","ZNF267"
"1171","CDCA5"
"1172","TFCP2"
"1173","CHST14"
"1174","MPPE1"
"1175","POLR3E"
"1176","HNRNPA1"
"1177","UBXN8"
"1178","TFAM"
"1179","CEP57L1"
"1180","XPO1"
"1181","NPM1"
"1182","SURF6"
"1183","SVIP"
"1184","TOM1L1"
"1185","RBX1"
"1186","OXNAD1"
"1187","XBP1"
"1188","RANGAP1"
"1189","KIF1B"
"1190","NFIC"
"1191","ITGB3BP"
"1192","VEGFA"
"1193","GGPS1"
"1194","CNOT10"
"1195","ROCK2"
"1196","SKI"
"1197","GRN"
"1198","MMP2"
"1199","PGM3"
"1200","TMEM194A"
"1201","ERCC2"
"1202","GSK3A"
"1203","SUCLG1"
"1204","TERF2IP"
"1205","EHD4"
"1206","AIFM2"
"1207","MIR9-3"
"1208","SH3BGRL3"
"1209","TRMT61A"
"1210","HMGN2"
"1212","CNBP"
"1213","NELFCD"
"1214","C12orf57"
"1215","CCSER2"
"1216","SH3PXD2A"
"1217","CBR4"
"1218","NT5E"
"1219","HERC2"
"1220","SLK"
"1221","HMGB3"
"1222","CDKN2AIP"
"1223","RASSF8"
"1224","ADRBK1"
"1225","DCAF7"
"1226","LGALS3BP"
"1227","DAG1"
"1228","MND1"
"1229","RRAGC"
"1230","EXT1"
"1231","PACS2"
"1232","PRDM4"
"1233","STX16"
"1234","CBFA2T2"
"1235","HSPB8"
"1236","CADM1"
"1237","ATG10"
"1238","BBX"
"1239","ERCC6L2"
"1240","PHF13"
"1241","DHDDS"
"1242","DIAPH3"
"1243","DDX28"
"1244","CCDC59"
"1245","CLPX"
"1246","MBP"
"1247","EMILIN2"
"1248","DNAJC11"
"1249","HIGD1A"
"1250","MC1R"
"1251","TBC1D15"
"1252","PITPNB"
"1253","RPL13A"
"1254","XRCC5"
"1255","PNPLA4"
"1256","CASP9"
"1257","NCALD"
"1258","C11orf30"
"1259","PPARA"
"1260","QSOX2"
"1261","PSMD11"
"1262","ATP6V1A"
"1263","MYLK"
"1264","GLI3"
"1265","DUSP12"
"1266","ACAT1"
"1267","KAT2A"
"1268","ANKZF1"
"1269","STRBP"
"1270","ATM"
"1271","MRM1"
"1272","PPP6R1"
"1273","NAP1L1"
"1274","CA8"
"1275","ORAI2"
"1276","NCAPH"
"1278","ZNF277"
"1279","EP300"
"1280","EIF6"
"1281","JARID2"
"1282","PIN1"
"1283","AGAP3"
"1284","SOCS2"
"1285","VPS8"
"1286","HLA-DPA1"
"1287","HDAC1"
"1288","MSL2"
"1289","PLEKHO2"
"1290","MIR31"
"1291","LAMC1"
"1292","RPS6KA4"
"1293","PCGF6"
"1294","ACTN1"
"1295","CMC1"
"1296","RNASEH1"
"1297","TRIOBP"
"1298","UBR4"
"1299","SRF"
"1300","POLR3D"
"1301","TP53"
"1302","OTUB1"
"1303","NCOA4"
"1304","KLF9"
"1305","BAZ2A"
"1306","TMX3"
"1307","CPS1"
"1308","UBE2V1"
"1309","RER1"
"1310","SRP72"
"1311","ATP6V0E1"
"1312","MAPK8IP1"
"1313","CCAR1"
"1314","COX17"
"1315","TM9SF3"
"1316","ORC6"
"1317","WDR1"
"1318","SAPCD2"
"1319","CNOT2"
"1320","NRD1"
"1321","ETS1"
"1322","ATP5A1"
"1323","NDRG3"
"1324","SHOX2"
"1325","S100A1"
"1326","TOM1"
"1327","RABGAP1"
"1329","FAM178A"
"1330","DEDD2"
"1331","TRAPPC1"
"1332","MBD6"
"1333","RFC2"
"1334","PLXNA1"
"1335","NUP54"
"1336","RPSA"
"1337","ATF2"
"1338","ZNF286A"
"1339","PSMG1"
"1340","GGA2"
"1341","EDC4"
"1342","QDPR"
"1343","PARK7"
"1344","AUP1"
"1345","PTPN3"
"1346","EN2"
"1347","CC2D2A"
"1348","ATAD3A"
"1349","STRN4"
"1350","ELF1"
"1351","UBL4A"
"1352","HMGCR"
"1353","RASSF3"
"1354","NMD3"
"1355","POLA1"
"1356","AIMP2"
"1357","SOX5"
"1358","PBXIP1"
"1359","EIF4H"
"1360","NAT8L"
"1361","GGCT"
"1362","MLX"
"1363","KHDRBS1"
"1364","ENKD1"
"1365","FBXW2"
"1366","POR"
"1367","L1CAM"
"1368","RNMTL1"
"1369","INTS1"
"1370","APOLD1"
"1371","ACOT9"
"1372","EDNRB"
"1373","MSH6"
"1374","SPP1"
"1375","CCS"
"1376","ADAM9"
"1377","LSM14A"
"1378","KDM3B"
"1379","USP18"
"1380","FNTA"
"1381","TLN2"
"1382","COL18A1"
"1383","PLD2"
"1384","TSEN34"
"1385","CCBL2"
"1386","RRBP1"
"1387","ARNT"
"1388","IKBKAP"
"1389","BAX"
"1390","PARP1"
"1391","EPN1"
"1392","H1FX"
"1393","CLDND1"
"1394","CASP7"
"1396","RRAGD"
"1397","ATP6V0E2"
"1398","SCD5"
"1399","CDK12"
"1400","LPIN1"
"1401","PNMA1"
"1402","GXYLT1"
"1403","MAP7D1"
"1404","PPP6R2"
"1405","LIN54"
"1406","MCM3AP"
"1407","COPS8"
"1408","RECQL4"
"1409","GAB1"
"1410","PLEKHB2"
"1411","TUBB2B"
"1412","ZC3HAV1"
"1413","SPRYD3"
"1414","TNFRSF1A"
"1415","SUV39H2"
"1416","MPP5"
"1417","SPAG9"
"1418","WARS2"
"1419","BDH1"
"1420","KCTD20"
"1421","E2F1"
"1422","RTN3"
"1423","RPL5"
"1424","TMEM18"
"1425","TRIM32"
"1426","RNF34"
"1427","CUX1"
"1428","TCEAL1"
"1429","CTPS2"
"1430","RBM7"
"1431","BID"
"1432","XRCC6"
"1433","PITPNA"
"1434","SAP30BP"
"1435","CREB3L2"
"1436","PPAN"
"1437","EIF3K"
"1438","SIPA1L1"
"1439","STAG1"
"1440","MAPKAPK5"
"1441","ATAT1"
"1442","ACSL4"
"1443","NMT2"
"1444","HSPB1"
"1445","CENPM"
"1446","SMAD7"
"1447","ZNF350"
"1448","SOX10"
"1449","ZBTB7B"
"1450","GREB1"
"1451","BCL9L"
"1452","PIK3C2A"
"1453","FXR1"
"1454","VPS37B"
"1455","RPAP1"
"1456","PIP5K1C"
"1458","CPSF1"
"1459","RFT1"
"1460","THYN1"
"1461","SRRT"
"1462","ELOVL1"
"1463","BACE1"
"1464","EGFR"
"1465","AP3D1"
"1466","ATG12"
"1467","RPA2"
"1468","GALNT1"
"1469","DYNLL2"
"1470","TUBG1"
"1471","PAM16"
"1472","FKBP8"
"1473","SENP1"
"1474","GNAS"
"1475","CNIH1"
"1476","C1orf123"
"1477","DUSP14"
"1478","ZDHHC20"
"1479","FBXW8"
"1480","SCAF8"
"1481","CCNB1"
"1482","PTK7"
"1483","NAPEPLD"
"1484","YIPF4"
"1485","MRPL9"
"1486","CDK1"
"1487","KITLG"
"1488","GRWD1"
"1489","ZNF687"
"1490","PELP1"
"1491","PLP2"
"1492","SMARCC1"
"1493","NKTR"
"1494","ESD"
"1495","UBE2E2"
"1496","MTSS1L"
"1497","CYBA"
"1498","TNFRSF12A"
"1499","HEY2"
"1500","C5orf45"
"1501","WDR74"
"1502","HMBS"
"1503","POLR2F"
"1504","ZNF318"
"1505","PGAM4"
"1506","GTF3C4"
"1507","ANKRD13C"
"1508","TNFAIP3"
"1509","KCTD2"
"1510","PTPN1"
"1511","RAP1B"
"1512","TNPO1"
"1514","SMARCAD1"
"1515","HNRNPA0"
"1516","PSMC3"
"1517","SPATS2L"
"1518","PXN"
"1519","PIAS1"
"1520","CTGF"
"1521","SNX6"
"1522","SMARCE1"
"1523","UBE3C"
"1524","ABCC10"
"1525","CFDP1"
"1526","MED1"
"1527","COPS3"
"1528","SAT1"
"1529","CYR61"
"1530","SZRD1"
"1531","SDC4"
"1532","IFNAR2"
"1533","SP100"
"1534","TRIM24"
"1535","HPS5"
"1536","NR2F2"
"1537","USP16"
"1538","DCP2"
"1539","HIF1A"
"1540","ELOVL6"
"1541","AHCTF1"
"1542","RNF41"
"1544","LRRC57"
"1545","NMT1"
"1546","SETD8"
"1547","USP4"
"1548","SLC39A11"
"1549","CLTA"
"1550","DDX41"
"1551","GLTSCR1"
"1552","COQ10B"
"1553","CD99"
"1554","AKR7A2"
"1555","PROSC"
"1556","RAB2A"
"1557","MCM10"
"1558","IER3IP1"
"1559","DEAF1"
"1560","MARVELD1"
"1561","SDCBP"
"1562","CALCOCO2"
"1563","LAMB1"
"1564","METTL2B"
"1565","ST13"
"1566","PI4K2B"
"1567","DYNLL1"
"1568","CDIPT"
"1569","PIGT"
"1570","GPR143"
"1571","ACTN4"
"1572","ELMO2"
"1573","SPRY4"
"1574","YARS2"
"1575","CD44"
"1576","CISD2"
"1577","MYH14"
"1578","FAM217B"
"1579","NOTCH1"
"1580","SF3A3"
"1581","DHX57"
"1582","FOSL1"
"1583","TNPO3"
"1584","RASAL2"
"1585","SUGP1"
"1586","AMMECR1"
"1587","TAF11"
"1588","ACTB"
"1589","MEGF9"
"1590","NSUN2"
"1591","UCK2"
"1592","DICER1"
"1593","HPS4"
"1594","C19orf47"
"1595","ZNF83"
"1596","RAB38"
"1597","MYLIP"
"1598","ACVR1B"
"1599","APOL2"
"1600","MPRIP"
"1601","PABPC1"
"1602","ANXA4"
"1603","MITF"
"1604","PRR14L"
"1605","KIF20A"
"1606","HSD17B7"
"1607","PPIF"
"1608","PIM3"
"1609","SH3BGRL"
"1610","MAGEA12"
"1611","PRMT5"
"1612","ARID5B"
"1613","ATXN10"
"1614","RUVBL2"
"1615","MCM2"
"1616","PCMTD1"
"1617","ACTR2"
"1618","PPP1R9B"
"1619","CCAR2"
"1620","VANGL1"
"1621","RNF10"
"1622","ACBD5"
"1623","KIAA1109"
"1624","GADD45B"
"1625","CDK11A"
"1626","CDT1"
"1627","PRKAR2A"
"1628","ANKRD17"
"1629","AMMECR1L"
"1630","DOCK7"
"1631","RPS10"
"1632","PDIA3"
"1633","ST8SIA2"
"1634","AZIN1"
"1635","PHF6"
"1636","HNRNPK"
"1637","TBC1D20"
"1638","MEF2A"
"1639","ERGIC3"
"1640","TANC2"
"1641","TFAP4"
"1642","ERLIN1"
"1643","DSCC1"
"1644","FAM189B"
"1645","KLF3"
"1646","HAUS1"
"1647","CYFIP1"
"1648","RNF220"
"1649","RUNX1"
"1650","ATP2B4"
"1651","PYCR1"
"1652","MARS"
"1653","TNPO2"
"1654","PML"
"1655","TMEM214"
"1656","VPS4B"
"1657","USP15"
"1658","FZR1"
"1659","MRPL17"
"1660","SKIV2L"
"1661","NPC2"
"1662","ZCCHC24"
"1663","BIRC3"
"1664","EIF4A1"
"1665","RAP2A"
"1666","SSR2"
"1667","MOB1B"
"1668","PLOD1"
"1669","RPS3"
"1670","SMG7"
"1671","EIF3E"
"1672","FAM13B"
"1673","MAN1A2"
"1674","FLYWCH2"
"1675","ATOH8"
"1676","UNC13B"
"1677","CELF2"
"1678","GLB1"
"1679","TMED2"
"1680","PYGB"
"1681","CALR"
"1682","KIF2A"
"1683","SGK1"
"1684","COG6"
"1687","THOC2"
"1688","RHOT2"
"1689","DIS3L"
"1690","RPS20"
"1691","ASAP1"
"1692","MRPS35"
"1693","EXOSC5"
"1694","IMPDH2"
"1695","ESYT1"
"1696","CAMTA1"
"1697","PRPF4B"
"1698","RPS23"
"1699","CCSAP"
"1700","PHTF1"
"1701","RUVBL1"
"1702","DOCK10"
"1703","GSTM2"
"1704","ZNF174"
"1705","RAPGEF1"
"1706","LMO2"
"1707","GEMIN2"
"1708","FOSL2"
"1709","TTC37"
"1710","BAG6"
"1711","SLC20A1"
"1712","CHN1"
"1713","PRKAA1"
"1714","CHCHD5"
"1715","DDX19A"
"1716","IFNGR1"
"1717","CCDC28A"
"1718","POLR2D"
"1719","RAB3GAP2"
"1720","PRR3"
"1721","LMAN1"
"1722","AATF"
"1723","CAPRIN1"
"1724","PSAT1"
"1725","DERL2"
"1726","SYNJ2BP"
"1728","KANSL2"
"1729","NPLOC4"
"1730","TAF2"
"1731","VCP"
"1732","MYO6"
"1733","S100B"
"1734","ZNF503"
"1735","SH3BP4"
"1736","NQO1"
"1737","RPRD1A"
"1738","TYR"
"1739","LSG1"
"1740","BAMBI"
"1741","LYN"
"1742","COG2"
"1743","VPS37C"
"1744","MIB1"
"1745","GBF1"
"1746","KHSRP"
"1747","EMP1"
"1748","MRPS11"
"1749","GUF1"
"1750","TBRG4"
"1751","LDHB"
"1752","SRPR"
"1753","CTDSPL"
"1754","AIFM1"
"1755","MAP4K4"
"1756","ADARB1"
"1757","RPS9"
"1758","UMPS"
"1759","FAM195A"
"1760","PFKFB3"
"1761","VPS18"
"1762","POLK"
"1763","ADCY9"
"1765","PEX5"
"1766","TGIF2"
"1767","SMURF2"
"1768","SLC16A1"
"1769","STAT2"
"1770","LPXN"
"1771","CSNK2A1"
"1772","DONSON"
"1773","TIMM8A"
"1774","AP3M2"
"1775","RAB11FIP2"
"1776","CHST12"
"1777","CCDC134"
"1778","PHLDA3"
"1779","PSME3"
"1780","TBL3"
"1781","PUS7"
"1782","ZMYM2"
"1783","DDI2"
"1784","DUSP11"
"1785","CHKA"
"1786","EBAG9"
"1787","SETDB1"
"1789","ZNF480"
"1790","CIAPIN1"
"1791","RNASEH2A"
"1792","FAM84B"
"1793","CUL2"
"1794","SCO1"
"1796","KIAA0195"
"1797","DNMT3A"
"1798","IGSF11"
"1799","CFL2"
"1800","BNIP3L"
"1801","ZFYVE21"
"1802","WASF2"
"1803","PEBP1"
"1804","MLXIP"
"1805","YIPF3"
"1806","SEPT11"
"1807","QSOX1"
"1808","VMA21"
"1809","FGFR1OP"
"1810","POLR3G"
"1811","SLC41A1"
"1812","DTX3L"
"1813","ATP6V1F"
"1814","DTL"
"1815","DCTN4"
"1816","BCL7B"
"1817","MAP2K4"
"1818","CAMTA2"
"1819","SYF2"
"1820","AHCYL2"
"1821","CFLAR"
"1822","LUC7L2"
"1823","CTSB"
"1824","MIR182"
"1825","MEA1"
"1826","TXNRD1"
"1827","TCHP"
"1828","SEC23A"
"1829","PRPS1"
"1830","GLYR1"
"1831","WDR73"
"1832","LMAN2"
"1834","HDAC2"
"1835","PITHD1"
"1836","ERBB2IP"
"1837","QARS"
"1838","GRB2"
"1839","EXOC5"
"1840","CNNM3"
"1841","CDC14B"
"1842","INSIG1"
"1843","HEATR3"
"1844","RPS27"
"1845","HES6"
"1846","F2"
"1847","UBXN4"
"1848","DDHD2"
"1849","HSPA1B"
"1850","NCOA3"
"1851","DDX27"
"1852","APPL1"
"1853","C1QBP"
"1854","GAPDH"
"1855","SEC23IP"
"1856","EXOSC6"
"1857","GTDC1"
"1858","HSPB11"
"1859","ETS2"
"1860","DPH7"
"1861","WNT11"
"1862","CHEK2"
"1863","FAM73B"
"1864","OPA3"
"1865","MTDH"
"1866","SSNA1"
"1867","CDC40"
"1868","C1orf21"
"1869","LUC7L"
"1870","AXIN1"
"1871","TGM2"
"1872","COPS2"
"1873","RPL27A"
"1874","DLG1"
"1875","PELO"
"1876","YWHAG"
"1877","PSMB6"
"1878","TMEM45A"
"1879","RAI1"
"1880","RAB18"
"1881","SESN1"
"1882","GALNT7"
"1883","SECISBP2L"
"1884","DLL4"
"1885","SF1"
"1886","FDFT1"
"1887","NLK"
"1888","BNIP2"
"1889","MBD4"
"1890","RNF8"
"1891","MSH3"
"1892","SYNRG"
"1893","CHCHD3"
"1894","AHCYL1"
"1895","PAAF1"
"1896","PHF19"
"1897","RAB14"
"1898","SLC2A3"
"1899","UBE2B"
"1900","SFRP1"
"1901","H2AFY"
"1902","EEF1E1"
"1903","DKK1"
"1904","NABP2"
"1905","SENP2"
"1906","RPS26"
"1907","SEL1L"
"1908","DPYSL2"
"1910","ASRGL1"
"1911","TUT1"
"1912","FAU"
"1913","TMEM11"
"1914","NCOA2"
"1915","SGPL1"
"1916","POLE2"
"1917","CHMP4B"
"1918","RNH1"
"1919","KDM3A"
"1920","MED29"
"1921","LPCAT3"
"1922","RNF185"
"1923","FAM104A"
"1924","RPL37"
"1925","TAB3"
"1926","HBS1L"
"1927","PNPLA8"
"1928","PURA"
"1929","ACP1"
"1930","POFUT1"
"1931","SUB1"
"1932","DECR1"
"1933","HERC1"
"1934","AGAP1"
"1935","LYRM7"
"1936","MTMR2"
"1937","BLVRA"
"1938","ERMP1"
"1939","RBBP8"
"1940","CHURC1"
"1941","PNRC2"
"1942","BBC3"
"1943","LASP1"
"1944","MAX"
"1945","NREP"
"1946","POLR1B"
"1947","PYGO2"
"1948","FAM35A"
"1950","FEN1"
"1951","MIR92A2"
"1952","METTL16"
"1953","MYO1D"
"1954","IGHMBP2"
"1955","MEN1"
"1956","XPO5"
"1957","DPF2"
"1958","FOXRED2"
"1959","RBM12"
"1960","MDFIC"
"1962","POLR3H"
"1963","MIR29B2"
"1964","FTH1"
"1965","SAP30"
"1966","ACIN1"
"1967","KIAA1429"
"1968","ASH1L"
"1969","HIPK2"
"1970","CYB5B"
"1971","GNPNAT1"
"1972","MRPL34"
"1973","TYRP1"
"1974","MED9"
"1975","SOX13"
"1976","LETM1"
"1977","ZNRF1"
"1978","RPS2"
"1979","EEF1B2"
"1980","BMP1"
"1981","HMGA2"
"1982","PIK3C3"
"1983","VPS37A"
"1984","DDX39A"
"1985","B4GALT1"
"1986","NDUFAF7"
"1987","STK3"
"1988","CHAF1A"
"1990","CD82"
"1991","MYD88"
"1992","FGD4"
"1993","NUP205"
"1994","HERC3"
"1995","ZNF703"
"1996","MIR203A"
"1997","SYMPK"
"1998","TVP23C"
"1999","SERPINA3"
"2000","PDCD6IP"
"2001","POM121C"
"2002","ITGB3"
"2003","COPG1"
"2004","MGAT4B"
"2005","CCDC71L"
"2006","SETD2"
"2007","QKI"
"2008","FRS2"
"2009","TTC8"
"2010","LRRC59"
"2011","STK38L"
"2012","USP47"
"2014","MRPL19"
"2015","PICALM"
"2016","MMP14"
"2017","NDC80"
"2018","ZFC3H1"
"2019","FAM136A"
"2020","UBA1"
"2021","RNF103"
"2022","BCOR"
"2023","CPOX"
"2024","STAMBP"
"2025","USP34"
"2026","NCL"
"2027","ARL4C"
"2028","HSPE1-MOB4"
"2029","HIPK3"
"2030","SNAP29"
"2031","TRUB2"
"2032","MRPL35"
"2033","PYROXD1"
"2034","NEDD4"
"2035","URB2"
"2036","POLL"
"2037","STMN1"
"2038","DDX5"
"2039","REEP5"
"2040","ATR"
"2041","MAGEA3"
"2042","YAE1D1"
"2043","SMAD2"
"2044","UBE2S"
"2045","MRPS10"
"2046","RREB1"
"2047","DHX40"
"2048","SERBP1"
"2049","MRPS24"
"2050","CTSK"
"2051","ZNF281"
"2052","SRSF11"
"2053","NBPF10"
"2054","PFDN6"
"2055","ILVBL"
"2056","MMS22L"
"2057","AXL"
"2058","EIF3A"
"2059","DDX39B"
"2060","ATP5B"
"2061","FAM46A"
"2062","PALB2"
"2063","TIMP1"
"2064","WDYHV1"
"2065","CDC42"
"2066","SEC24C"
"2067","NDUFA10"
"2068","ANTXR1"
"2069","TSPAN14"
"2070","CALM3"
"2071","C16orf58"
"2072","CNRIP1"
"2073","MSANTD3"
"2074","BSCL2"
"2075","TMEM54"
"2077","PLXNB2"
"2078","CSGALNACT2"
"2079","RAD18"
"2080","TLN1"
"2081","PSMD7"
"2082","UBL3"
"2083","BECN1"
"2084","CDCA4"
"2085","AUH"
"2086","ATN1"
"2087","ZNF84"
"2089","DNAJA1"
"2090","ADD3"
"2092","EPDR1"
"2093","TNFAIP1"
"2094","PDK3"
"2095","YLPM1"
"2096","DAXX"
"2097","TEP1"
"2099","MAD1L1"
"2100","MTFR2"
"2101","OIP5"
"2102","RTCB"
"2103","RSRC1"
"2104","GMEB2"
"2105","CISD1"
"2106","ITPRIPL2"
"2108","HEMK1"
"2109","SGCB"
"2110","ZBTB7A"
"2111","SNRNP70"
"2112","DUSP4"
"2113","ZKSCAN5"
"2114","PSMF1"
"2115","CUL3"
"2116","VPS51"
"2117","GNA13"
"2118","COQ7"
"2119","UTP6"
"2120","CDKN1A"
"2121","COPS7A"
"2122","STAT5B"
"2123","RANBP9"
"2124","PBX3"
"2125","UBE2D3"
"2126","SLC25A3"
"2127","G2E3"
"2128","MYL12B"
"2129","SPAG5"
"2130","P4HB"
"2131","CAPN2"
"2132","PRRC2C"
"2133","B4GALT7"
"2134","ITPR2"
"2135","SLCO3A1"
"2136","SLC25A32"
"2137","PIK3R3"
"2138","LCORL"
"2139","ZBTB33"
"2140","CUL4A"
"2141","TMEM59"
"2142","RIF1"
"2145","ANO6"
"2146","PHB"
"2147","TTF2"
"2148","SMAD5"
"2150","FAM91A1"
"2151","PQLC3"
"2152","HNRNPA1L2"
"2153","HSPBP1"
"2154","EZH1"
"2155","PCMTD2"
"2156","GABPB1"
"2157","CENPQ"
"2158","C11orf74"
"2159","WDR81"
"2160","SMAD3"
"2161","CPNE2"
"2162","HAGH"
"2163","VGLL4"
"2164","ZMAT3"
"2165","DSN1"
"2166","INPPL1"
"2167","MMP16"
"2168","CD200"
"2169","ZKSCAN1"
"2170","KDSR"
"2171","ANKFY1"
"2172","PDZD8"
"2173","ZC3H18"
"2174","PSMA7"
"2175","CES2"
"2176","FEM1B"
"2177","BACH1"
"2178","HOMER2"
"2179","PDLIM5"
"2180","RPL21"
"2181","MEF2C"
"2182","MED23"
"2183","ERGIC1"
"2184","PTMS"
"2185","FUS"
"2187","C7orf60"
"2188","GAS2L3"
"2189","HMOX1"
"2190","FRMD6"
"2191","AK4"
"2192","NDNL2"
"2193","HSPD1"
"2194","PHF12"
"2195","PRRC1"
"2196","RPL23A"
"2197","AKAP13"
"2198","MYADM"
"2199","YTHDF1"
"2200","PSMD10"
"2201","ZNF276"
"2202","SPECC1"
"2203","RDH11"
"2204","MAP3K1"
"2205","TUBGCP6"
"2206","MSL3"
"2207","PPP2R1B"
"2208","CCNY"
"2209","TMEM173"
"2210","MARCH9"
"2211","POLR2C"
"2212","FARSA"
"2213","HM13"
"2214","USF2"
"2215","HLA-E"
"2216","COG5"
"2217","STRN"
"2218","POLE3"
"2219","C1orf112"
"2220","PPP1R12C"
"2221","TROVE2"
"2222","MAPK8"
"2223","SLC5A3"
"2224","SPRTN"
"2225","TSPYL1"
"2226","STX12"
"2227","TAOK3"
"2228","MAK16"
"2229","ADAR"
"2230","PPT1"
"2231","CBX6"
"2232","NAGA"
"2233","RASSF1"
"2234","SRXN1"
"2235","ASB6"
"2236","NOC3L"
"2237","SLC35C1"
"2238","IPO7"
"2239","SLC3A2"
"2240","DERL1"
"2242","GRB10"
"2243","ATP2A2"
"2244","FAM96B"
"2245","HNRNPDL"
"2246","ALDH1A3"
"2247","MED15"
"2248","DIRAS1"
"2249","DIAPH1"
"2250","TERF1"
"2251","PSMD9"
"2252","CHORDC1"
"2253","RPUSD4"
"2254","YWHAE"
"2255","ARHGAP17"
"2256","ATG4D"
"2258","ERC1"
"2259","PDHX"
"2260","MORC4"
"2261","FRAT2"
"2262","TOB1"
"2263","CDC6"
"2264","TP53BP2"
"2265","BAK1"
"2266","TAB2"
"2267","RPL36"
"2268","TWISTNB"
"2269","VTI1A"
"2270","PPAP2A"
"2271","C6orf106"
"2272","SLC4A7"
"2273","NAT9"
"2274","ADCY5"
"2275","TNFRSF21"
"2276","TMEM192"
"2278","LIMK1"
"2279","SMC6"
"2280","TNFSF12"
"2281","ACADVL"
"2282","ZFP62"
"2283","ABCC4"
"2284","RBMS1"
"2285","RNF115"
"2286","ABHD2"
"2287","MSRB3"
"2288","MTHFSD"
"2289","VPS39"
"2290","BZW2"
"2291","ACOT7"
"2292","GTF3C1"
"2293","AKT1S1"
"2294","PDXDC1"
"2295","OTUD7B"
"2296","IPPK"
"2297","FAM58A"
"2298","CASP8"
"2299","MMP1"
"2300","PSMC5"
"2301","TRAF4"
"2302","PNPLA6"
"2303","HELZ"
"2304","GLOD4"
"2305","PPP1CC"
"2306","SBF1"
"2307","SLC35F2"
"2308","C17orf80"
"2309","DDX56"
"2310","POLE4"
"2311","HTRA2"
"2312","ZFAND1"
"2313","GNB1"
"2314","PPDPF"
"2315","PPP6R3"
"2316","NUTF2"
"2317","NDUFB2"
"2318","FAM57A"
"2319","DNAJC9"
"2320","PTMA"
"2321","PLEKHG2"
"2322","NARF"
"2323","KPNB1"
"2324","HGS"
"2325","NKAP"
"2326","RPS17"
"2327","ATP6V1C1"
"2328","DCTPP1"
"2329","DROSHA"
"2330","PDCL3"
"2331","DCPS"
"2332","PTPN11"
"2333","CRIPT"
"2334","CHL1"
"2335","FBXL3"
"2336","CCDC82"
"2337","BPTF"
"2338","SIRT7"
"2339","EPAS1"
"2340","YKT6"
"2341","FBXO3"
"2342","MPDU1"
"2343","EBP"
"2344","SIN3B"
"2345","DNAJC1"
"2346","ERH"
"2347","GSPT1"
"2348","SAE1"
"2350","SNRPA"
"2351","FANCC"
"2352","TPR"
"2353","THUMPD1"
"2354","MTFP1"
"2355","RHEB"
"2356","MBD2"
"2357","PPIL4"
"2358","USP8"
"2359","MPST"
"2360","SLC30A1"
"2361","SCAMP1"
"2362","CSNK1E"
"2363","LAMP2"
"2364","RPL18"
"2365","ANKLE2"
"2366","LMNA"
"2367","ALG9"
"2368","TRIM13"
"2369","IRS1"
"2370","IMP3"
"2371","NDFIP2"
"2372","RAB34"
"2373","OPHN1"
"2374","JUND"
"2375","EIF4EBP2"
"2376","MIA3"
"2377","PPIB"
"2378","CDV3"
"2379","PDGFRA"
"2380","APP"
"2381","AARSD1"
"2382","UBIAD1"
"2383","CALD1"
"2384","MRPS25"
"2385","FUT11"
"2386","ZNF394"
"2387","FZD8"
"2388","SUN1"
"2389","GORASP2"
"2391","UNKL"
"2392","POLR2J3"
"2393","IARS2"
"2394","MSANTD4"
"2395","CASC5"
"2396","CDK5RAP2"
"2397","PLK1"
"2398","NFATC2"
"2399","PSENEN"
"2400","SNRPD3"
"2401","CRTAP"
"2402","HLA-B"
"2403","MAP3K3"
"2404","VHL"
"2405","MAPK7"
"2407","PDCD11"
"2408","SNTB2"
"2409","SNX17"
"2410","BOLA3"
"2411","MET"
"2412","MYC"
"2413","MESDC1"
"2414","TRIP6"
"2415","KATNB1"
"2416","RPS6KA1"
"2417","ACSS1"
"2418","C18orf32"
"2419","GOLGA8A"
"2420","ZFX"
"2421","ING4"
"2422","HDLBP"
"2423","VWA8"
"2424","RPS25"
"2425","NUP214"
"2426","SCAMP2"
"2427","MAP3K11"
"2428","CHML"
"2429","TYSND1"
"2430","SRSF5"
"2431","AAED1"
"2432","ADA"
"2433","RPS14"
"2435","FOXP4"
"2436","DPH1"
"2437","CHAMP1"
"2439","CTCF"
"2440","RNF44"
"2441","MRPL18"
"2442","ZADH2"
"2443","PRKCD"
"2444","WDR6"
"2445","ZNF623"
"2446","TRIM65"
"2447","SPARC"
"2448","DEFB103A"
"2449","LYPLA1"
"2450","CCT2"
"2451","AKIRIN1"
"2452","PHGDH"
"2453","CD109"
"2454","MAP3K7"
"2455","H3F3A"
"2456","FBXO21"
"2457","VWA9"
"2458","ZC3H4"
"2459","HSPA13"
"2460","SHCBP1"
"2461","ADCY6"
"2462","PWP2"
"2463","MIER1"
"2464","FBXO28"
"2465","KIAA0907"
"2466","PRC1"
"2467","EIF3I"
"2468","HNRNPUL1"
"2469","UBE2M"
"2470","GANAB"
"2471","SORT1"
"2472","DCAF4"
"2474","STK4"
"2475","CTNND1"
"2476","SCARB1"
"2477","BTF3"
"2478","GINS4"
"2479","SEC31A"
"2480","SLC25A14"
"2481","MLLT10"
"2482","NARS2"
"2483","AGTRAP"
"2484","TMEM43"
"2485","RMI1"
"2486","IGF2R"
"2487","MXRA7"
"2488","PAK1"
"2489","RPS15A"
"2490","HIGD2A"
"2491","LAMTOR5"
"2492","NPTN"
"2493","ZDHHC16"
"2494","ATP6V1G1"
"2495","ZRANB1"
"2496","KLC1"
"2497","TPT1"
"2498","EIF4G3"
"2500","ZNF260"
"2501","HMGA1"
"2502","RDH10"
"2503","THAP7"
"2504","ATXN2L"
"2505","ITPR3"
"2506","IL17RC"
"2507","SNAPIN"
"2508","FAM210A"
"2509","TMEM189"
"2510","TYRO3"
"2511","NRG1"
"2512","DGUOK"
"2513","FITM2"
"2514","DCAF12"
"2515","MPZL1"
"2516","TBK1"
"2517","C9orf156"
"2518","PSEN2"
"2519","TMUB1"
"2520","SACM1L"
"2521","HDHD3"
"2522","ZFYVE26"
"2523","WWC2"
"2525","INPP5F"
"2526","HOXA10"
"2527","KRT8"
"2528","TRABD"
"2529","FAM177A1"
"2530","MCM5"
"2531","PACS1"
"2532","FAM73A"
"2533","UBA6"
"2534","ADAM17"
"2535","SNX4"
"2536","SARS2"
"2537","PHF20L1"
"2538","STEAP3"
"2539","NFKB2"
"2540","TMEM30A"
"2541","GMPPB"
"2542","ZEB2"
"2543","NCDN"
"2544","HLA-DRA"
"2545","CECR5"
"2546","USP14"
"2547","EIF4A2"
"2548","TRIM14"
"2549","RNF141"
"2550","NCOR1"
"2551","ASCC3"
"2552","EIF2S1"
"2553","CDKN1B"
"2554","KIAA1841"
"2555","FKBPL"
"2556","CD46"
"2557","KPNA3"
"2558","UXT"
"2559","BACE2"
"2560","FHOD1"
"2561","SNX24"
"2562","CALM2"
"2563","LPP"
"2564","CDADC1"
"2565","HEATR6"
"2566","FBXL19"
"2567","RDH13"
"2568","NSF"
"2569","MADD"
"2570","RCN3"
"2571","RNF157"
"2572","OGT"
"2574","KIF4A"
"2575","TUBB4B"
"2576","ARMCX3"
"2577","AP5B1"
"2578","C11orf57"
"2579","CCDC57"
"2580","TMEM123"
"2581","MRPL2"
"2582","BCKDHA"
"2583","NF1"
"2584","L2HGDH"
"2585","ATP2B1"
"2586","DENND6A"
"2587","PLA2G4A"
"2588","RAB1B"
"2589","PGAM1"
"2590","ATF1"
"2591","STAT5A"
"2592","MTR"
"2593","VKORC1L1"
"2594","GDF11"
"2595","HSDL1"
"2596","UBR7"
"2597","FKBP15"
"2598","NCOA7"
"2599","ID1"
"2600","MARK2"
"2601","SSR3"
"2602","NUP93"
"2603","XPA"
"2604","MANEAL"
"2605","PES1"
"2606","BRCA1"
"2607","WDR62"
"2608","ARF1"
"2609","PRR4"
"2610","COMMD9"
"2611","BTBD7"
"2612","BRAF"
"2613","TANGO6"
"2614","DSTYK"
"2615","SPG11"
"2616","HDAC6"
"2617","MRPS34"
"2618","STX3"
"2619","HERC4"
"2620","SDC1"
"2621","SEC11A"
"2622","SH3GLB1"
"2623","HOXC10"
"2624","MRPL45"
"2625","TECR"
"2626","USP10"
"2627","E2F3"
"2628","KMT2A"
"2629","NOM1"
"2630","MOB4"
"2631","MOV10"
"2632","RRP36"
"2633","HS2ST1"
"2634","CALM1"
"2635","YWHAH"
"2636","SMURF1"
"2637","C5orf15"
"2638","HIPK1"
"2639","DNAJA3"
"2640","FAM222B"
"2641","NSUN5"
"2642","RPS8"
"2643","FAM49B"
"2644","PPP4R1"
"2645","ORC5"
"2646","ATF3"
"2647","SOX6"
"2648","IGF2BP2"
"2649","AP1S3"
"2651","NHSL1"
"2652","REL"
"2653","DPAGT1"
"2654","HMGCS1"
"2655","KPNA4"
"2656","ANKRD49"
"2657","PHAX"
"2658","UBE2D1"
"2659","SMAP2"
"2660","SSRP1"
"2661","EEF1D"
"2662","LMBR1"
"2663","AURKB"
"2664","DAB2IP"
"2665","SLC25A24"
"2666","GSR"
"2667","C1orf174"
"2668","MTA1"
"2669","MAP1B"
"2670","MCM8"
"2671","SFRP2"
"2672","ZDHHC24"
"2673","SIPA1L2"
"2674","RFWD2"
"2675","RAB2B"
"2676","FARSB"
"2677","DYNLT3"
"2678","CHCHD7"
"2679","JAK2"
"2680","GATAD2B"
"2681","CYLD"
"2682","OBFC1"
"2683","DNPH1"
"2684","SPCS3"
"2685","POLA2"
"2686","CPEB4"
"2687","KIF13A"
"2688","RABGGTB"
"2689","CDK5RAP3"
"2690","FH"
"2691","TRAFD1"
"2692","AP2B1"
"2693","RPL22"
"2694","GPATCH8"
"2695","NSA2"
"2696","DBNL"
"2698","RAD51B"
"2699","RASA3"
"2700","CELSR2"
"2701","CCNE2"
"2702","ERGIC2"
"2703","SDHAF2"
"2704","BDH2"
"2705","RP2"
"2706","PPARG"
"2707","IKBIP"
"2708","TAF9"
"2709","BORA"
"2710","APEX1"
"2711","PLCG1"
"2712","DHFRP1"
"2713","SERINC1"
"2714","ASNA1"
"2715","USP22"
"2716","MATR3"
"2717","FYN"
"2718","PPWD1"
"2719","FGFR3"
"2721","PPP2R5C"
"2722","CHUK"
"2723","UBR1"
"2724","CAND1"
"2725","PLSCR1"
"2726","BCLAF1"
"2727","ATP1A1"
"2728","DOCK1"
"2729","PHF3"
"2730","PPP2R1A"
"2731","TMEM161B"
"2732","HDAC3"
"2733","CALU"
"2734","HIST2H2AA4"
"2735","ZDHHC9"
"2736","NFYA"
"2737","CPSF2"
"2738","TUBGCP5"
"2739","CARS2"
"2740","DNAJB2"
"2741","TRPM7"
"2742","PEX26"
"2743","PABPN1"
"2744","GPX8"
"2745","CCDC43"
"2746","CBX5"
"2747","SLC7A1"
"2748","GALNT2"
"2749","SARM1"
"2750","ARID4B"
"2751","WDFY2"
"2752","C19orf12"
"2753","PTPN12"
"2754","IPO4"
"2755","GEMIN5"
"2756","CARD8"
"2757","PDPR"
"2758","UBXN1"
"2759","QPCTL"
"2760","BCAR1"
"2762","IKBKG"
"2763","FAM96A"
"2764","TMA16"
"2765","LRP1"
"2766","RGS12"
"2767","TAF8"
"2768","TFAP2A"
"2769","CYP4V2"
"2770","WDR61"
"2771","MSC"
"2772","INCENP"
"2773","EEA1"
"2774","CDKN2D"
"2775","SUMF2"
"2776","CASP2"
"2777","CSGALNACT1"
"2778","ZCCHC11"
"2779","LIN7C"
"2780","MORC3"
"2781","SEPT2"
"2782","TAB1"
"2783","THOC7"
"2784","HLA-DPB1"
"2785","SMN1"
"2786","CTNNBL1"
"2787","PIK3R1"
"2788","RQCD1"
"2789","MIR3916"
"2790","MRPL12"
"2791","YME1L1"
"2792","LZIC"
"2793","TST"
"2794","CCT3"
"2795","LPGAT1"
"2796","MEX3C"
"2797","LZTS1"
"2798","RNF146"
"2799","TIPARP"
"2800","FAM208A"
"2801","ATP5G3"
"2802","SIPA1"
"2803","MGME1"
"2804","DEDD"
"2805","FAM21C"
"2806","ITGA6"
"2807","GHITM"
"2808","REXO2"
"2810","UBE2A"
"2811","HBP1"
"2812","RNFT1"
"2813","PRKAB2"
"2814","KPNA2"
"2815","DPYSL3"
"2816","TCF12"
"2817","MCRS1"
"2818","ESPL1"
"2820","RTKN"
"2821","MSRB1"
"2822","KIAA0226"
"2824","FAS"
"2825","MFN2"
"2826","RILPL1"
"2827","MTMR10"
"2828","POMGNT1"
"2829","TAF5L"
"2830","KLHL42"
"2832","VAMP3"
"2833","DDX55"
"2834","CTDSPL2"
"2835","RPP30"
"2836","SCNM1"
"2837","MDM2"
"2838","SERPINH1"
"2839","TUBB2A"
"2840","PPM1D"
"2841","LCLAT1"
"2842","CTNNBIP1"
"2843","NME1"
"2844","JUN"
"2845","MEGF8"
"2846","COMMD3-BMI1"
"2847","TAP1"
"2848","CHMP1B"
"2849","MAPKBP1"
"2850","ORMDL3"
"2851","CCND1"
"2852","MKRN2"
"2853","VTN"
"2854","LSM4"
"2855","ANKRD40"
"2856","FGFR1"
"2857","GPATCH3"
"2858","NDUFB10"
"2859","ATP2C1"
"2860","MORF4L2"
"2861","CAB39"
"2862","SND1"
"2863","EIF2B5"
"2864","HDAC8"
"2865","RNF215"
"2866","GNS"
"2867","SDHA"
"2868","PHIP"
"2869","CEP85"
"2870","TRIM63"
"2871","MON1B"
"2872","NOP16"
"2873","CARS"
"2874","RPS19"
"2875","PTBP3"
"2876","MVP"
"2877","DRG1"
"2878","MLLT1"
"2879","SMARCA2"
"2880","RABL6"
"2881","OPA1"
"2882","BCL9"
"2883","ITGB5"
"2884","NDFIP1"
"2885","TBC1D9B"
"2886","SLC25A40"
"2887","CEP170B"
"2888","COL16A1"
"2889","ILF3"
"2890","AP3S2"
"2891","POLR3B"
"2892","ERBB3"
"2893","ZNF428"
"2894","EYA4"
"2895","NUP153"
"2896","TVP23B"
"2897","EDEM1"
"2898","COTL1"
"2899","MSMO1"
"2900","TGFA"
"2901","PRKAR1A"
"2902","CD276"
"2903","MRPS26"
"2904","NUCKS1"
"2905","MIEN1"
"2907","PPIA"
"2908","CERS2"
"2909","LDB1"
"2910","NR2C2AP"
"2911","TSKU"
"2912","EIF3C"
"2913","RAD51"
"2914","CAV1"
"2915","DHX30"
"2916","ATF6"
"2917","NES"
"2918","PSMD5"
"2919","ANKH"
"2920","CUEDC1"
"2921","CDK7"
"2922","EZR"
"2923","KIF3B"
"2924","DCAF16"
"2925","CEP170"
"2926","MAP2K7"
"2927","ICK"
"2928","FAM208B"
"2929","PIAS3"
"2930","AGPAT3"
"2931","C5orf51"
"2932","UNG"
"2933","TLE3"
"2934","FBRS"
"2935","UBE2D4"
"2936","SECISBP2"
"2937","MIR148A"
"2938","VPS26A"
"2939","NFKBIZ"
"2940","ATPAF1"
"2941","ERBB2"
"2942","DDX19B"
"2943","CD68"
"2944","PPP6C"
"2945","KIAA0141"
"2946","PIGB"
"2947","MOB1A"
"2948","GTF3C2"
"2949","TK1"
"2950","PNISR"
"2951","NARS"
"2952","NADK"
"2953","MID1"
"2954","CNOT6"
"2955","THOC1"
"2956","COG3"
"2957","ACOX1"
"2958","SNAPC3"
"2959","HNRNPL"
"2960","DPH2"
"2961","AP1G1"
"2962","VAMP2"
"2963","DEPTOR"
"2964","AKT2"
"2965","C16orf59"
"2966","PPARD"
"2967","FKBP5"
"2968","DUSP6"
"2969","HIST1H4J"
"2970","NFS1"
"2971","NDUFV3"
"2972","PPFIA3"
"2973","CERS1"
"2974","KBTBD6"
"2975","DAPK1"
"2976","MIOS"
"2977","TMEM184B"
"2978","CASC3"
"2979","IMPA1"
"2980","SHISA5"
"2981","RBBP6"
"2982","TXNL1"
"2983","HBEGF"
"2984","MAP2K3"
"2985","EPS8"
"2986","CIT"
"2987","TMEM9B"
"2988","ELP3"
"2989","TALDO1"
"2990","USP25"
"2991","ZMYND11"
"2992","MAPK3"
"2993","COMMD2"
"2994","TEAD4"
"2995","RCAN3"
"2996","RAB8B"
"2997","HSP90B1"
"2998","SELT"
"2999","IQGAP1"
"3000","NDEL1"
"3001","CLPP"
"3002","GOSR1"
"3003","SYNM"
"3004","CIC"
"3005","SNRNP48"
"3006","PPP3CA"
"3007","PARVA"
"3008","GINS3"
"3009","FSTL1"
"3010","ZNF512B"
"3011","ELOVL5"
"3012","SKIL"
"3013","ISY1"
"3014","TXLNA"
"3015","BLOC1S6"
"3016","ALDH3A2"
"3017","PHTF2"
"3018","BCAP31"
"3019","ZMIZ1"
"3020","PRDX4"
"3021","PAPD4"
"3022","TMED9"
"3023","HNRNPU"
"3024","RAPGEF2"
"3025","KLC2"
"3026","TMEM115"
"3027","DDX3X"
"3028","ARPC5L"
"3029","SYNCRIP"
"3030","CREG1"
"3031","GSKIP"
"3032","PAK2"
"3033","SESTD1"
"3034","FKBP4"
"3035","SNN"
"3036","ERI1"
"3037","SREK1IP1"
"3038","CDC37"
"3039","MYEF2"
"3040","IARS"
"3041","KNTC1"
"3042","SNRPE"
"3043","TKT"
"3044","B3GAT3"
"3045","KANSL1"
"3046","PBX2"
"3047","NUPL2"
"3048","BAZ1A"
"3049","RPL7"
"3050","STMN3"
"3051","FAM101B"
"3052","CDK8"
"3053","GNAT2"
"3054","MTRF1L"
"3055","PSMC3IP"
"3056","DNAL1"
"3057","TRIP12"
"3058","LYRM2"
"3059","YY1AP1"
"3060","RUNX3"
"3061","CACUL1"
"3062","MIPEP"
"3064","DUS2"
"3065","ETV4"
"3066","SNX3"
"3067","WIZ"
"3068","C9orf114"
"3069","APOBEC3C"
"3070","PEX6"
"3071","GINS2"
"3072","TNKS1BP1"
"3073","AFF1"
"3074","RAD9A"
"3075","UFL1"
"3076","GMPS"
"3077","TAPBP"
"3078","SLC39A14"
"3079","SNAI2"
"3080","CERS4"
"3081","BCL7A"
"3082","PPP1R10"
"3083","MBTPS1"
"3084","HUWE1"
"3085","USP13"
"3086","CREBBP"
"3087","BIRC6"
"3088","WASF1"
"3089","PDXK"
"3090","QTRTD1"
"3091","DNAJB11"
"3092","FPGS"
"3093","CENPT"
"3094","VGF"
"3095","TNFRSF10B"
"3096","RPS7"
"3097","FBXO45"
"3098","EXO1"
"3099","C5orf24"
"3100","PAPOLA"
"3101","PMEL"
"3102","SEC63"
"3103","CEP350"
"3104","ZNF652"
"3105","ACADS"
"3106","OXA1L"
"3107","SEC23B"
"3108","SNX12"
"3109","LMBR1L"
"3110","CLSTN1"
"3111","PYGL"
"3112","WDR70"
"3113","ZCCHC9"
"3114","OXCT1"
"3115","KIF1C"
"3116","IRF2BPL"
"3117","BTG2"
"3118","DPM2"
"3119","SPRYD4"
"3120","KCTD15"
"3121","TBC1D7"
"3122","CDKN2C"
"3123","ATE1"
"3124","TAOK2"
"3125","ABL2"
"3126","ZNF384"
"3127","MCTS1"
"3128","NEK6"
"3130","GOLT1B"
"3131","GYS1"
"3132","CTTN"
"3133","SP1"
"3134","NOL7"
"3135","WARS"
"3136","GPR89A"
"3137","MRPL4"
"3138","OAZ1"
"3139","TPM1"
"3140","TMEM41A"
"3141","FANCL"
"3142","IP6K1"
"3143","SSR1"
"3144","LONRF1"
"3145","WFS1"
"3146","RBM4B"
"3147","SBNO2"
"3148","BCL2L1"
"3149","WDR18"
"3150","CDC7"
"3151","FLNA"
"3152","EMC3"
"3153","ABLIM3"
"3154","MON2"
"3155","SYAP1"
"3156","NBR1"
"3157","ESR1"
"3158","ATP6V1E1"
"3159","COIL"
"3160","RPS6"
"3161","EXTL3"
"3162","PPP1R37"
"3163","CCDC47"
"3164","CDC42BPB"
"3165","PCNA"
"3166","POP1"
"3168","C9orf64"
"3169","TICRR"
"3170","ATP5G1"
"3171","MCM7"
"3172","PHB2"
"3173","ANKRD50"
"3174","ACLY"
"3175","SOS1"
"3176","SLC39A6"
"3177","CRAMP1L"
"3179","FN1"
"3180","FAM3C"
"3181","MFSD1"
"3182","TOLLIP"
"3183","SMCO4"
"3184","UBE2D2"
"3185","NEK7"
"3186","COPZ1"
"3187","BTG1"
"3188","LRIF1"
"3189","IRS2"
"3190","BLM"
"3191","VARS"
"3192","MKI67"
"3193","HNF4A"
"3194","RARS"
"3195","DNM1L"
"3197","DMXL2"
"3198","NUDT19"
"3199","SLC30A6"
"3200","PYCARD"
"3201","EHBP1"
"3202","TAF15"
"3203","SUPT5H"
"3204","SMO"
"3205","SREBF2"
"3207","MTMR1"
"3208","APOE"
"3209","NDUFS6"
"3210","SKA3"
"3211","TAF1C"
"3212","RPS6KA5"
"3213","SEC61A1"
"3214","PIGX"
"3215","MRPS14"
"3216","SEPN1"
"3217","GAA"
"3218","B4GALT2"
"3219","ZBTB38"
"3220","PTP4A2"
"3221","ADM"
"3222","AHI1"
"3223","MAPRE1"
"3224","MCM6"
"3226","EIF3M"
"3227","MOB3A"
"3228","LAMA4"
"3229","MYCBP2"
"3230","APOPT1"
"3231","FKBP1A"
"3232","DYNC1LI2"
"3233","DCAF13"
"3234","TP53I3"
"3235","GTPBP10"
"3236","C2CD5"
"3237","TCF3"
"3238","CTR9"
"3239","MYO9A"
"3240","PTPRF"
"3241","ADRM1"
"3242","CDC42SE1"
"3243","SERINC3"
"3244","RING1"
"3245","IKBKB"
"3246","FAM60A"
"3247","DIABLO"
"3248","ASNS"
"3249","ATG5"
"3250","PSMG4"
"3251","ZC3H11A"
"3252","TAF7"
"3253","STXBP5"
"3255","QRICH1"
"3256","TLDC1"
"3257","ARHGEF10"
"3258","SEMA5A"
"3259","ADCK2"
"3260","PTPRJ"
"3261","TTC33"
"3262","SPTAN1"
"3263","PHF21A"
"3264","RAB35"
"3265","ATXN1L"
"3266","TNIP1"
"3267","C12orf49"
"3268","YTHDC2"
"3269","PAG1"
"3270","AARS"
"3271","GEMIN6"
"3272","TOMM40"
"3273","KTN1"
"3274","GINM1"
"3275","PFKL"
"3276","IVNS1ABP"
"3277","GSTP1"
"3278","SOCS4"
"3279","PSKH1"
"3280","ZNF395"
"3281","FUNDC2"
"3282","CPT2"
"3283","ZNF148"
"3284","HHAT"
"3285","TUBGCP2"
"3286","MTRR"
"3287","ITM2B"
"3288","SLFN11"
"3290","CAD"
"3291","UBLCP1"
"3292","NDE1"
"3294","WASL"
"3295","BAZ1B"
"3296","ANKRD12"
"3297","UBA2"
"3298","FTO"
"3299","DCP1A"
"3300","IL1RAP"
"3301","STAM2"
"3302","PKM"
"3303","PRKCI"
"3304","POU3F2"
"3305","CMSS1"
"3306","ZNF770"
"3307","TPRG1L"
"3308","PTPRG"
"3309","THRAP3"
"3310","ZDHHC6"
"3311","CDC123"
"3313","VAV2"
"3314","ARRB2"
"3315","TMEM8A"
"3316","FOS"
"3317","NSFL1C"
"3318","ARL6IP1"
"3319","FNDC3A"
"3320","CDCA7"
"3321","NPHP3"
"3322","METTL14"
"3323","LATS2"
"3324","GEMIN7"
"3325","HPRT1"
"3326","SCAMP3"
"3327","RPS24"
"3328","MTOR"
"3329","RNF2"
"3330","GNB2L1"
"3331","PANK2"
"3332","FTSJ3"
"3333","CTDP1"
"3334","DNAJC10"
"3335","GABARAPL1"
"3336","PARP9"
"3337","NOSIP"
"3338","PHF20"
"3339","CNOT4"
"3340","HN1L"
"3341","FAM216A"
"3342","TMEM164"
"3343","RPS15"
"3344","DNLZ"
"3345","SLMAP"
"3346","ZSCAN29"
"3347","PTP4A1"
"3348","ROCK1"
"3349","JTB"
"3350","SOCS5"
"3351","ATP11B"
"3353","EGR1"
"3354","PIGG"
"3355","CDK16"
"3356","VBP1"
"3357","ITM2C"
"3358","CBX2"
"3359","TAX1BP3"
"3360","EPB41"
"3361","PSPC1"
"3363","MRPS30"
"3364","HSF2"
"3365","FANCA"
"3366","ZNF544"
"3367","MAP3K10"
"3368","SLC31A1"
"3369","XPR1"
"3370","ARL6IP5"
"3371","MRPL10"
"3372","FOXN3"
"3373","IFI16"
"3374","GPBP1L1"
"3375","VPS35"
"3376","FXYD5"
"3377","RPL9"
"3378","CDK9"
"3379","FAM129A"
"3380","COPA"
"3383","SNX30"
"3384","PURB"
"3385","NAA20"
"3386","JUNB"
"3387","KIAA1586"
"3388","SMARCA1"
"3389","LIMD2"
"3390","CDKN1C"
"3391","GOLIM4"
"3392","SPPL3"
"3394","MAGEF1"
"3395","RPL41"
"3396","ALKBH4"
"3397","VPS52"
"3398","ACACA"
"3399","SSH2"
"3400","TRAIP"
"3401","PNRC1"
"3402","ZNF609"
"3403","PRKD3"
"3404","PDIA4"
"3405","MSN"
"3406","ZNF704"
"3407","TRAF1"
"3408","USP36"
"3409","KIF3A"
"3410","TM4SF1"
"3411","ADI1"
"3412","KAT6A"
"3413","SCAF4"
"3414","NCS1"
"3415","EPHA2"
"3416","BIRC7"
"3417","CEP104"
"3418","ETNK1"
"3420","PMF1"
"3421","PGAM5"
"3422","ZNF562"
"3423","HDGF"
"3424","MCM4"
"3425","CCDC6"
"3426","KIF11"
"3427","CLIP1"
"3428","FIGF"
"3429","DHX33"
"3430","PGK1"
"3431","FLAD1"
"3432","MCC"
"3433","STRN3"
"3434","SPHK2"
"3435","TRAK2"
"3436","SART1"
"3437","CHTF18"
"3438","SH2B3"
"3439","NOL9"
"3440","DPP8"
"3441","PIP5K1A"
"3442","DDX23"
"3443","FAIM"
"3444","CHMP2A"
"3445","CLTC"
"3446","HGF"
"3447","DCT"
"3448","SIRT2"
"3449","AEBP2"
"3450","CD81"
"3451","SMARCA4"
"3453","SLC25A19"
"3454","SSSCA1"
"3455","MIEF1"
"3456","ATP5F1"
"3457","NEU1"
"3458","LIMS1"
"3459","AKAP8"
"3460","INTS10"
"3461","UBXN2B"
"3462","ID3"
"3463","LACTB2"
"3464","NIN"
"3465","ARMC7"
"3466","PPIL1"
"3467","PON2"
"3468","CTNNA1"
"3469","SCAMP4"
"3470","COX15"
"3471","GAS5"
"3472","RPF1"
"3473","IGSF3"
"3474","AMD1"
"3475","PFAS"
"3476","CDH2"
"3477","WWP1"
"3478","SLC35D2"
"3479","MCPH1"
"3480","MMP15"
"3481","EMC2"
"3482","PRKCE"
"3483","TSEN15"
"3484","SUPT16H"
"3485","NAA10"
"3486","RIOK3"
"3487","GMPPA"
"3488","ZNF146"
"3489","ZNF134"
"3490","CTSA"
"3491","MIR222"
"3492","CCNDBP1"
"3493","KPTN"
"3494","JAG1"
"3495","APEH"
"3496","TTC7B"
"3497","UBQLN1"
"3498","RPTOR"
"3499","EPS15"
"3500","RICTOR"
"3501","TXN"
"3502","SLC35C2"
"3504","IQCB1"
"3505","RBM23"
"3506","RGL2"
"3507","STK24"
"3508","EGF"
"3509","EIF5A2"
"3510","BTRC"
"3511","RAB11B"
"3512","ING1"
"3513","TXNDC12"
"3514","SMDT1"
"3515","POLE"
"3516","HABP4"
"3517","PACSIN3"
"3518","NDUFA4"
"3519","BZW1"
"3520","PFN1"
"3521","NUBP2"
"3522","GNAI2"
"3523","MIR25"
"3524","MAPK6"
"3525","WNT7B"
"3526","WDR3"
"3527","C11orf58"
"3528","RPS18"
"3530","ANP32A"
"3531","HDAC7"
"3532","GOLM1"
"3533","SSBP2"
"3534","SPC24"
"3535","VPS13D"
"3536","TOR1AIP1"
"3537","SMARCD1"
"3539","MASTL"
"3540","PDE4DIP"
"3541","TJAP1"
"3542","KPNA1"
"3543","UBTD2"
"3544","REV3L"
"3545","GRAMD4"
"3546","PIP4K2A"
"3547","RARG"
"3548","ALG3"
"3549","IDS"
"3550","NSDHL"
"3552","KLF6"
"3553","PALLD"
"3554","ARID3A"
"3555","MTHFD1L"
"3556","RIOK2"
"3557","SPDL1"
"3558","ABCF3"
"3559","DLAT"
"3560","SNF8"
"3561","CLU"
"3562","U2AF2"
"3563","SGTA"
"3564","TMEM97"
"3565","CHPF2"
"3566","LIG1"
"3567","CCDC25"
"3569","NUP210"
"3570","RPL4"
"3571","TRIM33"
"3572","FAM134A"
"3573","IK"
"3574","MGLL"
"3575","DNAJC5"
"3576","CAMSAP2"
"3577","BAG3"
"3578","F2R"
"3579","SRP19"
"3580","HERPUD2"
"3581","NDUFA5"
"3582","SNRNP200"
"3583","CNDP2"
"3584","HK2"
"3585","DNPEP"
"3586","MLLT4"
"3587","TFAP2C"
"3588","CCDC71"
"3589","ECT2"
"3591","ZNF581"
"3592","PTPRM"
"3594","NBPF15"
"3595","CDK14"
"3596","LAPTM4A"
"3597","RAB4A"
"3598","WASH3P"
"3599","RPA1"
"3600","MYB"
"3601","APOBEC3B"
"3602","PEX1"
"3603","HARS"
"3604","PPA1"
"3605","N4BP1"
"3606","TUBA1B"
"3607","RAB7A"
"3608","EWSR1"
"3609","NIPBL"
"3610","GAK"
"3611","FNIP1"
"3612","TTPAL"
"3613","RSL1D1"
"3614","NOP56"
"3615","DHX16"
"3616","ABCE1"
"3617","GIGYF1"
"3618","STIM1"
"3619","CKAP2"
"3620","MAGEA2B"
"3621","FAM160B2"
"3622","SYNGR2"
"3623","XAF1"
"3624","WWTR1"
"3625","TACC1"
"3626","PREPL"
"3627","MARCH6"
"3628","LIX1L"
"3629","HIF1AN"
"3630","RUSC1"
"3631","LEPROTL1"
"3632","WRNIP1"
"3633","TMBIM1"
"3634","MGMT"
"3635","MYO18A"
"3636","FOXRED1"
"3638","MRPL3"
"3639","SLC25A44"
"3640","GRINA"
"3641","PAWR"
"3642","TUBGCP4"
"3643","LEF1"
"3644","USP28"
"3645","TBC1D4"
"3646","STYX"
"3647","CREBL2"
"3648","DDX10"
"3649","SRGAP2"
"3650","TRIM56"
"3651","BTAF1"
"3652","NBPF14"
"3653","TEX261"
"3654","SMARCD2"
"3655","NELFB"
"3656","DDX46"
"3657","USP54"
"3658","AGBL5"
"3659","MAPK1"
"3660","RBL1"
"3661","CHERP"
"3662","LRRC16A"
"3663","THOP1"
"3664","TMEM241"
"3666","C15orf38-AP3S2"
"3667","ZHX1"
"3668","GOLGA8B"
"3669","POGZ"
"3670","SUN2"
"3671","ENO1"
"3672","CFL1"
"3673","CCNI"
"3674","FLNB"
"3675","STX4"
"3676","ZBTB21"
"3677","GNAI1"
"3678","PGD"
"3679","STARD7"
"3680","PFDN2"
"3681","NFATC3"
"3682","SS18"
"3683","FBXO5"
"3684","AAMP"
"3686","SSFA2"
"3687","ZNF584"
"3688","DBF4"
"3689","FAM120A"
"3690","PLGRKT"
"3691","EED"
"3692","MAP3K14"
"3693","GOLGA3"
"3694","TBL1XR1"
"3695","LDOC1L"
"3696","H3F3B"
"3697","MOCS3"
"3698","CD2BP2"
"3699","NOTCH2"
"3700","NT5C3B"
"3701","TYW3"
"3702","LCOR"
"3703","TERF2"
"3704","RRAS"
"3705","CCNE1"
"3706","MYCBP"
"3707","CSTF2T"
"3709","COX7B"
"3710","METAP2"
"3711","BAP1"
"3712","C2orf68"
"3713","MAFF"
"3714","DMXL1"
"3715","ZW10"
"3716","RWDD1"
"3717","POLR3F"
"3718","ZFAND5"
"3719","CCDC34"
"3720","FOXD3"
"3721","STAG2"
"3722","RBL2"
"3723","LRRC8A"
"3724","ELK4"
"3725","DNASE2"
"3726","CD59"
"3727","DDR1"
"3728","GLRX5"
"3729","TBC1D13"
"3730","CCNK"
"3731","MESDC2"
"3732","APAF1"
"3733","SRRD"
"3734","VPS53"
"3735","CAST"
"3736","C12orf29"
"3737","PRKACA"
"3738","UBE2G1"
"3739","RRM1"
"3740","GNE"
"3741","GLUD1"
"3742","SLC44A1"
"3743","ANXA11"
"3744","H1F0"
"3745","CYFIP2"
"3746","SV2A"
"3747","MARCKS"
"3748","GJB1"
"3749","MALAT1"
"3750","SLC25A30"
"3751","RHOBTB3"
"3752","STRIP1"
"3753","JAZF1"
"3754","UFM1"
"3755","PHPT1"
"3756","NAA30"
"3757","WAC"
"3758","NSMF"
"3759","FN3KRP"
"3760","EXOC6B"
"3761","QSER1"
"3762","TATDN2"
"3763","HELLS"
"3764","ACAA1"
"3765","HLA-A"
"3766","GADD45A"
"3767","KBTBD2"
"3768","ZYX"
"3769","TCF7"
"3770","SEC14L1"
"3771","TMEM185B"
"3772","FEZ2"
"3773","RBM8A"
"3774","NNT"
"3776","MAPK1IP1L"
"3777","SKIV2L2"
"3778","MIER2"
"3779","RALGPS2"
"3780","TRIM23"
"3781","ILF2"
"3782","ZNF740"
"3783","FIP1L1"
"3784","MTMR12"
"3785","REPS1"
"3786","IFIT3"
"3787","PPM1G"
"3788","AAK1"
"3789","YY1"
"3790","DPY19L1"
"3791","MED21"
"3792","MAGEA6"
"3793","JAK1"
"3795","CELF1"
"3796","PSAP"
"3797","RBM22"
"3798","BCL2"
"3799","RAB21"
"3800","FKBP9"
"3801","LIMD1"
"3802","TMF1"
"3803","ARFIP2"
"3804","C20orf24"
"3805","RBM39"
"3806","CS"
"3807","WDR36"
"3808","SNX27"
"3809","NRBF2"
"3810","SQLE"
"3811","PPAPDC1A"
"3812","YWHAZ"
"3813","BLOC1S2"
"3814","RNF20"
"3815","GNAQ"
"3816","GPC1"
"3817","CSNK1G1"
"3818","POC1A"
"3819","CAPZB"
"3820","NFATC2IP"
"3821","TOX4"
"3822","ZCRB1"
"3823","RPRD2"
"3824","SNX7"
"3825","CAPZA1"
"3826","GDF15"
"3827","TIMM23"
"3828","TONSL"
"3829","SMC2"
"3830","BFAR"
"3831","SGK3"
"3832","WAPAL"
"3833","MAP3K13"
"3834","C15orf57"
"3835","HAUS3"
"3836","FZD1"
"3837","DIDO1"
"3838","PLD1"
"3839","CLPTM1L"
"3840","MRPS16"
"3841","TCEB3"
"3842","ATMIN"
"3844","COX20"
"3845","NCOR2"
"3846","DDA1"
"3847","GPBP1"
"3848","NINJ1"
"3849","DYRK1A"
"3850","FUCA1"
"3851","PHACTR4"
"3852","AKAP10"
"3853","GABARAPL2"
"3854","TNF"
"3855","AP5Z1"
"3856","GPN2"
"3857","SLC26A2"
"3858","SORD"
"3859","ARMCX6"
"3860","COPB2"
"3861","NECAP1"
"3862","SET"
"3863","SCRN1"
"3864","SLC12A7"
"3865","HNRNPM"
"3866","SOCS6"
"3867","CCDC115"
"3868","EIF4E2"
"3869","ARPC5"
"3870","JMJD6"
"3871","CEP250"
"3872","RAI14"
"3873","GPR107"
"3874","PPP4C"
"3875","PIK3CA"
"3876","ENTPD4"
"3877","WDR4"
"3878","IGHG2"
"3879","CDC25C"
"3880","WRB"
"3881","NSMAF"
"3882","ADNP"
"3883","GOLPH3"
"3884","ZNF721"
"3885","NDUFB6"
"3886","DNTTIP2"
"3887","ZNF451"
"3888","BCL10"
"3889","PRKCQ"
"3890","NR1D1"
"3891","TMEM184C"
"3892","FUBP3"
"3893","HMGXB3"
"3894","NEK2"
"3895","PRPF6"
"3896","AGPAT6"
"3897","FAM199X"
"3898","CKAP2L"
"3899","RBM25"
"3900","HIST3H2A"
"3902","EMC6"
"3903","BET1"
"3904","GMFB"
"3905","NDST1"
"3906","PRUNE"
"3907","SCYL2"
"3908","GDE1"
"3909","MTPN"
"3910","USP39"
"3911","GNPDA1"
"3912","PAK3"
"3913","ATP5O"
"3914","TMEM120B"
"3915","LBR"
"3916","AURKA"
"3917","UTP14A"
"3918","FGF5"
"3919","ARFGEF2"
"3920","BUB3"
"3921","SLC30A5"
"3922","LRRC28"
"3923","GFER"
"3924","RPLP1"
"3925","MRPL16"
"3926","SDF4"
"3927","NF2"
"3928","ZNF227"
"3930","MCM3"
"3931","ZNF266"
"3932","LTA4H"
"3934","RNF11"
"3935","CROT"
"3936","ZNF707"
"3937","WEE1"
"3938","GNG2"
"3939","NCKIPSD"
"3940","B4GALT3"
"3941","KIFC1"
"3942","NXT2"
"3943","H6PD"
"3944","PA2G4"
"3945","AIP"
"3946","YIPF2"
"3947","MRPS21"
"3948","MIR137"
"3949","CASP3"
"3950","ALDH7A1"
"3951","B3GALNT2"
"3952","RCC1"
"3953","ADH5"
"3954","SIGMAR1"
"3955","PUM2"
"3956","IL10"
"3957","ALS2"
"3958","NUP43"
"3959","ENG"
"3960","GLO1"
"3961","XRCC2"
"3962","PHF8"
"3963","LIMCH1"
"3964","MAML1"
"3965","NR2C2"
"3966","TBC1D14"
"3967","COL4A1"
"3968","ATAD2"
"3969","CHCHD4"
"3970","TANK"
"3971","CLOCK"
"3972","GATAD2A"
"3973","BRPF3"
"3974","DDX20"
"3975","CDC27"
"3976","CTNNAL1"
"3977","CLTB"
"3978","PPP1R11"
"3979","C6orf89"
"3980","GTPBP2"
"3981","RPL27"
"3982","EXOC7"
"3983","MOAP1"
"3984","SMAP1"
"3985","PPRC1"
"3986","RBBP9"
"3987","IQCE"
"3988","AMACR"
"3989","G6PD"
"3990","HSPA5"
"3991","GPD1L"
"3992","IRF9"
"3993","DBR1"
"3994","MTMR14"
"3995","KIF16B"
"3996","ZNF224"
"3997","KDM5A"
"3998","ING2"
"3999","RPF2"
"4000","PDS5A"
"4001","LATS1"
"4002","EMC1"
"4003","VTA1"
"4005","ACOT2"
"4006","UBE2H"
"4009","GPD2"
"4010","HK1"
"4011","LDHA"
"4012","MIR34A"
"4013","MIRLET7B"
"4014","ZSCAN25"
"4015","FAM53C"
"4016","WDFY1"
"4017","UBQLN2"
"4018","DNAJB1"
"4019","CARHSP1"
"4020","MSH2"
"4021","VEZT"
"4022","KIF2C"
"4023","MTO1"
"4024","SLC27A1"
"4025","CAPN7"
"4026","BRD1"
"4027","KIAA0368"
"4028","VASP"
"4029","ABCB9"
"4030","FBXL17"
"4031","EIF2A"
"4032","BHLHE40"
"4033","ARF6"
"4034","RNF149"
"4035","POP4"
"4036","ZFR"
"4037","SSX2IP"
"4038","OPTN"
"4039","DCUN1D5"
"4040","RBM6"
"4041","TMEM161A"
"4042","C2orf69"
"4043","UGP2"
"4044","OSBPL3"
"4046","PBK"
"4047","RHOB"
"4048","PDE12"
"4049","FAF1"
"4050","ITGB1"
"4051","NVL"
"4052","KPNA6"
"4053","TMED4"
"4054","RAB31"
"4055","KLF13"
"4056","MALT1"
"4057","ZSWIM8"
"4058","RRN3"
"4059","QTRT1"
"4060","SLC33A1"
"4061","TMOD3"
"4062","TRMT2A"
"4063","DDAH2"
"4064","GFM2"
"4065","TBL2"
"4066","RIOK1"
"4067","ETV6"
"4068","UBE2I"
"4069","TJP2"
"4070","RBM28"
"4071","RPL8"
"4072","CSNK1G2"
"4073","RSPRY1"
"4074","PAIP1"
"4075","STOML2"
"4076","PRRC2A"
"4077","ISCA2"
"4078","CCDC88A"
"4079","CHD3"
"4080","TCERG1"
"4081","RERE"
"4082","CORO1C"
"4083","KIF5B"
"4084","GGCX"
"4085","PLAGL1"
"4086","ECH1"
"4087","C9orf89"
"4088","PROSER1"
"4089","STXBP1"
"4090","PLXND1"
"4091","C1orf43"
"4092","C10orf32"
"4093","EML4"
"4094","PKN1"
"4095","NCSTN"
"4096","MELK"
"4097","CASKIN2"
"4098","NHLRC3"
"4099","HAUS8"
"4100","ANXA1"
"4101","DVL2"
"4102","PPP3CB"
"4103","PRKACB"
"4104","ST6GAL1"
"4105","GNL1"
"4106","YBX3"
"4107","EPRS"
"4108","UHRF2"
"4109","SLC35B4"
"4110","TMEM160"
"4111","KCTD3"
"4112","ABHD17C"
"4113","PFKM"
"4114","INTS7"
"4115","DVL3"
"4116","SYNGR1"
"4117","WNK1"
"4118","SLC27A4"
"4119","SLC35F6"
"4120","PSRC1"
"4121","CRAT"
"4122","SMCR8"
"4123","N4BP2L2"
"4124","GPI"
"4125","SRC"
"4126","FBXO34"
"4127","GCA"
"4128","USP46"
"4129","ALDH9A1"
"4130","MYO1C"
"4131","FERMT2"
"4132","MAVS"
"4133","PPIL2"
"4134","TIMM9"
"4135","AKAP11"
"4136","FAM3A"
"4137","SMARCA5"
"4138","NRN1"
"4139","KLHDC8B"
"4140","LSM7"
"4141","MFSD3"
"4142","C19orf53"
"4143","PYCRL"
"4144","GPATCH4"
"4145","SYNE1"
"4146","USP29"
"4147","TNRC6B"
"4148","FRMD4B"
"4149","SPATS2"
"4150","HLA-DRB1"
"4151","WHSC1L1"
"4152","PRR11"
"4153","THOC5"
"4154","OSBP"
"4155","PPP1R12A"
"4156","DDX17"
"4158","MCCC2"
"4159","SLC1A5"
"4160","HSPA8"
"4161","YIPF5"
"4162","PFKP"
"4163","RFX7"
"4164","RPAIN"
"4165","ASAH1"
"4166","NID1"
"4167","EVL"
"4168","AP2A1"
"4169","FASLG"
"4170","ARL5A"
"4171","ACAA2"
"4172","IER5"
"4173","PSEN1"
"4174","NCAM1"
"4175","NUP155"
"4176","HNRNPA2B1"
"4177","YWHAQ"
"4178","RBCK1"
"4179","UBFD1"
"4180","TOMM5"
"4181","HSD17B10"
"4182","ATP6V1H"
"4183","MIR193B"
"4184","B2M"
"4185","SUV420H1"
"4186","WDR75"
"4187","STX7"
"4188","ENDOD1"
"4189","RFC5"
"4190","ZBTB22"
"4191","ERRFI1"
"4192","ERCC1"
"4193","DHX37"
"4194","ATF5"
"4195","C9orf40"
"4196","IPO11"
"4197","ATP1B1"
"4198","XYLT2"
"4199","JOSD1"
"4200","VPS72"
"4201","UBR3"
"4202","FKTN"
"4203","GPCPD1"
"4205","TMEM147"
"4206","SEPHS1"
"4207","INTS4"
"4208","VDAC1"
"4209","FKBP1C"
"4210","IPO8"
"4211","ANKIB1"
"4212","USP5"
"4213","COX7A2L"
"4214","MYBL1"
"4215","SOX2"
"4216","FRA10AC1"
"4217","VCL"
"4218","BRD7"
"4219","LTBP3"
"4221","LMCD1"
"4222","ETF1"
"4223","TNFAIP2"
"4224","PISD"
"4225","DAZAP2"
"4226","DNAJC8"
"4227","SUPT7L"
"4228","PDCD4"
"4229","CYP51A1"
"4230","TANGO2"
"4231","R3HDM4"
"4232","NT5C3A"
"4233","ULK1"
"4234","NR3C1"
"4235","SRSF9"
"4236","ECI1"
"4237","KANK2"
"4238","RARS2"
"4239","PKNOX1"
"4240","ANAPC16"
"4241","PFDN4"
"4242","PANK3"
"4243","RNMT"
"4244","CTBP2"
"4245","METAP1"
"4246","TOMM34"
"4247","RPL15"
"4248","PPA2"
"4249","BIN3"
"4250","ERP44"
"4251","PTS"
"4252","STARD13"
"4253","RNF123"
"4254","ARHGDIA"
"4255","STX6"
"4256","SLC38A1"
"4257","FAH"
"4258","C16orf52"
"4259","OGFR"
"4260","EBNA1BP2"
"4261","TTF1"
"4262","MKKS"
"4263","COLGALT1"
"4264","DDX49"
"4265","NOA1"
"4266","GOT1"
"4267","ZNF3"
"4268","DENND5A"
"4269","RTN4"
"4270","FOXN2"
"4271","TWIST1"
"4272","MAP3K4"
"4273","SERINC5"
"4274","EXOC6"
"4275","CNEP1R1"
"4276","LRRC20"
"4277","NETO2"
"4278","PTCD2"
"4279","TDP1"
"4280","SUGT1"
"4282","ZNF205"
"4283","MIR181A1"
"4284","TRAPPC11"
"4285","FAM160A2"
"4286","DHCR7"
"4287","TMEM251"
"4288","CPSF6"
"4289","RPL14"
"4290","MTF2"
"4291","CCND3"
"4292","TSN"
"4293","C1GALT1"
"4294","PAPD7"
"4295","SHOC2"
"4296","FAHD1"
"4297","CIZ1"
"4298","UBE4A"
"4299","PTCD3"
"4300","PCNT"
"4301","MAPK9"
"4302","SFXN1"
"4303","SPR"
"4304","TNS3"
"4305","RNF219"
"4306","FMNL3"
"4307","TAL1"
"4308","ZNF268"
"4309","MED22"
"4310","ENAH"
"4311","RPP38"
"4312","CYB5R3"
"4313","POLD3"
"4314","TRIP11"
"4315","IPP"
"4316","NUPL1"
"4317","AP2M1"
"4318","KNSTRN"
"4319","MRPL44"
"4320","ACSL3"
"4321","BRAP"
"4322","SBNO1"
"4323","SNTB1"
"4324","SERP1"
"4325","PLS3"
"4326","EIF3D"
"4327","ANAPC5"
"4328","MAP2K5"
"4329","SMS"
"4330","FAM192A"
"4331","RPL18A"
"4333","E4F1"
"4334","PCDH7"
"4335","AVL9"
"4336","CKB"
"4337","CLIP4"
"4338","C1D"
"4339","PHC3"
"4340","NAPG"
"4341","SF3B3"
"4342","RPP14"
"4343","CNTRL"
"4344","PGM1"
"4346","SNRPB"
"4347","PRELID1"
"4348","DCTD"
"4349","TCF4"
"4350","AGPAT5"
"4351","DOCK5"
"4352","PLXNB1"
"4353","KXD1"
"4354","EIF1"
"4355","SMIM13"
"4356","GDI1"
"4357","ZNF346"
"4359","APC"
"4360","UBC"
"4361","NME4"
"4362","XPNPEP1"
"4363","IFNAR1"
"4364","HEATR5A"
"4365","TCF20"
"4366","CCDC77"
"4367","MFN1"
"4368","ZFP91"
"4369","NPM3"
"4370","TRAF3IP2"
"4371","FOPNL"
"4372","SLAIN2"
"4373","TRNT1"
"4374","FOXK1"
"4375","CSF1"
"4377","MIR200B"
"4378","SLC17A5"
"4379","RAB23"
"4380","PSMB1"
"4381","RAB13"
"4382","SRI"
"4383","CDC25A"
"4384","ARPC2"
"4385","RALGAPB"
"4386","UBE4B"
"4387","DGCR14"
"4388","STK25"
"4389","MRPL47"
"4390","UBE2J2"
"4392","CTBS"
"4393","LDLR"
"4394","TAOK1"
"4395","ABL1"
"4396","DOCK3"
"4397","PUF60"
"4398","ZFAND6"
"4399","TOP3A"
"4400","INPP4B"
"4401","ELOF1"
"4403","SPTLC1"
"4404","DKK3"
"4405","HNRNPF"
"4406","ATXN7L3"
"4407","SLC9A3R2"
"4408","REST"
"4409","DZIP1"
"4410","NRBP1"
"4411","TPM4"
"4412","MECR"
"4413","RBPJ"
"4414","MYOF"
"4415","SCYL1"
"4416","SLC39A9"
"4417","PEF1"
"4418","RAB11FIP3"
"4419","UQCRFS1"
"4420","DNAJB12"
"4421","G3BP1"
"4422","LARS"
"4423","SPC25"
"4424","MIF"
"4425","ROBO1"
"4426","RDX"
"4427","ZYG11B"
"4428","CLPB"
"4429","PPP2R4"
"4430","TM9SF2"
"4432","DNAJB9"
"4433","MFF"
"4434","PYURF"
"4435","SNX19"
"4436","MKNK2"
"4439","VPS33A"
"4440","SDE2"
"4441","ATRX"
"4442","PIH1D1"
"4443","BCL7C"
"4444","CLUH"
"4445","ARRDC3"
"4446","SLC38A7"
"4447","PCNXL4"
"4448","NRAS"
"4449","BCS1L"
"4450","CERS6"
"4451","MIR21"
"4452","CRTC3"
"4453","CHAF1B"
"4454","USP48"
"4455","MAT2A"
"4456","TACC3"
"4457","UROS"
"4458","RCC2"
"4459","CTSC"
"4460","HAT1"
"4461","APIP"
"4462","E2F7"
"4464","RBM19"
"4465","TMEM41B"
"4466","DOT1L"
"4467","THBS2"
"4469","ATG9A"
"4470","NT5DC2"
"4471","NDUFS5"
"4472","ZNF749"
"4473","FYCO1"
"4474","AMFR"
"4475","CHMP3"
"4476","ACVR1"
"4477","RALB"
"4478","FBXO11"
"4479","HES1"
"4480","ATXN7"
"4481","AASDHPPT"
"4482","TRAF3IP1"
"4483","WDR26"
"4484","BRMS1"
"4485","DDX21"
"4486","TNKS2"
"4487","G3BP2"
"4488","AEN"
"4489","ADIPOR2"
"4490","DNAJC21"
"4492","ARID1B"
"4493","NOP58"
"4494","TPD52L1"
"4495","HSPA2"
"4496","ID4"
"4497","CNN2"
"4498","TRIM44"
"4499","TRIO"
"4500","CENPB"
"4501","TMEM33"
"4502","HIRIP3"
"4503","BRD2"
"4504","PDS5B"
"4505","ABCF1"
"4506","ATF7IP"
"4507","OGFOD1"
"4508","KLHL5"
"4509","CMTR1"
"4510","CMTM6"
"4511","KAT2B"
"4512","MFAP3"
"4513","FASTKD1"
"4514","LUC7L3"
"4515","ATF4"
"4516","NDUFS1"
"4517","PHLDA1"
"4518","TMEM170A"
"4519","RPL35A"
"4520","PSMD8"
"4521","MT2A"
"4522","LGALSL"
"4523","RAB15"
"4524","TIMP2"
"4525","USP7"
"4526","SNRPD1"
"4527","ZBTB4"
"4528","IGF1R"
"4529","HAUS6"
"4531","PDCD10"
"4532","BICD2"
"4533","MTAP"
"4534","HSP90AA1"
"4535","NKRF"
"4536","SMARCD3"
"4537","TACO1"
"4538","NASP"
"4539","CITED2"
"4540","CXorf38"
"4541","GTF3C6"
"4542","MRPL37"
"4543","AGPAT1"
"4544","IFITM3"
"4545","WDR83OS"
"4546","ECHDC1"
"4547","NDRG2"
"4548","PCTP"
"4549","MROH1"
"4550","RAN"
"4551","CDC42SE2"
"4552","GUCD1"
"4553","FAM120AOS"
"4554","YTHDC1"
"4555","EIF3F"
"4556","IDI1"
"4557","ATP5E"
"4558","CYTH3"
"4559","BROX"
"4560","BDP1"
"4561","GIT2"
"4562","PSMG3"
"4563","SERPINB1"
"4564","RHOA"
"4565","DEGS1"
"4566","ANKRD11"
"4568","MTMR3"
"4569","HOXB7"
"4570","TSC22D2"
"4571","EIF4B"
"4572","MCMBP"
"4573","NAV2"
"4574","IFI30"
"4575","AKAP12"
"4576","GAPVD1"
"4577","COPS6"
"4578","NUS1"
"4579","NFIX"
"4580","ZNF598"
"4581","MIR18B"
"4582","ESYT2"
"4583","IMPDH1"
"4584","ARL8B"
"4585","AFF4"
"4587","RRP1"
"4588","BOD1L1"
"4589","ANKRD52"
"4590","XPOT"
"4591","UTRN"
"4592","MAP7D3"
"4593","NAA15"
"4594","TXNDC17"
"4595","MXI1"
"4596","RSBN1L"
"4597","PPP3R1"
"4598","RNF167"
"4599","REV1"
"4600","HNRNPA3"
"4601","MUS81"
"4602","DBNDD2"
"4603","MTHFD1"
"4604","PGRMC2"
"4605","C1orf198"
"4606","MRPS23"
"4607","ZNF385A"
"4608","FBXW7"
"4609","AK2"
"4610","RCAN1"
"4611","TBCA"
"4612","PLAGL2"
"4613","MAFG"
"4614","WBP2"
"4615","STK11"
"4616","SKA1"
"4617","SMEK1"
"4618","GPT2"
"4619","RPS16"
"4620","TWF1"
"4621","NUP62"
"4622","FAM129B"
"4623","RAD51AP1"
"4624","HNRNPH1"
"4625","NOP2"
"4626","SRSF10"
"4627","LSAMP"
"4628","SSU72"
"4629","CDK19"
"4630","SLC37A3"
"4631","SPIN1"
"4632","PTPRZ1"
"4633","BEST1"
"4634","PUM1"
"4635","CSDE1"
"4636","SPTBN2"
"4637","CCP110"
"4638","KDM6B"
"4639","C12orf4"
"4641","TAF1"
"4642","CTHRC1"
"4643","TUFM"
"4644","DNM2"
"4645","PIGU"
"4646","ILKAP"
"4647","THAP5"
"4648","AAGAB"
"4649","GNA12"
"4650","RNF121"
"4651","KIFAP3"
"4652","TFRC"
"4653","TRRAP"
"4654","FMNL2"
"4655","PRPF31"
"4656","LRR1"
"4657","SMG1"
"4658","MED28"
"4659","CSTF1"
"4660","TRMT5"
"4661","LRRC41"
"4662","NDOR1"
"4664","S100A4"
"4665","CD47"
"4666","SCD"
"4668","PLEKHH1"
"4669","KLHL8"
"4670","SREBF1"
"4671","QRSL1"
"4672","MINK1"
"4673","PKNOX2"
"4674","C1orf52"
"4675","CLDN12"
"4676","BBS7"
"4677","TMEM199"
"4678","FGFRL1"
"4679","HSF1"
"4680","IL1B"
"4681","NCAPG"
"4682","ELK1"
"4683","DARS2"
"4684","MBNL2"
"4685","CCNG1"
"4686","TMEM106B"
"4687","SMARCB1"
"4688","INO80C"
"4689","AHR"
"4690","TRIM4"
"4691","WDR33"
"4692","PRPF19"
"4693","SMEK2"
"4694","EIF4E"
"4695","DUSP23"
"4696","SHMT2"
"4697","PAFAH1B3"
"4698","UQCR10"
"4699","PSMD4"
"4700","PEX2"
"4701","TBPL1"
"4702","DTD2"
"4704","FADS1"
"4705","ANP32E"
"4706","UBXN2A"
"4707","P4HA2"
"4708","MINA"
"4709","RNF111"
"4710","RAD21"
"4711","CDC34"
"4712","RMND5A"
"4713","PTTG1"
"4714","ITGAV"
"4715","BTD"
"4716","NIPA1"
"4717","GCC2"
"4718","TRMT13"
"4719","RANBP10"
"4720","BLOC1S3"
"4721","MZT1"
"4722","NR1H3"
"4723","TDG"
"4724","EIF2AK1"
"4725","TPST2"
"4726","CCDC117"
"4727","DHCR24"
"4728","FKBP3"
"4729","SAMD8"
"4730","ARPC3"
"4731","SNX18"
"4732","C16orf62"
"4733","TMEM209"
"4734","CCT7"
"4736","SPEN"
"4737","CCNC"
"4738","SMC5"
"4739","TSFM"
"4740","MYBL2"
"4741","HCFC1"
"4742","DPP7"
"4743","FUBP1"
"4744","RBBP4"
"4745","UBE2C"
"4746","C6orf62"
"4747","USF1"
"4748","YES1"
"4749","ASPSCR1"
"4750","ARGLU1"
"4751","ORMDL2"
"4752","AGO2"
"4753","EIF2S3"
"4754","UHMK1"
"4755","ORC4"
"4756","STOM"
"4757","TRIM16L"
"4758","ITSN2"
"4759","PITPNM1"
"4760","SERTAD3"
"4761","MYBBP1A"
"4762","IL6"
"4763","PLAUR"
"4764","ZNF195"
"4765","KLF16"
"4766","ACTA2"
"4767","PDPK1"
"4768","BTF3L4"
"4769","DDX24"
"4770","HINT1"
"4771","SLC19A2"
"4772","SACS"
"4774","FAM193A"
"4775","FANCD2"
"4776","DENND5B"
"4778","PRNP"
"4779","HEXIM1"
"4780","RBM12B"
"4781","HNRNPD"
"4783","IMMT"
"4784","MIR199A2"
"4785","ZNF532"
"4786","AGGF1"
"4787","HSP90AB1"
"4788","TCEB2"
"4789","GLCE"
"4790","YTHDF3"
"4791","RAB27A"
"4792","SP110"
"4793","PNO1"
"4794","MED6"
"4795","PHLDA2"
"4796","KDELC2"
"4797","ERAL1"
"4798","SARS"
"4799","FHL2"
"4800","HDAC4"
"4801","OSBPL1A"
"4802","DHTKD1"
"4803","GSTK1"
"4804","CHD4"
"4805","CHTOP"
"4806","COG1"
"4807","FLII"
"4808","OCIAD1"
"4809","VPS28"
"4810","ATP13A1"
"4811","FAM43A"
"4812","ARFIP1"
"4813","ICMT"
"4814","LRRC47"
"4815","TNFSF10"
"4816","CNKSR3"
"4817","SNHG16"
"4818","SERTAD2"
"4819","GTF2E1"
"4820","THRA"
"4821","PPFIBP1"
"4822","UBE2J1"
"4823","TMEM63B"
"4824","MTFMT"
"4825","EPG5"
"4826","PNKD"
"4827","MAP4"
"4828","KANSL3"
"4829","NUDT5"
"4830","C17orf85"
"4831","PLOD3"
"4832","TTC9C"
"4833","ELL"
"4834","MPP1"
"4835","AP1S1"
"4836","XPC"
"4837","CYCS"
"4838","SLC9A3R1"
"4839","CDKN3"
"4840","DCUN1D1"
"4841","ICAM1"
"4842","NCAPG2"
"4844","B4GALT6"
"4845","RAB11A"
"4847","NUCB1"
"4848","PAFAH2"
"4849","XIAP"
"4850","ABCD3"
"4851","KIF15"
"4852","DSCR3"
"4853","NOMO3"
"4854","EIF3G"
"4855","KIDINS220"
"4856","SMC1A"
"4857","EPB41L2"
"4859","TXNL4A"
"4860","C11orf54"
"4861","RCOR1"
"4862","CARM1"
"4863","UBAC2"
"4864","HECTD1"
"4865","TMEM50A"
"4866","SP2"
"4867","PDK2"
"4868","MLANA"
"4869","PGM2"
"4870","LAPTM4B"
"4871","SPCS1"
"4872","EGLN1"
"4873","GTF3C3"
"4875","KIAA0196"
"4876","CKS2"
"4877","RAB1A"
"4878","GNB5"
"4879","ADCY1"
"4880","ZNF45"
"4881","GZMB"
"4882","SURF4"
"4883","STAG3L3"
"4884","ZDHHC18"
"4885","CLASP1"
"4886","CBX1"
"4887","CHD7"
"4888","AP3B1"
"4889","SF3B1"
"4890","RASA1"
"4891","FOSB"
"4892","AAAS"
"4893","RRP7A"
"4894","MAP4K2"
"4895","RETSAT"
"4896","BAG4"
"4897","DNAJC19"
"4898","FEM1C"
"4899","RLIM"
"4900","AZI2"
"4901","GIGYF2"
"4902","CKAP5"
"4903","CYP20A1"
"4904","C5orf22"
"4905","TOPBP1"
"4906","MPND"
"4907","TRAF2"
"4908","MIR206"
"4909","ZNF800"
"4910","TMCC1"
"4911","GOLGA7"
"4912","MGA"
"4913","DUS1L"
"4914","SYPL1"
"4915","TRA2B"
"4916","MIR338"
"4917","FDX1"
"4918","GMNN"
"4919","C22orf29"
"4920","PLEKHH3"
"4921","TSPAN13"
"4922","CLSPN"
"4923","GRPEL1"
"4924","RXRA"
"4925","MYO10"
"4926","LGALS1"
"4927","INTS8"
"4928","TPP2"
"4929","KIF14"
"4930","PIP4K2C"
"4931","FAM69B"
"4932","NUDCD3"
"4933","TBC1D1"
"4934","EPB41L3"
"4935","CCNF"
"4936","IGSF8"
"4937","TMEM167A"
"4938","UST"
"4939","EEF2K"
"4940","ANKRD28"
"4941","AREL1"
"4942","RHOG"
"4943","LYSMD3"
"4944","SOAT1"
"4945","SPIRE1"
"4946","ZNF121"
"4947","NFKB1"
"4948","NPRL3"
"4949","ELP6"
"4950","RNF6"
"4951","NTHL1"
"4953","TCEB1"
"4954","CNPPD1"
"4955","SMNDC1"
"4956","PSMC4"
"4957","BCAT2"
"4958","SIRT1"
"4959","POLR1A"
"4961","NUSAP1"
"4962","ZNF827"
"4963","MIR221"
"4964","COX18"
"4965","RBM15B"
"4966","UFSP2"
"4967","TCOF1"
"4968","NME6"
"4969","FUT8"
"4970","GLUL"
"4972","SASH1"
"4973","NR2F6"
"4974","KIAA0556"
"4975","ARPP19"
"4976","NONO"
"4977","TMED5"
"4978","RTCA"
"4979","NQO2"
"4981","SRCAP"
"4982","PTDSS2"
"4983","KAT5"
"4984","ZNF587"
"4985","MGAT5B"
"4986","VCAN"
"4987","RFWD3"
"4988","FAM111A"
"4989","RNGTT"
"4990","COX6B1"
"4991","TOPORS"
"4992","NCOA1"
"4993","AIMP1"
"4994","HMGB1"
"4995","EEF1A1"
"4996","DCTN2"
"4997","IL1A"
"4998","PSIP1"
"4999","CDK4"
"5000","BTBD1"
"5001","BAG1"
"5002","RPL11"
"5003","SLFN12"
"5004","ST14"
"5005","KRCC1"
"5006","FAM134C"
"5007","HSPA1A"
"5008","THBS1"
"5009","NUF2"
"5010","NDUFA7"
"5011","CST3"
"5012","TRAPPC10"
"5013","NUFIP2"
"5014","ATP11A"
"5015","NDUFS2"
"5016","ODC1"
"5017","IRF2BP2"
"5018","CSRNP2"
"5019","BCL6"
"5020","UROD"
"5021","ELMOD2"
"5022","RPL7L1"
"5023","LTN1"
"5024","AP3M1"
"5025","RPL37A"
"5026","C8orf33"
"5027","TUSC3"
"5028","BRI3BP"
"5030","DYNC1H1"
"5031","SUZ12"
"5032","GNG5"
"5033","GOLGA4"
"5034","PAQR3"
"5035","KCTD10"
"5036","VPS54"
"5037","RALA"
"5038","CCNA2"
"5039","EDC3"
"5040","MGST2"
"5041","ATP5J"
"5042","ME2"
"5043","SLC39A10"
"5044","HOOK3"
"5045","EIF1AX"
"5046","NRGN"
"5047","NUP98"
"5048","RIC8A"
"5049","FBXO31"
"5050","GDPD5"
"5051","MOSPD2"
"5052","ZBTB17"
"5053","DBN1"
"5054","YEATS4"
"5055","MARS2"
"5056","RAB6A"
"5057","GNL3L"
"5058","C6orf47"
"5059","KIAA1715"
"5060","SLC25A37"
"5061","BRF1"
"5062","CYSTM1"
"5063","SETD5"
"5064","EIF2B3"
"5066","SNX13"
"5067","IMPAD1"
"5068","SKP1"
"5069","TRAM2"
"5070","PPIC"
"5071","ARMC1"
"5073","NOP14"
"5074","CPD"
"5075","IL6R"
"5076","U2SURP"
"5077","CHSY1"
"5078","THEM6"
"5079","RBBP5"
"5080","SPG20"
"5081","SOS2"
"5082","ACTR1A"
"5083","FAR1"
"5084","ZWINT"
"5085","MDN1"
"5086","TGOLN2"
"5087","OGG1"
"5088","E2F5"
"5089","LRRC40"
"5090","SART3"
"5091","FAM126A"
"5093","LZTS2"
"5094","EIF3CL"
"5095","PAFAH1B1"
"5097","HAUS5"
"5098","ACTL6A"
"5099","ALYREF"
"5100","PRPF39"
"5102","BST2"
"5103","MIRLET7A1"
"5104","NFU1"
"5105","NUP35"
"5106","WBP1L"
"5107","EGLN2"
"5108","MKLN1"
"5109","EDEM3"
"5110","CMAS"
"5111","CMBL"
"5112","IL13RA1"
"5113","LMNB2"
"5116","SAR1A"
"5117","SLC30A9"
"5118","SGOL1"
"5119","TSEN54"
"5120","RNF138"
"5121","YDJC"
"5122","PSMB9"
"5123","CORO7"
"5124","NAA25"
"5125","FLOT1"
"5126","USP9X"
"5127","MED7"
"5128","CRKL"
"5129","CD3EAP"
"5130","CSNK1D"
"5131","NAV1"
"5132","PSMD3"
"5133","TCEA1"
"5134","INO80E"
"5135","FASN"
"5136","MID1IP1"
"5138","TBX2"
"5139","MSI2"
"5140","NDC1"
"5141","INTS5"
"5142","ZC3H7B"
"5143","MIR30D"
"5144","GMPR2"
"5145","IPO9"
"5146","FAM107B"
"5147","AP1AR"
"5150","FAM127B"
"5151","ARL8A"
"5152","DOCK9"
"5153","EARS2"
"5154","ZKSCAN8"
"5155","EIF5A"
"5156","POLR2L"
"5157","UBE2K"
"5158","LRRFIP1"
"5159","CDCA8"
"5160","MORF4L1"
"5161","SEC24B"
"5162","TMEM237"
"5163","C10orf76"
"5164","CBS"
"5165","USP24"
"5166","XPO7"
"5167","KLHDC10"
"5168","ZNF282"
"5169","ISG20L2"
"5170","RAD23B"
"5172","TXNDC5"
"5173","MRI1"
"5174","RAB22A"
"5175","NRP1"
"5176","AP5M1"
"5177","LRP5"
"5178","DDB1"
"5179","DDT"
"5180","MIR155"
"5181","LONP2"
"5182","RANBP6"
"5183","TRAPPC13"
"5184","BCL2L2"
"5185","TYMS"
"5186","SCRIB"
"5187","AHSA2"
"5188","ZNF622"
"5189","DRG2"
"5190","CDC73"
"5191","VMP1"
"5192","NDUFB5"
"5194","MAZ"
"5195","XRN1"
"5196","ZNF639"
"5197","SREK1"
"5198","TFDP1"
"5199","TBX3"
"5200","GALNT11"
"5201","LRP6"
"5202","CYBRD1"
"5203","STRADB"
"5204","APLP2"
"5205","DLEU2"
"5206","CBLL1"
"5207","TTLL12"
"5208","MYO1E"
"5209","ARHGAP31"
"5210","FANCI"
"5211","AP1M1"
"5212","PRKRIR"
"5213","TGFBRAP1"
"5214","CSTF2"
"5215","DENND4B"
"5216","PTGES2"
"5217","PPP2R5E"
"5218","ACSL1"
"5219","NCKAP1"
"5220","ETV3"
"5221","TJP1"
"5223","KIAA0101"
"5224","SPRY2"
"5225","CCT6A"
"5226","PRKCA"
"5227","SOX12"
"5228","ARIH1"
"5229","ARMC10"
"5230","ZMYND8"
"5231","ABT1"
"5232","FSTL3"
"5233","CREBZF"
"5234","SLC9A1"
"5235","ARHGEF18"
"5236","GATC"
"5237","UGGT1"
"5238","ABCB10"
"5240","HMGXB4"
"5241","SLC12A4"
"5242","PVR"
"5243","GCFC2"
"5244","EAF1"
"5245","NKIRAS2"
"5246","RNF40"
"5247","FAM20B"
"5248","BLMH"
"5249","TMEM168"
"5250","RPS4X"
"5251","GPATCH11"
"5253","GNB4"
"5254","COPRS"
"5255","YAP1"
"5256","SLC7A6OS"
"5257","ARHGAP26"
"5258","DSG2"
"5259","ELK3"
"5260","POLD2"
"5261","WDR34"
"5262","IL6ST"
"5263","SLC35A2"
"5264","TRAP1"
"5265","PRDX3"
"5266","NEK9"
"5267","DCAF8"
"5268","CABIN1"
"5269","ARHGAP11A"
"5270","SETD3"
"5272","CDCA2"
"5273","CAMSAP1"
"5274","FADS2"
"5275","KIF18B"
"5276","S100A16"
"5277","PRPF8"
"5278","SLC25A51"
"5279","LIF"
"5280","EIF4A3"
"5281","SEPT7"
"5284","XRN2"
"5285","TMEM201"
"5286","ZER1"
"5287","BLOC1S4"
"5288","SAMD4B"
"5289","STARD3"
"5290","MACF1"
"5291","SEC24A"
"5292","SFT2D2"
"5293","PHC2"
"5294","NOLC1"
"5295","C7orf26"
"5296","KLF10"
"5297","SLC35F5"
"5298","AKR1B1"
"5299","NR4A1"
"5300","CCT4"
"5301","ZNF326"
"5302","MICAL1"
"5303","KIAA1468"
"5304","AIDA"
"5305","RPL24"
"5306","SLC18B1"
"5307","PROS1"
"5308","DUT"
"5309","ADD1"
"5310","MMS19"
"5311","GPRC5A"
"5312","PTPN13"
"5313","PGGT1B"
"5314","OAZ2"
"5315","MECP2"
"5316","ZNHIT6"
"5317","BRCC3"
"5318","KLHL18"
"5319","SP3"
"5320","METTL13"
"5321","NACA"
"5323","ETFA"
"5324","SURF1"
"5325","KLHL22"
"5326","MED19"
"5327","RNF19B"
"5328","DUSP10"
"5329","SOD2"
"5330","ARL2BP"
"5331","NUDT21"
"5333","NOB1"
"5334","SPTSSA"
"5335","SPINT2"
"5336","KRBOX4"
"5337","PKD2"
"5338","CDK5"
"5339","NUDT3"
"5340","VEZF1"
"5341","MLH1"
"5342","TAF1D"
"5343","DNAJC24"
"5344","PRPF40A"
"5345","ENTPD6"
"5346","UBP1"
"5347","CUL5"
"5348","RBM27"
"5349","DEK"
"5350","TNRC18"
"5351","RRM2B"
"5352","HIBADH"
"5353","TBC1D9"
"5354","CPEB1"
"5355","CPM"
"5356","PPTC7"
"5357","PHF14"
"5358","MUT"
"5359","RNF135"
"5360","GTF2I"
"5362","PPID"
"5363","SMCHD1"
"5364","RPL12"
"5365","DNAJC2"
"5366","CAV2"
"5367","PCYT2"
"5368","TOMM20"
"5369","PLEKHA3"
"5370","C15orf52"
"5371","LRRC8D"
"5372","CDH1"
"5373","SRPK2"
"5374","TBC1D10B"
"5375","TPM3"
"5376","CLINT1"
"5377","KDELC1"
"5378","APBB2"
"5379","NCBP2"
"5380","BSG"
"5381","STK39"
"5382","CDKN2B"
"5383","SLC35A1"
"5384","DAZAP1"
"5385","ASB7"
"5386","VAC14"
"5387","CPSF3L"
"5388","KRAS"
"5389","C1orf109"
"5390","KCTD7"
"5391","CXXC5"
"5392","PTPN9"
"5393","PDK1"
"5394","LIN37"
"5395","MED14"
"5396","PAN3"
"5397","IBTK"
"5398","EIF4G2"
"5399","RAB32"
"5400","FKBP14"
"5401","SLC35A5"
"5402","PRRX1"
"5403","KIAA0930"
"5404","MRPL42"
"5406","SLC37A4"
"5407","PDIA6"
"5409","ZNF644"
"5410","MAGEA2"
"5411","RBM26"
"5412","CDK6"
"5413","LSM3"
"5415","C14orf2"
"5416","CEP55"
"5417","COX4I1"
"5418","POLR3A"
"5419","CSRP2"
"5420","IER2"
"5421","BTG3"
"5422","SATB2"
"5423","FAF2"
